inn;predpriyatie;tip;model;vid_fakta;chto_naydeno;ssylka
0274144861;"АКЦИОНЕРНОЕ ОБЩЕСТВО ""БАШКИРАВТОДОР""";компрессор;;машина;Запрос цен для заключения договора поставки винтов ого компрессор а на шасси для обеспечения сжатым воздухом при работе буровой установки УРБ 2А-2Д для нужд УПП – филиал ОАО «Башкиравтодор»;https://zakupki.gov.ru/223/purchase/public/purchase/info/common-info.html?regNumber=31502076784
0560022871;"ОБЩЕСТВО С ОГРАНИЧЕННОЙ ОТВЕТСТВЕННОСТЬЮ ""ГАЗПРОМ ПРОЕКТИРОВАНИЕ""";компрессор;;машина;Поставка стационарного компрессорного агрегата с комплектующими для буровой установки;https://etpgpb.ru/procedures/?search=508447
1001117500;АРБИТРАЖНЫЙ СУД РЕСПУБЛИКИ КАРЕЛИЯ;компрессор;;машина;Поставка с установкой основного компрессор а мультизональной системы кондиционирования GREE GMV-Pdm400W/NaB-M для наружного блока кондиционера системы кондиционирования воздуха в помещениях Арбитражного суда Республики К;https://zakupki.gov.ru/epz/order/notice/ea44/view/common-info.html?regNumber=0106100000623000043
1106013435;"ООО ""БУРСЕРВИС""";ПКС;;машина;нанимает в компрессорное хозяйство: Машинист передвижного компрессора 6 разряда. вакансий за 30 дней 12, города: Омск, Оренбург, Новосибирск, Южно-Сахалинск. кто это: подрядчик (буровые работы (ОКВЭД 70.22), передвижные ;https://hh.ru/vacancy/134821314
1117000011;"АО ""Боксит Тимана""";компрессор;;машина;"Конкурсный отбор поставщика компрессора на буровую установку Atlas-Copco/Epiroc DM-30II по заявке №1108 для АО ""Боксит Тимана"" (id1098563) (2-й этап торгов) (id1101907) машина";https://www.tender.pro/api/tender/1101907/view_public
1117000011;"АО ""Боксит Тимана""";компрессор;;машина;"Конкурсный отбор поставщика компрессора на буровую установку Atlas-Copco/Epiroc DM-30II по заявке №1108 для АО ""Боксит Тимана"" (id1098563) машина";https://www.tender.pro/api/tender/1098563/view_public
1117000011;"АО ""Боксит Тимана""";компрессор;;машина;"Конкурсный отбор поставщика компрессора на буровую установку Atlas-Copco/Epiroc DM-30II по заявке №1108 для АО ""Боксит Тимана"" (id1098563) (2-й этап торгов) (id1101907)";https://www.tender.pro/api/tender/1101907/view_public
1117000011;"АО ""Боксит Тимана""";компрессор;;машина;"Конкурсный отбор поставщика компрессора на буровую установку Atlas-Copco/Epiroc DM-30II по заявке №1108 для АО ""Боксит Тимана"" (id1098563) (2-й этап торгов) (id1101907)";https://www.tender.pro/api/tender/tp_1101907
1117000011;"АО ""Боксит Тимана""";компрессор;;машина;"Конкурсный отбор поставщика компрессора на буровую установку Atlas-Copco/Epiroc DM-30II по заявке №1108 для АО ""Боксит Тимана"" (id1098563)";https://www.tender.pro/api/tender/tp_1098563
1117000011;"АО ""Боксит Тимана""";компрессор;;машина;"Конкурсный отбор поставщика компрессора на буровую установку Atlas-Copco/Epiroc DM-30II по заявке №1108 для АО ""Боксит Тимана"" (id1098563) (2-й этап торгов) (id1101907) [источник: SVOD-tri-sostoyaniya.csv, колонка tekst,";https://zakupki.gov.ru/epz/order/extendedsearch/results.html?searchString=1101907#1117000011
1117000011;"АО ""Боксит Тимана""";компрессор;;машина;"Конкурсный отбор поставщика компрессора на буровую установку Atlas-Copco/Epiroc DM-30II по заявке №1108 для АО ""Боксит Тимана"" (id1098563) [источник: SVOD-tri-sostoyaniya.csv, колонка tekst, Tender.pro, тендер 1098563 ht";https://zakupki.gov.ru/epz/order/extendedsearch/results.html?searchString=1098563#1117000011
1400003086;"ООО ""ЯРК""";компрессор;;узел;Закупка радиатора маслянного компрессора для бурового станка Sandvik Leopard DI650i;https://etpgpb.ru/procedures/?search=ГП547461
1402046014;"Акционерное общество ""ЗОЛОТО СЕЛИГДАРА""";компрессор;;узел;"2607-Буровой станок Atlas Copco DML сменное оборудование/ АО «Золото Селигдара» 2658368086 радиатор компрессора арктический ;; Соответствует запросу “компрессор”";https://www.rts-tender.ru/poisk/id/l4531078-4-12-1/
1433000147;"АК ""АЛРОСА"" (ПАО)";компрессор;КВ10/10;расходник;3478 1433000147 покупает КВ 10/10 тип не установлен 30.01.2014 тендер 168114 Ремонт компрессорной установки КВ 10/10 буровой установки УРБ-2А2 https://www.tender.p;https://www.tender.pro/api/tender/168114/view_public
1434045743;"ООО ""Эльгауголь""";компрессор;;машина;Закупка компрессора винтового в сборе для буровой установки DM45-LP (Atlas Copco) машина;https://etpgpb.ru/procedure/tender/etp/131710-zakupka-kompressora-vintovogo-v-sbore-dlya-burovoy-ustanovki-dm45-lp-atlas-copco/
1434045743;"ООО ""Эльгауголь""";компрессор;;машина;Закупка компрессора винтового в сборе для буровой установки DM45-LP (Atlas Copco);https://etpgpb.ru/procedures/etp/131710-zakupka-kompressora-vintovogo-v-sbore-dlya-burovoy-ustanovki-dm45-lp-atlas-copco/
1434045743;"ООО ""Эльгауголь""";компрессор;;машина;Закупка компрессора винтового в сборе для буровой установки DM45-LP (Atlas Copco);https://etpgpb.ru/procedures/?search=ГП724880
1434045743;"ООО ""Эльгауголь""";компрессор;;машина;Закупка компрессора винтового в сборе для буровой установки DM45-LP (Atlas Copco);https://etpgpb.ru/procedures/?search=ГП724880
1434045743;"ООО ""Эльгауголь""";компрессор;;машина;Закупка компрессора винтового в сборе для буровой установки DM45-LP (Atlas Copco) [источник: etpgpb-loty-vse.csv, колонка predmet https://etpgpb.ru/procedures/etp/131710-zakupka-kompressora-vintovogo-v-sbore-dlya-burovoy;https://etpgpb.ru/procedures/?search=ГП724880#1434045743
1434045743;"ООО ""Эльгауголь""";компрессор;;машина;Закупка компрессора винтового в сборе для буровой установки DM45-LP (Atlas Copco) [источник: SVOD-tri-sostoyaniya.csv, колонка tekst, ЭТП ГПБ, поиск по словам, ЭТП ГПБ, процедура ГП724880 https://etpgpb.ru/procedure/tend;https://zakupki.gov.ru/epz/order/extendedsearch/results.html?searchString=131710#1434045743
1435152770;"АКЦИОНЕРНОЕ ОБЩЕСТВО ""АЛМАЗЫ АНАБАРА""";компрессор;;машина;Поставка установки буровой самоходной УРБ-2Д3 на шасси КАМАЗ-5350,с компрессором Atlas Copco;https://zakupki.gov.ru/223/purchase/public/purchase/info/common-info.html?regNumber=31806234375
1435182365;"Государственное унитарное горно-геологическое предприятие Республики Саха (Якутия) ""Якутскгеология""";компрессор;;машина;Поставка компрессор ных установок ЗИФ ПВ-10/1,0, перфораторов ПП36С2 и их комплектующих для производственных нужд ГУГГП РС(Я) «Якутскгеология»;https://zakupki.gov.ru/223/purchase/public/purchase/info/common-info.html?regNumber=31300724935
1516609782;"ОБЩЕСТВО С ОГРАНИЧЕННОЙ ОТВЕТСТВЕННОСТЬЮ ""ГАЗПРОМ ГАЗОРАСПРЕДЕЛЕНИЕ ВЛАДИКАВКАЗ";компрессор;;машина;Поставка перфораторов, компрессоров;https://zakupki.gov.ru/223/purchase/public/purchase/info/common-info.html?regNumber=32211888948
1516609782;"ОБЩЕСТВО С ОГРАНИЧЕННОЙ ОТВЕТСТВЕННОСТЬЮ ""ГАЗПРОМ ГАЗОРАСПРЕДЕЛЕНИЕ ВЛАДИКАВКАЗ";компрессор;;машина;Поставка перфораторов, компрессоров;https://etpgpb.ru/procedures/?search=32211888948
1644003838;"ПАО ""ТАТНЕФТЬ"" ИМ. В.Д. ШАШИНА";МКС;;машина;В начале 2023 года для буровой ПАО Татнефть была спроектирована и запущена новая модульная компрессорная станция в теплоизолированном цельнометаллическом контейнере 12×3×3 м с маслонаполненным винтовым компрессором Dalga;https://prokazan.ru/important_rt/view/na-burovoj-pao-tatneft-zapustili-novuu-kompressornuu-stanciu
1834034714;"ООО ""БУРОВЫЕ СИСТЕМЫ""";ресивер;;машина;"Воздухосборник подроторного основания GB 150.1-4-2011 зав. № 20151022, Воздухосборник прицепной установки GB 150.1-4-2011, зав. №20151018; Воздухосборник прицепной установки GB 150.1-4-2011 зав. №20151019, принадлежащие ";https://monitor-pb.ru/conclusion/46-%D0%A2%D0%A3-22209-2025
3329038170;"ОТКРЫТОЕ АКЦИОНЕРНОЕ ОБЩЕСТВО ""ВЛАДИМИРСКАЯ ОБЛАСТНАЯ ЭЛЕКТРОСЕТЕВАЯ КОМПАНИЯ""";компрессор;;машина;"Поставка основных средств для нужд ОАО «ВОЭК»: ЛОТ № 1: тепловизоров Flir E5, импульсного рефлектометра РИ-10М2, установки для высоковольтных испытаний ""СКАТ 70""; ЛОТ № 2: компрессора Remeza СБ 4/С-100 LB 30 с комплектую";https://zakupki.gov.ru/223/purchase/public/purchase/info/common-info.html?regNumber=31705033397
3444070534;"ООО ""ЛУКОЙЛ-НИЖНЕВОЛЖСКНЕФТЬ""";компрессор;MМ55;машина;Компрессор MМ55 SS №1, заводской № 2321076, выпуска 2000 года, в составе оборудования бурового комплекса СПБУ «Бриз», до начала применения на опасном производственном объекте «Участок ведения буровых работ (в границах ли;https://monitor-pb.ru/conclusion/39-%D0%A2%D0%A3-04035-2025
3444070534;"ООО ""ЛУКОЙЛ-НИЖНЕВОЛЖСКНЕФТЬ""";компрессор;A219-237;машина;Компрессор A219-237 G1, заводской № 4256Х206, выпуска 1998 года, в составе оборудования бурового комплекса СПБУ «Бриз», до начала применения на опасном производственном объекте «Участок ведения буровых работ (в границах;https://monitor-pb.ru/conclusion/39-%D0%A2%D0%A3-22827-2025
3444070534;"ООО ""ЛУКОЙЛ-НИЖНЕВОЛЖСКНЕФТЬ""";компрессор;MМ55;машина;Компрессор MМ55 SS №2, заводской № 2321077, выпуска 2000 года, в составе оборудования бурового комплекса СПБУ «Бриз», до начала применения на опасном производственном объекте «Участок ведения буровых работ (в границах ли;https://monitor-pb.ru/conclusion/39-%D0%A2%D0%A3-23095-2025
3444070534;"ООО ""ЛУКОЙЛ-НИЖНЕВОЛЖСКНЕФТЬ""";компрессор;MМ55;машина;Компрессор MМ55 SS №3, заводской № 2321075, выпуска 2000 года, в составе оборудования бурового комплекса СПБУ «Бриз», до начала применения на опасном производственном объекте «Участок ведения буровых работ (в границах ли;https://monitor-pb.ru/conclusion/39-%D0%A2%D0%A3-23133-2025
3444070534;"ООО ""ЛУКОЙЛ-НИЖНЕВОЛЖСКНЕФТЬ""";компрессор;С412M;машина;техническое устройство «Компрессор гаражный передвижной модель С412M», зав. № 401, применяемое на опасном производственном объекте «Участок обработки буровых отходов (КТПБ)» IV класса опасности (рег. № А38-03416-0009) ОО;https://monitor-pb.ru/conclusion/34-%D0%A2%D0%A3-785576-2026
3664000885;"ОАО ""ГАЗПРОМ ГАЗОРАСПРЕДЕЛЕНИЕ ВОРОНЕЖ""";компрессор;;машина;"Запрос предложений в электронной форме № 03-165-2021 по отбору организации для поставки товаров по номенклатурной группе: ""Инструменты"" (Генераторы,перфораторы, компрессор)";https://zakupki.gov.ru/223/purchase/public/purchase/info/common-info.html?regNumber=32110355407
3664000885;"ОАО ""ГАЗПРОМ ГАЗОРАСПРЕДЕЛЕНИЕ ВОРОНЕЖ""";компрессор;;машина;"Запрос предложений в электронной форме № 03-165-2021 по отбору организации для поставки товаров по номенклатурной группе: ""Инструменты"" (Генераторы,перфораторы, компрессор)";https://etpgpb.ru/procedures/?search=32110355407
3834002314;ПАО «Коршуновский ГОК»;компрессор;;расходник;Приобретение запасных частей для компрессора Atlas Copco XL1900 бурового станка PitViper PV-275 машина;https://etpgpb.ru/procedure/tender/etp/606008-priobretenie-zapasnyh-chastey-dlya-kompressora-atlas-copco-xl1900-burovogo-stanka-pitviper-pv-275/
3834002314;ПАО «Коршуновский ГОК»;компрессор;;расходник;Приобретение запасных частей для компрессора Atlas Copco XL1900 бурового станка PitViper PV-275;https://etpgpb.ru/procedures/etp/606008-priobretenie-zapasnyh-chastey-dlya-kompressora-atlas-copco-xl1900-burovogo-stanka-pitviper-pv-275/
3834002314;ПАО «Коршуновский ГОК»;компрессор;;расходник;Приобретение запасных частей для компрессора Atlas Copco XL1900 бурового станка PitViper PV-275;https://etpgpb.ru/procedures/?search=ГП250238
3834002314;ПАО «Коршуновский ГОК»;компрессор;;расходник;Приобретение запасных частей для компрессора Atlas Copco XL1900 бурового станка PitViper PV-275;https://etpgpb.ru/procedures/?search=ГП250238
3834002314;ПАО «Коршуновский ГОК»;компрессор;;расходник;Приобретение запасных частей для компрессора Atlas Copco XL1900 бурового станка PitViper PV-275 [источник: etpgpb-loty-vse.csv, колонка predmet https://etpgpb.ru/procedures/etp/606008-priobretenie-zapasnyh-chastey-dlya-k;https://etpgpb.ru/procedures/?search=ГП250238#3834002314
3834002314;ПАО «Коршуновский ГОК»;компрессор;;расходник;Приобретение запасных частей для компрессора Atlas Copco XL1900 бурового станка PitViper PV-275 [источник: SVOD-tri-sostoyaniya.csv, колонка tekst, ЭТП ГПБ, поиск по словам, ЭТП ГПБ, процедура ГП250238 https://etpgpb.ru/;https://zakupki.gov.ru/epz/order/extendedsearch/results.html?searchString=606008#3834002314
3849037856;"ООО ""ИНК-СЕРВИС""";осушитель;V-0,26;машина;Заключение экспертизы промышленной безопасности № 112-340-2025 на техническое устройство, применяемое на опасном производственном объекте: осушитель воздуха V-0,26 м3 зав. № Т332 «Участок ведения буровых работ» рег. № А6;https://monitor-pb.ru/conclusion/38-%D0%A2%D0%A3-599099-2025
4214000608;"ПАО ""ЮЖНЫЙ КУЗБАСС""";компрессорная станция;;расходник;"Поставка фильтрующих элементов для азотных компрессорных станций, к буровой установке МБ70 для ПАО ""Южный Кузбасс""";https://etpgpb.ru/procedures/?search=ГП639979
4214000608;"ПАО ""ЮЖНЫЙ КУЗБАСС""";компрессор;;узел;Приобретение компрессорного блока для буровой установки 3 СБШ 200-60;https://etpgpb.ru/procedures/?search=ГП018353
4214000608;"ПАО ""ЮЖНЫЙ КУЗБАСС""";компрессорная станция;;расходник;"Поставка фильтрующих элементов для азотных компрессорных станций, к буровой установке МБ70 для ПАО ""Южный Кузбасс""";https://etpgpb.ru/procedures/?search=ГП639979
4214000608;"ПАО ""ЮЖНЫЙ КУЗБАСС""";компрессор;;машина;Приобретение компрессорного блока для буровой установки 3 СБШ 200-60;https://etpgpb.ru/procedures/?search=ГП018353
5003026493;"ООО ""ГАЗПРОМ БУРЕНИЕ""";компрессор;;расходник;"ЗИП к буровому насосу НБТ-600; ЗИП к компрессорам Atlas Copco; Комплектующие к насосам буровым машина";https://etpgpb.ru/procedure/tender/etp/949609-zip-k-burovomu-nasosu-nbt-600-zip-k-kompressoram-atlas-copco-komplektuyuschie-k-nasosam-burovym/
5003026493;"ООО ""ГАЗПРОМ БУРЕНИЕ""";компрессор;;расходник;"Запасные части, инструменты и принадлежности к компрессорам Ingersoll-Rand; ЗИП к буровым установкам F-320, F-400 EA/DEA; ЗИП к дизельным установкам Caterpillar; ЗИП к ключам прочим; ЗИП к компрессорам Atlas Copco; ЗИП к";https://etpgpb.ru/procedure/tender/etp/779613-zapasnye-chasti-instrumenty-i-prinadlezhnosti-k-kompressoram-ingersoll-rand-zip-k-burovym-ustanovkam-f-320-f-400-ea-dea-zip-k-dizel
5003026493;"ООО ""ГАЗПРОМ БУРЕНИЕ""";компрессор;;расходник;"Запасные части, инструменты и принадлежности к компрессорам Ingersoll-Rand; ЗИП к дегазаторам Swaco; ЗИП к захватам клиньевым; ЗИП к компрессорам Atlas Copco; ЗИП к лебедкам буровым серии TF; ЗИП к лебедкам ЛБУ; ЗИП к на";https://etpgpb.ru/procedure/tender/etp/685616-zapasnye-chasti-instrumenty-i-prinadlezhnosti-k-kompressoram-ingersoll-rand-zip-k-degazatoram-swaco-zip-k-zahvatam-klinievym-zip-k-
5003026493;"ООО ""ГАЗПРОМ БУРЕНИЕ""";компрессор;;расходник;"Запасные части, инструменты и принадлежности к компрессорам Ingersoll-Rand; ЗИП к дегазаторам Swaco; ЗИП к захватам клиньевым; ЗИП к компрессорам Atlas Copco; ЗИП к лебедкам буровым серии TF; ЗИП к лебедкам ЛБУ; ЗИП к на";https://etpgpb.ru/procedure/tender/etp/688464-zapasnye-chasti-instrumenty-i-prinadlezhnosti-k-kompressoram-ingersoll-rand-zip-k-degazatoram-swaco-zip-k-zahvatam-klinievym-zip-k-
5003026493;"ООО ""ГАЗПРОМ БУРЕНИЕ""";компрессор;;расходник;"ЗИП к буровым насосам Halco; ЗИП к буровым установкам F-320, F-400 EA/DEA; ЗИП к компрессорам Atlas Copco; ЗИП к насосам ВШН машина";https://etpgpb.ru/procedure/tender/etp/872314-zip-k-burovym-nasosam-halco-zip-k-burovym-ustanovkam-f-320-f-400-ea-dea-zip-k-kompressoram-atlas-copco-zip-k-nasosam-vshn/
5003026493;"ООО ""ГАЗПРОМ БУРЕНИЕ""";компрессор;;расходник;"ЗИП к буровому насосу 3NB-1600 Honghua; ЗИП к буровому насосу 3PN-1600/2000 Upetrom; ЗИП к буровому насосу УНБТ-1180; ЗИП к буровым насосам 3NB; ЗИП к компрессорам Atlas Copco; ЗИП к насосам ВШН; ЗИП к центробежному насо";https://etpgpb.ru/procedure/tender/etp/1200527-zip-k-burovomu-nasosu-3nb-1600-honghua-zip-k-burovomu-nasosu-3pn-1600-2000-upetrom-zip-k-burovomu-nasosu-unbt-1180-zip-k-burovym-n
5003026493;"ООО ""ГАЗПРОМ БУРЕНИЕ""";компрессор;;расходник;"ЗИП к буровым насосам Halco; ЗИП к компрессорам Atlas Copco; ЗИП к насосам прочим; ЗИП к центробежному насосу Derrick Premium 250; Устройства дроссельно-запорные и регулирующие (без задвижек) и ЗИП к ним не наша машина";https://etpgpb.ru/procedure/tender/etp/669255-zip-k-burovym-nasosam-halco-zip-k-kompressoram-atlas-copco-zip-k-nasosam-prochim-zip-k-tsentrobezhnomu-nasosu-derrick-premium-250-u
5003026493;"ООО ""ГАЗПРОМ БУРЕНИЕ""";компрессор;;расходник;"ЗИП к буровым установкам F-320, F-400 EA/DEA; ЗИП к захватам клиньевым; ЗИП к компрессорам Atlas Copco; ЗИП к насосам Nemo; ЗИП к насосам прочим; ЗИП к оборудованию Derrick машина";https://etpgpb.ru/procedure/tender/etp/607590-zip-k-burovym-ustanovkam-f-320-f-400-ea-dea-zip-k-zahvatam-klinievym-zip-k-kompressoram-atlas-copco-zip-k-nasosam-nemo-zip-k-nasosa
5003026493;"ООО ""ГАЗПРОМ БУРЕНИЕ""";компрессор;;расходник;"ЗИП к буровым насосам 8Т; ЗИП к буровым установкам ZJ; ЗИП к компрессорам Atlas Copco; ЗИП к лебедкам буровым JC; ЗИП к центробежному насосу Derrick Premium 250; ЗИП к оборудованию Derrick; ЗИП к буровым насосам Halco не";https://etpgpb.ru/procedure/tender/etp/719886-zip-k-burovym-nasosam-8t-zip-k-burovym-ustanovkam-zj-zip-k-kompressoram-atlas-copco-zip-k-lebedkam-burovym-jc-zip-k-tsentrobezhnomu
5003026493;"ООО ""ГАЗПРОМ БУРЕНИЕ""";компрессор;;расходник;"ЗИП и оборудование шкафов управления буровыми установками; ЗИП к компрессорам Atlas Copco; ЗИП к пневмоуправлению буровых установок+; Инструмент и приборы для работы на линиях связи; Клещи измерительные; Коробки монтажны";https://etpgpb.ru/procedure/tender/etp/1008765-zip-i-oborudovanie-shkafov-upravleniya-burovymi-ustanovkami-zip-k-kompressoram-atlas-copco-zip-k-pnevmoupravleniyu-burovyh-ustanov
5003026493;"ООО ""ГАЗПРОМ БУРЕНИЕ""";компрессор;;расходник;"ЗИП к буровому насосу УНБТ-1180; ЗИП к буровому насосу УНБТ-950; ЗИП к захватам клиньевым; ЗИП к компрессорам Atlas Copco; ЗИП к насосам ВШН; ЗИП к насосам прочим; ЗИП к оборудованию Derrick; ЗИП к пневмоуправлению буров";https://etpgpb.ru/procedure/tender/etp/1102955-zip-k-burovomu-nasosu-unbt-1180-zip-k-burovomu-nasosu-unbt-950-zip-k-zahvatam-klinievym-zip-k-kompressoram-atlas-copco-zip-k-nasos
5003026493;"ООО ""ГАЗПРОМ БУРЕНИЕ""";компрессор;;расходник;"ЗИП к дизельным установкам Caterpillar; ЗИП к дизельным установкам Cummins; ЗИП к компрессорам Atlas Copco; ЗИП к устройствам докрепления-раскрепления бурового инструмента; Комплектующие изделия дизелей и дизель-генерато";https://etpgpb.ru/procedure/tender/etp/1025473-zip-k-dizelnym-ustanovkam-caterpillar-zip-k-dizelnym-ustanovkam-cummins-zip-k-kompressoram-atlas-copco-zip-k-ustroystvam-dokreplen
5003026493;"ООО ""ГАЗПРОМ БУРЕНИЕ""";компрессор;;расходник;"ЗИП к буровым насосам Halco; ЗИП к компрессорам Atlas Copco; ЗИП к насосам прочим; ЗИП к центробежному насосу Derrick Premium 250; Устройства дроссельно-запорные и регулирующие (без задвижек) и ЗИП к ним";https://etpgpb.ru/procedures/etp/669255-zip-k-burovym-nasosam-halco-zip-k-kompressoram-atlas-copco-zip-k-nasosam-prochim-zip-k-tsentrobezhnomu-nasosu-derrick-premium-250-ustroystva-drosselno-zapornye-i-reguliruyuschie-bez-zadvizhek-i-zip-k-nim/
5003026493;"ООО ""ГАЗПРОМ БУРЕНИЕ""";компрессор;;расходник;"ЗИП к буровым насосам 8Т; ЗИП к буровым установкам ZJ; ЗИП к компрессорам Atlas Copco; ЗИП к лебедкам буровым JC; ЗИП к центробежному насосу Derrick Premium 250; ЗИП к оборудованию Derrick; ЗИП к буровым насосам Halco";https://etpgpb.ru/procedures/etp/719886-zip-k-burovym-nasosam-8t-zip-k-burovym-ustanovkam-zj-zip-k-kompressoram-atlas-copco-zip-k-lebedkam-burovym-jc-zip-k-tsentrobezhnomu-nasosu-derrick-premium-250-zip-k-oborudovaniyu-derrick-zip-k-burovym-nasosam-halco/
5003026493;"ООО ""ГАЗПРОМ БУРЕНИЕ""";компрессор;;расходник;"ЗИП к буровому насосу 3NB-1600 Honghua; ЗИП к буровому насосу 3PN-1600/2000 Upetrom; ЗИП к буровому насосу УНБТ-1180; ЗИП к буровым насосам 3NB; ЗИП к компрессорам Atlas Copco; ЗИП к насосам ВШН; ЗИП к центробежному насо";https://etpgpb.ru/procedures/etp/1200527-zip-k-burovomu-nasosu-3nb-1600-honghua-zip-k-burovomu-nasosu-3pn-1600-2000-upetrom-zip-k-burovomu-nasosu-unbt-1180-zip-k-burovym-nasosam-3nb-zip-k-kompressoram-atlas-copco-zip-k-nasosam-vshn-zip-k-tsentrobezhnomu-nasosu-derrick-premium-250-komplektuyuschie-dlya-rukavov-burovyh-i-rukavov-vysokogo-davleniya/
5003026493;"ООО ""ГАЗПРОМ БУРЕНИЕ""";компрессор;;расходник;"ЗИП и оборудование шкафов управления буровыми установками; ЗИП к компрессорам Atlas Copco; ЗИП к пневмоуправлению буровых установок+; Инструмент и приборы для работы на линиях связи; Клещи измерительные; Коробки монтажны";https://etpgpb.ru/procedures/etp/1008765-zip-i-oborudovanie-shkafov-upravleniya-burovymi-ustanovkami-zip-k-kompressoram-atlas-copco-zip-k-pnevmoupravleniyu-burovyh-ustanovok-instrument-i-pribory-dlya-raboty-na-liniyah-svyazi-kleschi-izmeritelnye-korobki-montazhnye-metallorukava-nasosy-radioelementy-sredstva-svyazi-prochie/
5003026493;"ООО ""ГАЗПРОМ БУРЕНИЕ""";компрессор;;расходник;"ЗИП и комплектующие к фонтанной арматуре; ЗИП к буровым установкам ZJ; ЗИП к виброситам Derrick; ЗИП к виброситам Swaco; ЗИП к виброситам ВС-1; ЗИП к гидравлическим станциям ГСЭ-200Р-37; ЗИП к дизельным установкам Caterp";https://etpgpb.ru/procedures/etp/1082391-zip-i-komplektuyuschie-k-fontannoy-armature-zip-k-burovym-ustanovkam-zj-zip-k-vibrositam-derrick-zip-k-vibrositam-swaco-zip-k-vibrositam-vs-1-zip-k-gidravlicheskim-stantsiyam-gse-200r-37-zip-k-dizelnym-ustanovkam-caterpillar-zip-k-zadvizhkam-ustievym-i-manifoldnym-zip-k-ilootdelitelyam-derrick-zip-k-kompressoram-atlas-copco-zip-k-konveyeram-shnekovym-zip-k-lebedkam-burovym-jc-zip-k-mobilnym-burovym-ustanovkam-zip-k-oborudovaniyu-canrig-zip-k-peremeshivate
5003026493;"ООО ""ГАЗПРОМ БУРЕНИЕ""";компрессор;;расходник;"ЗИП к буровому насосу НБТ-600; ЗИП к компрессорам Atlas Copco; Комплектующие к насосам буровым";https://etpgpb.ru/procedures/etp/949609-zip-k-burovomu-nasosu-nbt-600-zip-k-kompressoram-atlas-copco-komplektuyuschie-k-nasosam-burovym/
5003026493;"ООО ""ГАЗПРОМ БУРЕНИЕ""";компрессор;;расходник;"Запасные части, инструменты и принадлежности к компрессорам Ingersoll-Rand; ЗИП к буровым установкам F-320, F-400 EA/DEA; ЗИП к дизельным установкам Caterpillar; ЗИП к ключам прочим; ЗИП к компрессорам Atlas Copco; ЗИП к";https://etpgpb.ru/procedures/etp/779613-zapasnye-chasti-instrumenty-i-prinadlezhnosti-k-kompressoram-ingersoll-rand-zip-k-burovym-ustanovkam-f-320-f-400-ea-dea-zip-k-dizelnym-ustanovkam-caterpillar-zip-k-klyucham-prochim-zip-k-kompressoram-atlas-copco-zip-k-nasosam-nemo/
5003026493;"ООО ""ГАЗПРОМ БУРЕНИЕ""";компрессор;;расходник;"Запасные части, инструменты и принадлежности к компрессорам Ingersoll-Rand; ЗИП к дегазаторам Swaco; ЗИП к захватам клиньевым; ЗИП к компрессорам Atlas Copco; ЗИП к лебедкам буровым серии TF; ЗИП к лебедкам ЛБУ; ЗИП к на";https://etpgpb.ru/procedures/etp/685616-zapasnye-chasti-instrumenty-i-prinadlezhnosti-k-kompressoram-ingersoll-rand-zip-k-degazatoram-swaco-zip-k-zahvatam-klinievym-zip-k-kompressoram-atlas-copco-zip-k-lebedkam-burovym-serii-tf-zip-k-lebedkam-lbu-zip-k-nasosam-nemo-zip-k-nasosam-prochim-zip-k-oborudovaniyu-derrick-podshipniki-tela-kacheniya/
5003026493;"ООО ""ГАЗПРОМ БУРЕНИЕ""";компрессор;;расходник;"Запасные части, инструменты и принадлежности к компрессорам Ingersoll-Rand; ЗИП к дегазаторам Swaco; ЗИП к захватам клиньевым; ЗИП к компрессорам Atlas Copco; ЗИП к лебедкам буровым серии TF; ЗИП к лебедкам ЛБУ; ЗИП к на";https://etpgpb.ru/procedures/etp/688464-zapasnye-chasti-instrumenty-i-prinadlezhnosti-k-kompressoram-ingersoll-rand-zip-k-degazatoram-swaco-zip-k-zahvatam-klinievym-zip-k-kompressoram-atlas-copco-zip-k-lebedkam-burovym-serii-tf-zip-k-lebedkam-lbu-zip-k-nasosam-nemo-zip-k-nasosam-prochim-zip-k-oborudovaniyu-derrick-podshipniki-tela-kacheniya/
5003026493;"ООО ""ГАЗПРОМ БУРЕНИЕ""";компрессор;;расходник;"ЗИП к буровым насосам Halco; ЗИП к буровым установкам F-320, F-400 EA/DEA; ЗИП к компрессорам Atlas Copco; ЗИП к насосам ВШН";https://etpgpb.ru/procedures/etp/872314-zip-k-burovym-nasosam-halco-zip-k-burovym-ustanovkam-f-320-f-400-ea-dea-zip-k-kompressoram-atlas-copco-zip-k-nasosam-vshn/
5003026493;"ООО ""ГАЗПРОМ БУРЕНИЕ""";компрессор;;расходник;"ЗИП к дизельным установкам Caterpillar; ЗИП к дизельным установкам Cummins; ЗИП к компрессорам Atlas Copco; ЗИП к устройствам докрепления-раскрепления бурового инструмента; Комплектующие изделия дизелей и дизель-генерато";https://etpgpb.ru/procedures/etp/1025473-zip-k-dizelnym-ustanovkam-caterpillar-zip-k-dizelnym-ustanovkam-cummins-zip-k-kompressoram-atlas-copco-zip-k-ustroystvam-dokrepleniya-raskrepleniya-burovogo-instrumenta-komplektuyuschie-izdeliya-dizeley-i-dizel-generatorov-filtry-zhidkosti/
5003026493;"ООО ""ГАЗПРОМ БУРЕНИЕ""";компрессор;;расходник;"ЗИП к буровым установкам F-320, F-400 EA/DEA; ЗИП к захватам клиньевым; ЗИП к компрессорам Atlas Copco; ЗИП к насосам Nemo; ЗИП к насосам прочим; ЗИП к оборудованию Derrick";https://etpgpb.ru/procedures/etp/607590-zip-k-burovym-ustanovkam-f-320-f-400-ea-dea-zip-k-zahvatam-klinievym-zip-k-kompressoram-atlas-copco-zip-k-nasosam-nemo-zip-k-nasosam-prochim-zip-k-oborudovaniyu-derrick/
5003026493;"ООО ""ГАЗПРОМ БУРЕНИЕ""";компрессор;;расходник;"Диспергаторы и ЗИП; ЗИП и комплектующие к фонтанной арматуре; ЗИП к буровым установкам ZJ; ЗИП к вертлюгам буровым прочим; ЗИП к виброситам Swaco; ЗИП к виброситам ВС-1; ЗИП к гидравлическим станциям ГСЭ-200Р-37; ЗИП к д";https://etpgpb.ru/procedures/etp/950950-dispergatory-i-zip-zip-i-komplektuyuschie-k-fontannoy-armature-zip-k-burovym-ustanovkam-zj-zip-k-vertlyugam-burovym-prochim-zip-k-vibrositam-swaco-zip-k-vibrositam-vs-1-zip-k-gidravlicheskim-stantsiyam-gse-200r-37-zip-k-degazatoru-kaskad-40-zip-k-domkratam-gidravlicheskim-zip-k-ilootdelitelyam-gidrotsiklonnym-ig45m-i-ig45-75-zip-k-kompressoram-atlas-copco-zip-k-lebedkam-lbu-zip-k-nasosam-nemo-zip-k-nasosam-vshn-zip-k-peremeshivatelyam-zip-k-peskootdelitely
5003026493;"ООО ""ГАЗПРОМ БУРЕНИЕ""";компрессор;;расходник;"ЗИП к буровому насосу УНБТ-1180; ЗИП к буровому насосу УНБТ-950; ЗИП к захватам клиньевым; ЗИП к компрессорам Atlas Copco; ЗИП к насосам ВШН; ЗИП к насосам прочим; ЗИП к оборудованию Derrick; ЗИП к пневмоуправлению буров";https://etpgpb.ru/procedures/etp/1102955-zip-k-burovomu-nasosu-unbt-1180-zip-k-burovomu-nasosu-unbt-950-zip-k-zahvatam-klinievym-zip-k-kompressoram-atlas-copco-zip-k-nasosam-vshn-zip-k-nasosam-prochim-zip-k-oborudovaniyu-derrick-zip-k-pnevmoupravleniyu-burovyh-ustanovok-zip-k-shlamovym-nasosam-sb-komplektuyuschie-dlya-rukavov-burovyh-i-rukavov-vysokogo-davleniya-komplektuyuschie-k-nasosam-burovym-oborudovanie-i-sostavnye-chasti-burovyh-ustanovok-podshipniki-rolikovye-radialnye-sfericheskie-podsh
5003026493;"ООО ""ГАЗПРОМ БУРЕНИЕ""";компрессор;;расходник;"ЗИП к буровому насосу 3NB-1600 Honghua; ЗИП к буровому насосу 3PN-1600/2000 Upetrom; ЗИП к буровому насосу УНБТ-1180; ЗИП к буровым насосам 3NB; ЗИП к компрессорам Atlas Copco; ЗИП к насосам ВШН; ЗИП";https://etpgpb.ru/procedure/tender/etp/1200527-zip-k-burovomu-nasosu-3nb-1600-honghua-zip-k-burovomu-nasosu-3pn-1600-2000-upetrom-zip-k-burovomu-nasos
5003026493;"ООО ""ГАЗПРОМ БУРЕНИЕ""";компрессор;;расходник;"ЗИП к буровым насосам Halco; ЗИП к компрессорам Atlas Copco; ЗИП к насосам прочим; ЗИП к центробежному насосу Derrick Premium 250; Устройства дроссельно-запорные и регулирующие (без задвижек) и ЗИП к";https://etpgpb.ru/procedure/tender/etp/669255-zip-k-burovym-nasosam-halco-zip-k-kompressoram-atlas-copco-zip-k-nasosam-prochim-zip-k-tsentrobezhnomu-n
5003026493;"ООО ""ГАЗПРОМ БУРЕНИЕ""";компрессор;;расходник;"ЗИП к буровым насосам 8Т; ЗИП к буровым установкам ZJ; ЗИП к компрессорам Atlas Copco; ЗИП к лебедкам буровым JC; ЗИП к центробежному насосу Derrick Premium 250; ЗИП к оборудованию Derrick; ЗИП к буро";https://etpgpb.ru/procedure/tender/etp/719886-zip-k-burovym-nasosam-8t-zip-k-burovym-ustanovkam-zj-zip-k-kompressoram-atlas-copco-zip-k-lebedkam-burov
5003026493;"ООО ""ГАЗПРОМ БУРЕНИЕ""";ПКС;;машина;нанимает в компрессорное хозяйство: Машинист передвижного компрессора. вакансий за 30 дней 2, города: Уфа, Оренбург. кто это: подрядчик (буровая компания Газпрома, использует только передвижные компрессоры на объектах). ;https://hh.ru/vacancy/131703091
5003026493;"ООО ""ГАЗПРОМ БУРЕНИЕ""";компрессор;;расходник;"ЗИП к дизельным установкам Caterpillar; ЗИП к дизельным установкам Cummins; ЗИП к компрессорам Atlas Copco; ЗИП к устройствам докрепления-раскрепления бурового инструмента; Комплектующие изделия дизел";https://etpgpb.ru/procedures/?search=АП082352
5003026493;"ООО ""ГАЗПРОМ БУРЕНИЕ""";компрессор;;расходник;"ЗИП к генераторам; ЗИП к компрессорам прочим; ЗИП к оборудованию National Oilwell Varco (NOV); ЗИП к пневмоуправлению буровых установок; ЗИП к электродвигателям";https://etpgpb.ru/procedures/?search=АП033896
5003026493;"ООО ""ГАЗПРОМ БУРЕНИЕ""";компрессор;;расходник;"ЗИП к ключам АТТ; ЗИП к компрессорам прочим; ЗИП к мобильным буровым установкам; Инструмент и приборы для работы на линиях связи; Подшипники шариковые радиальные однорядные";https://etpgpb.ru/procedures/?search=АП050237
5003026493;"ООО ""ГАЗПРОМ БУРЕНИЕ""";компрессор;;расходник;"Запасные части, инструменты и принадлежности к компрессорам Ingersoll-Rand; ЗИП к буровым установкам F-320, F-400 EA/DEA; ЗИП к ключам прочим; Подшипники- тела качения";https://etpgpb.ru/procedures/?search=АП030618
5003026493;"ООО ""ГАЗПРОМ БУРЕНИЕ""";компрессор;;расходник;"Запасные части, инструменты и принадлежности к компрессорам Ingersoll-Rand; ЗИП к буровым установкам F-320, F-400 EA/DEA; ЗИП к дизельным установкам Cummins; ЗИП к лебедкам ЛБУ; ЗИП к пневмоуправлению";https://etpgpb.ru/procedures/?search=АП050419
5003026493;"ООО ""ГАЗПРОМ БУРЕНИЕ""";компрессор;;расходник;"Аккумуляторы и аккумуляторные батареи свинцовые (Lead Acid); ЗИП и оборудование шкафов управления буровыми установками; ЗИП к компрессорам прочим; ЗИП к котлам отопительным; ЗИП к устройствам докрепле";https://etpgpb.ru/procedures/?search=АП082179
5003026493;"ООО ""ГАЗПРОМ БУРЕНИЕ""";компрессор;;расходник;"ЗИП к буровому насосу НБТ-600; ЗИП к компрессорам Atlas Copco; Комплектующие к насосам буровым";https://etpgpb.ru/procedures/?search=АП069022
5003026493;"ООО ""ГАЗПРОМ БУРЕНИЕ""";компрессор;;расходник;"ЗИП к дизельным установкам Caterpillar; ЗИП к дизельным установкам Cummins; ЗИП к компрессорам Atlas Copco; ЗИП к устройствам докрепления-раскрепления бурового инструмента; Комплектующие изделия дизелей и дизель-генерато";https://etpgpb.ru/procedures/?search=АП082352
5003026493;"ООО ""ГАЗПРОМ БУРЕНИЕ""";компрессор;;расходник;"ЗИП к буровым насосам Halco; ЗИП к компрессорам Atlas Copco; ЗИП к насосам прочим; ЗИП к центробежному насосу Derrick Premium 250; Устройства дроссельно-запорные и регулирующие (без задвижек) и ЗИП к ним";https://etpgpb.ru/procedures/?search=АП025434
5003026493;"ООО ""ГАЗПРОМ БУРЕНИЕ""";компрессор;;расходник;"ЗИП к буровым насосам 8Т; ЗИП к буровым установкам ZJ; ЗИП к компрессорам Atlas Copco; ЗИП к лебедкам буровым JC; ЗИП к центробежному насосу Derrick Premium 250; ЗИП к оборудованию Derrick; ЗИП к буровым насосам Halco";https://etpgpb.ru/procedures/?search=АП033921
5003026493;"ООО ""ГАЗПРОМ БУРЕНИЕ""";компрессор;;расходник;"ЗИП и оборудование шкафов управления буровыми установками; ЗИП к компрессорам Atlas Copco; ЗИП к пневмоуправлению буровых установок+; Инструмент и приборы для работы на линиях связи; Клещи измерительные; Коробки монтажны";https://etpgpb.ru/procedures/?search=АП079258
5003026493;"ООО ""ГАЗПРОМ БУРЕНИЕ""";компрессор;;расходник;"ЗИП к буровым насосам Halco; ЗИП к буровым установкам F-320, F-400 EA/DEA; ЗИП к компрессорам Atlas Copco; ЗИП к насосам ВШН";https://etpgpb.ru/procedures/?search=АП058604
5003026493;"ООО ""ГАЗПРОМ БУРЕНИЕ""";компрессор;;расходник;"ЗИП к буровым установкам F-320, F-400 EA/DEA; ЗИП к захватам клиньевым; ЗИП к компрессорам Atlas Copco; ЗИП к насосам Nemo; ЗИП к насосам прочим; ЗИП к оборудованию Derrick";https://etpgpb.ru/procedures/?search=АП016709
5003026493;"ООО ""ГАЗПРОМ БУРЕНИЕ""";компрессор;;расходник;"ЗИП к буровому насосу УНБТ-1180; ЗИП к буровому насосу УНБТ-950; ЗИП к захватам клиньевым; ЗИП к компрессорам Atlas Copco; ЗИП к насосам ВШН; ЗИП к насосам прочим; ЗИП к оборудованию Derrick; ЗИП к пневмоуправлению буров";https://etpgpb.ru/procedures/?search=АП094730
5003026493;"ООО ""ГАЗПРОМ БУРЕНИЕ""";компрессор;;расходник;"Запасные части, инструменты и принадлежности к компрессорам Ingersoll-Rand; ЗИП к буровым установкам F-320, F-400 EA/DEA; ЗИП к дизельным установкам Caterpillar; ЗИП к ключам прочим; ЗИП к компрессорам Atlas Copco; ЗИП к";https://etpgpb.ru/procedures/?search=АП045039
5003026493;"ООО ""ГАЗПРОМ БУРЕНИЕ""";компрессор;;расходник;"Запасные части, инструменты и принадлежности к компрессорам Ingersoll-Rand; ЗИП к дегазаторам Swaco; ЗИП к захватам клиньевым; ЗИП к компрессорам Atlas Copco; ЗИП к лебедкам буровым серии TF; ЗИП к лебедкам ЛБУ; ЗИП к на";https://etpgpb.ru/procedures/?search=АП028178
5003026493;"ООО ""ГАЗПРОМ БУРЕНИЕ""";компрессор;;расходник;"Запасные части, инструменты и принадлежности к компрессорам Ingersoll-Rand; ЗИП к дегазаторам Swaco; ЗИП к захватам клиньевым; ЗИП к компрессорам Atlas Copco; ЗИП к лебедкам буровым серии TF; ЗИП к лебедкам ЛБУ; ЗИП к на";https://etpgpb.ru/procedures/?search=АП028591
5003026493;"ООО ""ГАЗПРОМ БУРЕНИЕ""";компрессор;;расходник;"ЗИП к буровому насосу 3NB-1600 Honghua; ЗИП к буровому насосу 3PN-1600/2000 Upetrom; ЗИП к буровому насосу УНБТ-1180; ЗИП к буровым насосам 3NB; ЗИП к компрессорам Atlas Copco; ЗИП к насосам ВШН; ЗИП к центробежному насо";https://etpgpb.ru/procedures/?search=АП112078
5003026493;"ООО ""ГАЗПРОМ БУРЕНИЕ""";компрессор;;расходник;"Запасные части, инструменты и принадлежности к компрессорам ""Шторм""; ЗИП к буровым насосам Halco; ЗИП к насосам 6Ш8; Устройства дроссельно-запорные и регулирующие (без задвижек) и ЗИП к ним";https://etpgpb.ru/procedures/?search=АП055771
5003026493;"ООО ""ГАЗПРОМ БУРЕНИЕ""";компрессор;;машина;"Блоки и источники питания, источники бесперебойного питания (ИБП/UPS); Генераторы; ЗИП к буровым установкам F-320, F-400 EA/DEA; ЗИП к дизельным установкам Caterpillar; ЗИП к ключам STG; ЗИП к мобильным буровым установка";https://etpgpb.ru/procedures/?search=АП042696
5003026493;"ООО ""ГАЗПРОМ БУРЕНИЕ""";компрессор;;расходник;"ЗИП к генераторам; ЗИП к компрессорам прочим; ЗИП к оборудованию National Oilwell Varco (NOV); ЗИП к пневмоуправлению буровых установок; ЗИП к электродвигателям";https://etpgpb.ru/procedures/?search=АП033896
5003026493;"ООО ""ГАЗПРОМ БУРЕНИЕ""";компрессор;;расходник;"Запасные части, инструменты и принадлежности к компрессорам Ingersoll-Rand; ЗИП к буровому насосу 3NB-1600 Honghua; ЗИП к буровым установкам F-320, F-400 EA/DEA; ЗИП к превенторам плашечным прочим; Устройство стыковочное";https://etpgpb.ru/procedures/?search=АП079865
5003026493;"ООО ""ГАЗПРОМ БУРЕНИЕ""";компрессор;;расходник;"ЗИП к ключам АТТ; ЗИП к компрессорам прочим; ЗИП к мобильным буровым установкам; Инструмент и приборы для работы на линиях связи; Подшипники шариковые радиальные однорядные";https://etpgpb.ru/procedures/?search=АП050237
5003026493;"ООО ""ГАЗПРОМ БУРЕНИЕ""";компрессор;;расходник;"ЗИП к буровому насосу УНБТ-1180; ЗИП к буровому насосу УНБТ-950; ЗИП к компрессорам прочим; ЗИП к насосам ВШН; ЗИП к насосам прочим; Насосы";https://etpgpb.ru/procedures/?search=АП033923
5003026493;"ООО ""ГАЗПРОМ БУРЕНИЕ""";компрессор;;расходник;"ЗИП к компрессорам прочим; ЗИП к насосам буровым НБ32 (НБ50), НБ125; Средства связи прочие; Стандарт-титры, ГСО, поверочные газовые смеси; Фильтры жидкости";https://etpgpb.ru/procedures/?search=АП077141
5003026493;"ООО ""ГАЗПРОМ БУРЕНИЕ""";компрессор;;расходник;"Запасные части, инструменты и принадлежности к компрессорам Ingersoll-Rand; ЗИП к буровым установкам F-320, F-400 EA/DEA; ЗИП к ключам прочим; Подшипники- тела качения";https://etpgpb.ru/procedures/?search=АП030618
5003026493;"ООО ""ГАЗПРОМ БУРЕНИЕ""";компрессор;;расходник;"ЗИП к буровому насосу УНБТ-1180; ЗИП к компрессорам прочим; ЗИП к насосам буровым НБ32 (НБ50), НБ125; Стандарт-титры, ГСО, поверочные газовые смеси; Фильтры жидкости";https://etpgpb.ru/procedures/?search=АП082232
5003026493;"ООО ""ГАЗПРОМ БУРЕНИЕ""";компрессор;;расходник;"Запасные части к грузовым автомобилям; Запасные части к тракторам, специальной и дорожной технике; ЗИП к дизельным установкам Caterpillar; ЗИП к дизельным установкам Cummins; ЗИП к компрессорам прочим; ЗИП к мобильным бу";https://etpgpb.ru/procedures/?search=АП090470
5003026493;"ООО ""ГАЗПРОМ БУРЕНИЕ""";компрессор;;расходник;"Запасные части, инструменты и принадлежности к компрессорам Ingersoll-Rand; ЗИП к буровому насосу УНБТ-1600 Уралмаш; ЗИП к насосам Bornemann; ЗИП к насосам прочим; ЗИП к перемешивателям; ЗИП к роторам буровым; Комплектую";https://etpgpb.ru/procedures/?search=АП058603
5003026493;"ООО ""ГАЗПРОМ БУРЕНИЕ""";компрессор;;расходник;"Блоки и источники питания, источники бесперебойного питания (ИБП/UPS); ЗИП к компрессорам прочим; ЗИП к котлам отопительным; ЗИП к мобильным буровым установкам; ЗИП к насосам ВШН; Калориферы; Насосы; Обогреватели промышл";https://etpgpb.ru/procedures/?search=АП055392
5003026493;"ООО ""ГАЗПРОМ БУРЕНИЕ""";компрессор;;расходник;"Запасные части, инструменты и принадлежности к компрессорам Ingersoll-Rand; ЗИП к буровым установкам F-320, F-400 EA/DEA; ЗИП к дизельным установкам Cummins; ЗИП к лебедкам ЛБУ; ЗИП к пневмоуправлению буровых установок; ";https://etpgpb.ru/procedures/?search=АП050419
5003026493;"ООО ""ГАЗПРОМ БУРЕНИЕ""";компрессор;;расходник;"Здания, сооружения, производственные площадки; ЗИП и комплектующие для манифольдов (МПО И МПБ); ЗИП и комплектующие к бензо и электроинструментам; ЗИП к генераторам; ЗИП к компрессорам прочим; ЗИП к пневмоуправлению буро";https://etpgpb.ru/procedures/?search=АП055394
5003026493;"ООО ""ГАЗПРОМ БУРЕНИЕ""";компрессор;;расходник;"Аккумуляторы и аккумуляторные батареи свинцовые (Lead Acid); ЗИП и оборудование шкафов управления буровыми установками; ЗИП к компрессорам прочим; ЗИП к котлам отопительным; ЗИП к устройствам докрепления-раскрепления бур";https://etpgpb.ru/procedures/?search=АП082179
5003026493;"ООО ""ГАЗПРОМ БУРЕНИЕ""";компрессор;;машина;"ЗИП к конвейерам шнековых; ЗИП к лебедкам ЛБУ; ЗИП к пневмоуправлению буровых установок; Оборудование насосно-компрессорное ОС; Подшипники роликовые радиальные сферические";https://etpgpb.ru/procedures/?search=АП069753
5003026493;"ООО ""ГАЗПРОМ БУРЕНИЕ""";компрессор;;машина;ЗИП к насосам буровым и Насосно-компрессорное оборудование 2025;https://etpgpb.ru/procedures/?search=АП101515
5003026493;"ООО ""ГАЗПРОМ БУРЕНИЕ""";компрессор;;машина;"ЗИП к лебедкам буровым серии TF; ЗИП к лебедкам ЛБУ; ЗИП к пневмоуправлению буровых установок; ЗИП к электродвигателям; Канаты из полимерных материалов и комбинированные; Кольца уплотнительные, манжеты; Материалы и масти";https://etpgpb.ru/procedures/?search=АП058605
5003026493;"ООО ""ГАЗПРОМ БУРЕНИЕ""";компрессор;;расходник;"ЗИП к буровым насосам Halco; ЗИП к компрессорам Atlas Copco; ЗИП к насосам прочим; ЗИП к центробежному насосу Derrick Premium 250; Устройства дроссельно-запорные и регулирующие (без задвижек) и ЗИП к ним [источник: etpgp";https://etpgpb.ru/procedures/?search=АП025434#5003026493
5003026493;"ООО ""ГАЗПРОМ БУРЕНИЕ""";компрессор;;расходник;"ЗИП к буровым насосам 8Т; ЗИП к буровым установкам ZJ; ЗИП к компрессорам Atlas Copco; ЗИП к лебедкам буровым JC; ЗИП к центробежному насосу Derrick Premium 250; ЗИП к оборудованию Derrick; ЗИП к буровым насосам Halco [и";https://etpgpb.ru/procedures/?search=АП033921#5003026493
5003026493;"ООО ""ГАЗПРОМ БУРЕНИЕ""";компрессор;;расходник;"ЗИП к буровому насосу 3NB-1600 Honghua; ЗИП к буровому насосу 3PN-1600/2000 Upetrom; ЗИП к буровому насосу УНБТ-1180; ЗИП к буровым насосам 3NB; ЗИП к компрессорам Atlas Copco; ЗИП к насосам ВШН; ЗИП к центробежному насо";https://etpgpb.ru/procedures/?search=АП112078#5003026493
5003026493;"ООО ""ГАЗПРОМ БУРЕНИЕ""";компрессор;;расходник;"ЗИП и оборудование шкафов управления буровыми установками; ЗИП к компрессорам Atlas Copco; ЗИП к пневмоуправлению буровых установок+; Инструмент и приборы для работы на линиях связи; Клещи измерительные; Коробки монтажны";https://etpgpb.ru/procedures/?search=АП079258#5003026493
5003026493;"ООО ""ГАЗПРОМ БУРЕНИЕ""";компрессор;;расходник;"…м Caterpillar; ЗИП к задвижкам устьевым и манифольдным; ЗИП к илоотделителям Derrick; ЗИП к компрессорам Atlas Copco; ЗИП к конвейерам шнековым; ЗИП к лебедкам буровым JC; ЗИП к мобильным буровым установкам; ЗИП к обору";https://etpgpb.ru/procedures/?search=АП091608#5003026493
5003026493;"ООО ""ГАЗПРОМ БУРЕНИЕ""";компрессор;;расходник;"ЗИП к буровому насосу НБТ-600; ЗИП к компрессорам Atlas Copco; Комплектующие к насосам буровым [источник: etpgpb-loty-vse.csv, колонка predmet https://etpgpb.ru/procedures/etp/949609-zip-k-burovomu-nasosu-nbt-600-zip-k-k";https://etpgpb.ru/procedures/?search=АП069022#5003026493
5003026493;"ООО ""ГАЗПРОМ БУРЕНИЕ""";компрессор;;расходник;"Запасные части, инструменты и принадлежности к компрессорам Ingersoll-Rand; ЗИП к буровым установкам F-320, F-400 EA/DEA; ЗИП к дизельным установкам Caterpillar; ЗИП к ключам прочим; ЗИП к компрессорам Atlas Copco; ЗИП к";https://etpgpb.ru/procedures/?search=АП045039#5003026493
5003026493;"ООО ""ГАЗПРОМ БУРЕНИЕ""";компрессор;;расходник;"Запасные части, инструменты и принадлежности к компрессорам Ingersoll-Rand; ЗИП к дегазаторам Swaco; ЗИП к захватам клиньевым; ЗИП к компрессорам Atlas Copco; ЗИП к лебедкам буровым серии TF; ЗИП к лебедкам ЛБУ; ЗИП к на";https://etpgpb.ru/procedures/?search=АП028178#5003026493
5003026493;"ООО ""ГАЗПРОМ БУРЕНИЕ""";компрессор;;расходник;"Запасные части, инструменты и принадлежности к компрессорам Ingersoll-Rand; ЗИП к дегазаторам Swaco; ЗИП к захватам клиньевым; ЗИП к компрессорам Atlas Copco; ЗИП к лебедкам буровым серии TF; ЗИП к лебедкам ЛБУ; ЗИП к на";https://etpgpb.ru/procedures/?search=АП028591#5003026493
5003026493;"ООО ""ГАЗПРОМ БУРЕНИЕ""";компрессор;;расходник;"ЗИП к буровым насосам Halco; ЗИП к буровым установкам F-320, F-400 EA/DEA; ЗИП к компрессорам Atlas Copco; ЗИП к насосам ВШН [источник: etpgpb-loty-vse.csv, колонка predmet https://etpgpb.ru/procedures/etp/872314-zip-k-b";https://etpgpb.ru/procedures/?search=АП058604#5003026493
5003026493;"ООО ""ГАЗПРОМ БУРЕНИЕ""";компрессор;;расходник;"ЗИП к дизельным установкам Caterpillar; ЗИП к дизельным установкам Cummins; ЗИП к компрессорам Atlas Copco; ЗИП к устройствам докрепления-раскрепления бурового инструмента; Комплектующие изделия дизелей и дизель-генерато";https://etpgpb.ru/procedures/?search=АП082352#5003026493
5003026493;"ООО ""ГАЗПРОМ БУРЕНИЕ""";компрессор;;расходник;"ЗИП к буровым установкам F-320, F-400 EA/DEA; ЗИП к захватам клиньевым; ЗИП к компрессорам Atlas Copco; ЗИП к насосам Nemo; ЗИП к насосам прочим; ЗИП к оборудованию Derrick [источник: etpgpb-loty-vse.csv, колонка predmet";https://etpgpb.ru/procedures/?search=АП016709#5003026493
5003026493;"ООО ""ГАЗПРОМ БУРЕНИЕ""";компрессор;;расходник;"… ЗИП к домкратам гидравлическим; ЗИП к илоотделителям гидроциклонным ИГ45М и ИГ45/75; ЗИП к компрессорам Atlas Copco; ЗИП к лебедкам ЛБУ; ЗИП к насосам Nemo; ЗИП к насосам ВШН; ЗИП к перемешивателям; ЗИП к пескоотделите";https://etpgpb.ru/procedures/?search=АП069199#5003026493
5003026493;"ООО ""ГАЗПРОМ БУРЕНИЕ""";компрессор;;расходник;"… буровому насосу УНБТ-1180; ЗИП к буровому насосу УНБТ-950; ЗИП к захватам клиньевым; ЗИП к компрессорам Atlas Copco; ЗИП к насосам ВШН; ЗИП к насосам прочим; ЗИП к оборудованию Derrick; ЗИП к пневмоуправлению буровых у";https://etpgpb.ru/procedures/?search=АП094730#5003026493
5003026493;"ООО ""ГАЗПРОМ БУРЕНИЕ""";компрессор;;расходник;"ЗИП к буровому насосу НБТ-600; ЗИП к компрессорам Atlas Copco; Комплектующие к насосам буровым [источник: SVOD-tri-sostoyaniya.csv, колонка tekst, ЭТП ГПБ, поиск по словам, ЭТП ГПБ, процедура АП069022 https://etpgpb.ru/p";https://zakupki.gov.ru/epz/order/extendedsearch/results.html?searchString=949609#5003026493
5003026493;"ООО ""ГАЗПРОМ БУРЕНИЕ""";компрессор;;расходник;"Запасные части, инструменты и принадлежности к компрессорам Ingersoll-Rand; ЗИП к буровым установкам F-320, F-400 EA/DEA; ЗИП к дизельным установкам Caterpillar; ЗИП к ключам прочим; ЗИП к компрессорам Atlas Copco; ЗИП к";https://zakupki.gov.ru/epz/order/extendedsearch/results.html?searchString=779613#5003026493
5003026493;"ООО ""ГАЗПРОМ БУРЕНИЕ""";компрессор;;расходник;"Запасные части, инструменты и принадлежности к компрессорам Ingersoll-Rand; ЗИП к дегазаторам Swaco; ЗИП к захватам клиньевым; ЗИП к компрессорам Atlas Copco; ЗИП к лебедкам буровым серии TF; ЗИП к лебедкам ЛБУ; ЗИП к на";https://zakupki.gov.ru/epz/order/extendedsearch/results.html?searchString=685616#5003026493
5003026493;"ООО ""ГАЗПРОМ БУРЕНИЕ""";компрессор;;расходник;"Запасные части, инструменты и принадлежности к компрессорам Ingersoll-Rand; ЗИП к дегазаторам Swaco; ЗИП к захватам клиньевым; ЗИП к компрессорам Atlas Copco; ЗИП к лебедкам буровым серии TF; ЗИП к лебедкам ЛБУ; ЗИП к на";https://zakupki.gov.ru/epz/order/extendedsearch/results.html?searchString=688464#5003026493
5003026493;"ООО ""ГАЗПРОМ БУРЕНИЕ""";компрессор;;расходник;"ЗИП к буровым насосам Halco; ЗИП к буровым установкам F-320, F-400 EA/DEA; ЗИП к компрессорам Atlas Copco; ЗИП к насосам ВШН [источник: SVOD-tri-sostoyaniya.csv, колонка tekst, ЭТП ГПБ, поиск по словам, ЭТП ГПБ, процедур";https://zakupki.gov.ru/epz/order/extendedsearch/results.html?searchString=872314#5003026493
5003026493;"ООО ""ГАЗПРОМ БУРЕНИЕ""";компрессор;;расходник;"ЗИП к буровому насосу 3NB-1600 Honghua; ЗИП к буровому насосу 3PN-1600/2000 Upetrom; ЗИП к буровому насосу УНБТ-1180; ЗИП к буровым насосам 3NB; ЗИП к компрессорам Atlas Copco; ЗИП к насосам ВШН; ЗИП к центробежному насо";https://zakupki.gov.ru/epz/order/extendedsearch/results.html?searchString=1200527#5003026493
5003026493;"ООО ""ГАЗПРОМ БУРЕНИЕ""";компрессор;;расходник;"ЗИП к буровым насосам Halco; ЗИП к компрессорам Atlas Copco; ЗИП к насосам прочим; ЗИП к центробежному насосу Derrick Premium 250; Устройства дроссельно-запорные и регулирующие (без задвижек) и ЗИП к ним [источник: SVOD-";https://zakupki.gov.ru/epz/order/extendedsearch/results.html?searchString=669255#5003026493
5003026493;"ООО ""ГАЗПРОМ БУРЕНИЕ""";компрессор;;расходник;"ЗИП к буровым установкам F-320, F-400 EA/DEA; ЗИП к захватам клиньевым; ЗИП к компрессорам Atlas Copco; ЗИП к насосам Nemo; ЗИП к насосам прочим; ЗИП к оборудованию Derrick [источник: SVOD-tri-sostoyaniya.csv, колонка te";https://zakupki.gov.ru/epz/order/extendedsearch/results.html?searchString=607590#5003026493
5003026493;"ООО ""ГАЗПРОМ БУРЕНИЕ""";компрессор;;расходник;"ЗИП к буровым насосам 8Т; ЗИП к буровым установкам ZJ; ЗИП к компрессорам Atlas Copco; ЗИП к лебедкам буровым JC; ЗИП к центробежному насосу Derrick Premium 250; ЗИП к оборудованию Derrick; ЗИП к буровым насосам Halco [и";https://zakupki.gov.ru/epz/order/extendedsearch/results.html?searchString=719886#5003026493
5003026493;"ООО ""ГАЗПРОМ БУРЕНИЕ""";компрессор;;расходник;"ЗИП и оборудование шкафов управления буровыми установками; ЗИП к компрессорам Atlas Copco; ЗИП к пневмоуправлению буровых установок+; Инструмент и приборы для работы на линиях связи; Клещи измерительные; Коробки монтажны";https://zakupki.gov.ru/epz/order/extendedsearch/results.html?searchString=1008765#5003026493
5003026493;"ООО ""ГАЗПРОМ БУРЕНИЕ""";компрессор;;расходник;"ЗИП к буровому насосу УНБТ-1180; ЗИП к буровому насосу УНБТ-950; ЗИП к захватам клиньевым; ЗИП к компрессорам Atlas Copco; ЗИП к насосам ВШН; ЗИП к насосам прочим; ЗИП к оборудованию Derrick; ЗИП к пневмоуправлению буров";https://zakupki.gov.ru/epz/order/extendedsearch/results.html?searchString=1102955#5003026493
5003026493;"ООО ""ГАЗПРОМ БУРЕНИЕ""";компрессор;;расходник;"ЗИП к дизельным установкам Caterpillar; ЗИП к дизельным установкам Cummins; ЗИП к компрессорам Atlas Copco; ЗИП к устройствам докрепления-раскрепления бурового инструмента; Комплектующие изделия дизелей и дизель-генерато";https://zakupki.gov.ru/epz/order/extendedsearch/results.html?searchString=1025473#5003026493
5610058025;"ООО ""ГАЗПРОМ ДОБЫЧА ОРЕНБУРГ""";компрессорная станция;;машина;ООО «Газпром добыча Оренбург» реализует масштабную реконструкцию дожимных компрессорных станций №1 и №2 газопромыслового управления на Оренбургском НГКМ — проект рассчитан на 5 лет и включает 13 отдельных этапов с целью ;https://neftegazpro.ru/genpodryadchiki/masshtabnaya-rekonstrukciya-dozhimnykh-kompressornykh-stancii-na-orenburgskom-ngkm-svarochno-montazhnyi-trest-uchastvuet-v-stroitelstve-dks-1-i-2
6311079117;"ОБЩЕСТВО С ОГРАНИЧЕННОЙ ОТВЕТСТВЕННОСТЬЮ ""АРГОС""";ПКС;;машина;нанимает в компрессорное хозяйство: Электромонтер по обслуживанию буровых 5 разряда. вакансий за 30 дней 12, города: Уфа, Пермь, Оренбург, Казань. кто это: подрядчик (Буровая компания, использует передвижные компрессоры ;https://hh.ru/vacancy/135683439
7107040552;"ФЕДЕРАЛЬНОЕ КАЗЕННОЕ УЧРЕЖДЕНИЕ ""ИСПРАВИТЕЛЬНАЯ КОЛОНИЯ № 2 УПРАВЛЕНИЯ ФЕДЕРАЛЬНОЙ СЛУЖБЫ ИСПОЛНЕНИЯ НАКАЗАНИЙ ПО ТУЛЬСКОЙ ОБЛАСТИ""";компрессор;;машина;"Перфоратор электрический Makita HR2470 или эквивалент; Дрель Makita DP 4011 или эквивалент; Лобзик Makita 4350 FCT или эквивалент; Перфоратор Makita HR4013C большой или эквивалент; Угловая шлифмашина Makita 9565 CV 125мм";https://zakupki.gov.ru/epz/order/notice/ea44/view/common-info.html?regNumber=0366100005818000048
7116000066;"АО ""НАК ""АЗОТ""";компрессор;SM-6000;узел;техническое устройство: доохладитель воздуха компрессора «Samsung SM-6000», заводской №DM011-0190-1, эксплуатируемый в АО «НАК «Азот», цех РВ и МЦК (отделение Р и ОВ);https://monitor-pb.ru/conclusion/11-%D0%A2%D0%A3-13902-2022
7604108240;"АО ""НПЦ ""НЕДРА""";осушитель;;расходник;Поставка ЗИП для осушителя воздуха буровой установки F400 объекта Гыданская ПС 118, 2 этап;https://zakupki.gov.ru/223/purchase/public/purchase/info/common-info.html?regNumber=32312576155
7604108240;"АО ""НПЦ ""НЕДРА""";осушитель;;расходник;Поставка ЗИП для осушителя воздуха буровой установки F400 объекта Гыданская ПС 118, 2 этап;https://etpgpb.ru/procedures/?search=32312576155
7701924275;"ООО ""УК ""КОЛМАР""";компрессор;;машина;"Поставка компрессора 2658357465 для бур. станка Atlas Copco DM45 для АО ""ГОК ""Инаглинский"" (35718) машина";https://etpgpb.ru/procedure/tender/etp/479185-postavka-kompressora-2658357465-dlya-bur-stanka-atlas-copco-dm45-dlya-ao-gok-inaglinskiy-35718/
7701924275;"ООО ""УК ""КОЛМАР""";компрессор;;машина;"Поставка компрессора 2658357465 для бур. станка Atlas Copco DM45 для АО ""ГОК ""Инаглинский"" (35718)";https://etpgpb.ru/procedures/etp/479185-postavka-kompressora-2658357465-dlya-bur-stanka-atlas-copco-dm45-dlya-ao-gok-inaglinskiy-35718/
7701924275;"ООО ""УК ""КОЛМАР""";компрессор;;машина;"Поставка компрессора 2658357465 для бур. станка Atlas Copco DM45 для АО ""ГОК ""Инаглинский"" (35718)";https://etpgpb.ru/procedures/?search=ГП176010
7701924275;"ООО ""УК ""КОЛМАР""";компрессор;;машина;"Поставка компрессора 2658357465 для бур. станка Atlas Copco DM45 для АО ""ГОК ""Инаглинский"" (35718)";https://etpgpb.ru/procedures/?search=ГП176010
7701924275;"ООО ""УК ""КОЛМАР""";компрессор;;машина;"Поставка компрессора 2658357465 для бур. станка Atlas Copco DM45 для АО ""ГОК ""Инаглинский"" (35718) [источник: etpgpb-loty-vse.csv, колонка predmet https://etpgpb.ru/procedures/etp/479185-postavka-kompressora-2658357465-d";https://etpgpb.ru/procedures/?search=ГП176010#7701924275
7701924275;"ООО ""УК ""КОЛМАР""";компрессор;;машина;"Поставка компрессора 2658357465 для бур. станка Atlas Copco DM45 для АО ""ГОК ""Инаглинский"" (35718) [источник: SVOD-tri-sostoyaniya.csv, колонка tekst, ЭТП ГПБ, поиск по словам, ЭТП ГПБ, процедура ГП176010 https://etpgpb.";https://zakupki.gov.ru/epz/order/extendedsearch/results.html?searchString=479185#7701924275
7706613770;"ООО ""РН-БУРЕНИЕ""";компрессор;ZJ50DB;машина;_Компрессор QTD буровой установки ZJ50DB зав. № QT20114___;https://monitor-pb.ru/conclusion/56-%D0%A2%D0%A3-714345-2026
7706613770;"ООО ""РН-БУРЕНИЕ""";компрессор;ZJ50DB;машина;Компрессор QTD буровой установки ZJ50DB зав. № QT21108_______;https://monitor-pb.ru/conclusion/56-%D0%A2%D0%A3-714355-2026
7706613770;"ООО ""РН-БУРЕНИЕ""";ресивер;;машина;"на техническое устройство: воздухосборник, заводской № 1013, регистрационный № 1784-НЮ, эксплуатируемое на опасном производственном объекте ""Участок ведения буровых работ Губкинский филиал ООО ""РН-Бурение"""", рег. №А01-08";https://monitor-pb.ru/conclusion/59-%D0%A2%D0%A3-20584-2025
7706613770;"ООО ""РН-БУРЕНИЕ""";ресивер;;машина;"на техническое устройство: воздухосборник, заводской № 1012, регистрационный № 1783-НЮ, эксплуатируемое на опасном производственном объекте ""Участок ведения буровых работ Губкинский филиал ООО ""РН-Бурение"""", рег. №А01-08";https://monitor-pb.ru/conclusion/59-%D0%A2%D0%A3-20640-2025
7706613770;"ООО ""РН-БУРЕНИЕ""";ресивер;;машина;"на техническое устройство: воздухосборник, заводской № 1010, регистрационный № 1781-НЮ, эксплуатируемое на опасном производственном объекте ""Участок ведения буровых работ Губкинский филиал ООО ""РН-Бурение"""", рег. №А01-08";https://monitor-pb.ru/conclusion/59-%D0%A2%D0%A3-20755-2025
7706613770;"ООО ""РН-БУРЕНИЕ""";ресивер;;машина;на техническое устройство: воздухосборник, заводской № 1011, регистрационный № 1782-НЮ, эксплуатируемое на опасном производственном объекте «Участок ведения буровых работ Губкинского филиала ООО «РН-Бурение»», рег. №А01-;https://monitor-pb.ru/conclusion/59-%D0%A2%D0%A3-20838-2025
7706613770;"ООО ""РН-БУРЕНИЕ""";осушитель;ОСВ 15/12-М;машина;на техническое устройство: Осушитель сжатого воздуха ОСВ 15/12-М, заводской № 90, регистрационный № 112, эксплуатируемое на опасном производственном объекте «Участок ведения буровых работ Губкинского филиала ООО «РН-Буре;https://monitor-pb.ru/conclusion/59-%D0%A2%D0%A3-32516-2025
7706613770;"ООО ""РН-БУРЕНИЕ""";ресивер;;машина;"на техническое устройство: воздухосборник, заводской № 1010, регистрационный № 1781-НЮ, эксплуатируемое на опасном производственном объекте ""Участок ведения буровых работ Губкинский филиал ООО ""РН-Бурение"""", рег. №А01-08";https://monitor-pb.ru/conclusion/89-%D0%A2%D0%A3-22970-2025
7706613770;"ООО ""РН-БУРЕНИЕ""";ресивер;;машина;на техническое устройство: воздухосборник, заводской № 1012, регистрационный № 1783-НЮ, эксплуатируемое на опасном производственном объекте «Участок ведения буровых работ Губкинского филиала ООО «РН-Бурение», рег. №А01-0;https://monitor-pb.ru/conclusion/89-%D0%A2%D0%A3-48127-2025
7706613770;"ООО ""РН-БУРЕНИЕ""";ресивер;;машина;на техническое устройство: воздухосборник, заводской № 1013, регистрационный № 1784-НЮ, эксплуатируемое на опасном производственном объекте «Участок ведения буровых работ Губкинского филиала ООО «РН-Бурение», рег. №А01-0;https://monitor-pb.ru/conclusion/89-%D0%A2%D0%A3-48191-2025
7706613770;"ООО ""РН-БУРЕНИЕ""";осушитель;ОСВ 15/12-М;машина;на техническое устройство: Осушитель сжатого воздуха ОСВ 15/12-М, заводской № 90, регистрационный № 112, эксплуатируемое на опасном производственном объекте «Участок ведения буровых работ Губкинского филиала ООО «РН-Буре;https://monitor-pb.ru/conclusion/89-%D0%A2%D0%A3-48228-2025
7706613770;"ООО ""РН-БУРЕНИЕ""";ресивер;;машина;на техническое устройство: воздухосборник, заводской № 1010, регистрационный № 1781-НЮ, эксплуатируемое на опасном производственном объекте «Участок ведения буровых работ Губкинского филиала ООО «РН-Бурение», рег. №А01-0;https://monitor-pb.ru/conclusion/89-%D0%A2%D0%A3-48261-2025
7706613770;"ООО ""РН-БУРЕНИЕ""";ресивер;;машина;на техническое устройство: воздухосборник, заводской № 1011, регистрационный № 1782-НЮ, эксплуатируемое на опасном производственном объекте «Участок ведения буровых работ Губкинского филиала ООО «РН-Бурение», рег. №А01-0;https://monitor-pb.ru/conclusion/89-%D0%A2%D0%A3-48294-2025
7706613770;"ООО ""РН-БУРЕНИЕ""";компрессор;ZJ50DB;машина;Компрессор QTD буровой установки ZJ50DB зав. № QT21111;https://monitor-pb.ru/conclusion/49-%D0%A2%D0%A3-05646-2025
7706613770;"ООО ""РН-БУРЕНИЕ""";компрессор;ZJ50DB;машина;Компрессор QTD буровой установки ZJ50DB зав. № QT 21110;https://monitor-pb.ru/conclusion/49-%D0%A2%D0%A3-05648-2025
7706613770;"ООО ""РН-БУРЕНИЕ""";ресивер;;машина;на техническое устройство: сосуд, работающий под давлением: воздухосборник V=2,7 м3, заводской номер № 12439, регистрационный номер № 3097, эксплуатируемое на опасном производственном объекте «Участок ведения буровых раб;https://monitor-pb.ru/conclusion/59-%D0%A2%D0%A3-01915-2025
7706613770;"ООО ""РН-БУРЕНИЕ""";ресивер;;машина;на техническое устройство: сосуд, работающий под давлением: воздухосборник V=2,7 м3, заводской номер № 12440, регистрационный номер № 3098, эксплуатируемое на опасном производственном объекте «Участок ведения буровых раб;https://monitor-pb.ru/conclusion/59-%D0%A2%D0%A3-01916-2025
7706613770;"ООО ""РН-БУРЕНИЕ""";ресивер;;машина;на техническое устройство: сосуд, работающий под давлением: воздухосборник V=2,7 м3, заводской номер № 22726, регистрационный номер № 3157, эксплуатируемое на опасном производственном объекте «Участок ведения буровых раб;https://monitor-pb.ru/conclusion/59-%D0%A2%D0%A3-01918-2025
7706613770;"ООО ""РН-БУРЕНИЕ""";ресивер;;машина;на техническое устройство: сосуд, работающий под давлением, воздухосборник V=2,7 м3, заводской номер № 22720, регистрационный номер № 3156, эксплуатируемое на опасном производственном объекте «Участок ведения буровых раб;https://monitor-pb.ru/conclusion/59-%D0%A2%D0%A3-01920-2025
7706613770;"ООО ""РН-БУРЕНИЕ""";осушитель;ОСВ 15/12-М;машина;на техническое устройство: Осушитель сжатого воздуха ОСВ 15/12-М, заводской № 29, регистрационный № 211, эксплуатируемое на опасном производственном объекте «Участок ведения буровых работ Губкинский филиал ООО «РН-Бурени;https://monitor-pb.ru/conclusion/59-%D0%A2%D0%A3-28642-2024
7706613770;"ООО ""РН-БУРЕНИЕ""";ресивер;;машина;на техническое устройство: воздухосборник, заводской № 1001, регистрационный № 12311, эксплуатируемое на опасном производственном объекте «Участок ведения буровых работ Губкинский филиал ООО «РН-Бурение», рег. №А01-08709;https://monitor-pb.ru/conclusion/59-%D0%A2%D0%A3-25182-2024
7706613770;"ООО ""РН-БУРЕНИЕ""";ресивер;;машина;на техническое устройство: воздухосборник, заводской № 1002, регистрационный № 12316, эксплуатируемое на опасном производственном объекте «Участок ведения буровых работ Губкинский филиал ООО «РН-Бурение», рег. №А01-08709;https://monitor-pb.ru/conclusion/59-%D0%A2%D0%A3-25184-2024
7706613770;"ООО ""РН-БУРЕНИЕ""";ресивер;;машина;на техническое устройство: воздухосборник, заводской № MY10BC40001, эксплуатируемое на опасном производственном объекте «Участок ведения буровых работ Губкинский филиал ООО «РН-Бурение», рег. №А01-08709-0093, ООО «РН-Бур;https://monitor-pb.ru/conclusion/59-%D0%A2%D0%A3-24683-2024
7706613770;"ООО ""РН-БУРЕНИЕ""";ресивер;;машина;на техническое устройство: воздухосборник, заводской № MY10BА40006, эксплуатируемое на опасном производственном объекте «Участок ведения буровых работ Губкинский филиал ООО «РН-Бурение», рег. №А01-08709-0093, ООО «РН-Бур;https://monitor-pb.ru/conclusion/59-%D0%A2%D0%A3-24687-2024
7706613770;"ООО ""РН-БУРЕНИЕ""";ресивер;;машина;на техническое устройство: воздухосборник, заводской № MY10BА40010, эксплуатируемое на опасном производственном объекте «Участок ведения буровых работ Губкинский филиал ООО «РН-Бурение», рег. №А01-08709-0093, ООО «РН-Бур;https://monitor-pb.ru/conclusion/59-%D0%A2%D0%A3-24688-2024
7706613770;"ООО ""РН-БУРЕНИЕ""";ресивер;;машина;на техническое устройство: воздухосборник, заводской № MY10BА40004, эксплуатируемое на опасном производственном объекте «Участок ведения буровых работ Губкинский филиал ООО «РН-Бурение», рег. №А01-08709-0093, ООО «РН-Бур;https://monitor-pb.ru/conclusion/59-%D0%A2%D0%A3-24689-2024
7706613770;"ООО ""РН-БУРЕНИЕ""";ресивер;;машина;на техническое устройство: воздухосборник, заводской № MY10BА40009, эксплуатируемое на опасном производственном объекте «Участок ведения буровых работ Губкинский филиал ООО «РН-Бурение», рег. №А01-08709-0093, ООО «РН-Бур;https://monitor-pb.ru/conclusion/59-%D0%A2%D0%A3-24690-2024
7706613770;"ООО ""РН-БУРЕНИЕ""";ресивер;;машина;на техническое устройство: воздухосборник, заводской № MY10BА40002, эксплуатируемое на опасном производственном объекте «Участок ведения буровых работ Губкинский филиал ООО «РН-Бурение», рег. №А01-08709-0093, ООО «РН-Бур;https://monitor-pb.ru/conclusion/59-%D0%A2%D0%A3-24691-2024
7706613770;"ООО ""РН-БУРЕНИЕ""";ресивер;;машина;на техническое устройство: воздухосборник, заводской № MY10BА40015, эксплуатируемое на опасном производственном объекте «Участок ведения буровых работ Губкинский филиал ООО «РН-Бурение», рег. №А01-08709-0093, ООО «РН-Бур;https://monitor-pb.ru/conclusion/59-%D0%A2%D0%A3-24693-2024
7706613770;"ООО ""РН-БУРЕНИЕ""";ресивер;;машина;на техническое устройство: воздухосборник, заводской № MY10BА40016, эксплуатируемое на опасном производственном объекте «Участок ведения буровых работ Губкинский филиал ООО «РН-Бурение», рег. №А01-08709-0093, ООО «РН-Бур;https://monitor-pb.ru/conclusion/59-%D0%A2%D0%A3-24695-2024
7706613770;"ООО ""РН-БУРЕНИЕ""";ресивер;;машина;на техническое устройство: воздухосборник, заводской № MY10BА40011, эксплуатируемое на опасном производственном объекте «Участок ведения буровых работ Губкинский филиал ООО «РН-Бурение», рег. №А01-08709-0093, ООО «РН-Бур;https://monitor-pb.ru/conclusion/59-%D0%A2%D0%A3-24697-2024
7706613770;"ООО ""РН-БУРЕНИЕ""";ресивер;;машина;на техническое устройство: воздухосборник, заводской № MY10BА40012, эксплуатируемое на опасном производственном объекте «Участок ведения буровых работ Губкинский филиал ООО «РН-Бурение», рег. №А01-08709-0093, ООО «РН-Бур;https://monitor-pb.ru/conclusion/59-%D0%A2%D0%A3-24698-2024
7706613770;"ООО ""РН-БУРЕНИЕ""";ресивер;;машина;на техническое устройство: воздухосборник, заводской № MY10BС40008, эксплуатируемое на опасном производственном объекте «Участок ведения буровых работ Губкинский филиал ООО «РН-Бурение», рег. №А01-08709-0093, ООО «РН-Бур;https://monitor-pb.ru/conclusion/59-%D0%A2%D0%A3-24700-2024
7706613770;"ООО ""РН-БУРЕНИЕ""";ресивер;;машина;на техническое устройство: воздухосборник, заводской № MY10BС40012, эксплуатируемое на опасном производственном объекте «Участок ведения буровых работ Губкинский филиал ООО «РН-Бурение», рег. №А01-08709-0093, ООО «РН-Бур;https://monitor-pb.ru/conclusion/59-%D0%A2%D0%A3-24702-2024
7706613770;"ООО ""РН-БУРЕНИЕ""";ресивер;;машина;на техническое устройство: сосуд, работающий под давлением: воздухосборник V=3,3м3, заводской №7646, регистрационный №2960, эксплуатируемое на опасном производственном объекте «Участок ведения буровых работ Губкинский фи;https://monitor-pb.ru/conclusion/59-%D0%A2%D0%A3-06014-2024
7706613770;"ООО ""РН-БУРЕНИЕ""";ресивер;;машина;на техническое устройство: сосуд, работающий под давлением: воздухосборник V=2,7м3, заводской №22729, регистрационный №3159, эксплуатируемое на опасном производственном объекте «Участок ведения буровых работ Губкинский ф;https://monitor-pb.ru/conclusion/59-%D0%A2%D0%A3-06018-2024
7706613770;"ООО ""РН-БУРЕНИЕ""";ресивер;;машина;на техническое устройство: сосуд, работающий под давлением: воздухосборник V=3,3м3, заводской №7644, регистрационный №2955, эксплуатируемое на опасном производственном объекте «Участок ведения буровых работ Губкинский фи;https://monitor-pb.ru/conclusion/59-%D0%A2%D0%A3-06021-2024
7706613770;"ООО ""РН-БУРЕНИЕ""";ресивер;;машина;на техническое устройство: сосуд, работающий под давлением: воздухосборник V=2,7м3, заводской №22728, регистрационный №3158, эксплуатируемое на опасном производственном объекте «Участок ведения буровых работ Губкинский ф;https://monitor-pb.ru/conclusion/59-%D0%A2%D0%A3-06027-2024
7706613770;"ООО ""РН-БУРЕНИЕ""";ресивер;;машина;техническое устройство: сосуд, работающий под давлением: Воздухосборник, заводской № 735, регистрационный № 21/11-1, эксплуатируемое на опасном производственном объекте «Участок ведения буровых работ Губкинский филиал ОО;https://monitor-pb.ru/conclusion/59-%D0%A2%D0%A3-33166-2023
7706613770;"ООО ""РН-БУРЕНИЕ""";ресивер;;машина;"на техническое устройство: сосуд, работающий под давлением воздухосборник V=0,9 м3, зав. № 7024 9.(1) комплект, рег. № 07-9-1, применяемое на опасном производственном объекте ""Участок ведения буровых работ Нижневартовско";https://monitor-pb.ru/conclusion/58-%D0%A2%D0%A3-27394-2023
7706613770;"ООО ""РН-БУРЕНИЕ""";ресивер;;машина;"на техническое устройство: сосуд, работающий под давлением воздухосборник V=0,9 м3, зав. № 7024-9(2) комплект, рег. № 07-9-2, применяемое на опасном производственном объекте ""Участок ведения буровых работ Нижневартовског";https://monitor-pb.ru/conclusion/58-%D0%A2%D0%A3-27395-2023
7706613770;"ООО ""РН-БУРЕНИЕ""";ресивер;;машина;на техническое устройство: сосуд, работающий под давлением: Воздухосборник, заводской № 736, регистрационный № 21/11-2, эксплуатируемое на опасном производственном объекте «Участок ведения буровых работ Губкинский филиал;https://monitor-pb.ru/conclusion/59-%D0%A2%D0%A3-22759-2023
7706613770;"ООО ""РН-БУРЕНИЕ""";ресивер;;машина;"на техническое устройство: сосуд, работающий под давлением воздухосборник V=0,9 м3, зав. № 7024-5/1, рег. № 07-5-1, применяемое на опасном производственном объекте ""Участок ведения буровых работ Нижневартовского филиала ";https://monitor-pb.ru/conclusion/58-%D0%A2%D0%A3-15120-2023
7706613770;"ООО ""РН-БУРЕНИЕ""";ресивер;;машина;"на техническое устройство: сосуд, работающий под давлением воздухосборник V=0,9 м3, зав. № 7024-5/2, рег. № 07-5-2, применяемое на опасном производственном объекте ""Участок ведения буровых работ Нижневартовского филиала ";https://monitor-pb.ru/conclusion/58-%D0%A2%D0%A3-15121-2023
7706613770;"ООО ""РН-БУРЕНИЕ""";ресивер;;машина;"на техническое устройство: сосуд, работающий под давлением воздухосборник V=0,9 м3, зав. № 7024-7(2), рег. № 07-7-2, применяемое на опасном производственном объекте ""Участок ведения буровых работ Нижневартовского филиала";https://monitor-pb.ru/conclusion/58-%D0%A2%D0%A3-15122-2023
7706613770;"ООО ""РН-БУРЕНИЕ""";ресивер;;машина;на техническое устройство, сосуд, работающий под давлением Воздухосборник V=2,7 м3, зав.№22735, рег. № 3407, эксплуатируемый на опасном производственном объекте «Участок ведения буровых работ Губкинский филиал ООО «РН-Бу;https://monitor-pb.ru/conclusion/59-%D0%A2%D0%A3-12432-2023
7706613770;"ООО ""РН-БУРЕНИЕ""";ресивер;;машина;на техническое устройство, сосуд, работающий под давлением Воздухосборник V=2,7 м3, зав.№22731, рег. № 3408, эксплуатируемый на опасном производственном объекте «Участок ведения буровых работ Губкинский филиал ООО «РН-Бу;https://monitor-pb.ru/conclusion/59-%D0%A2%D0%A3-12433-2023
7706613770;"ООО ""РН-БУРЕНИЕ""";ресивер;;машина;на техническое устройство: сосуд, работающий под давлением воздухосборник V=0,9 м3, зав. № 7024-8(2) к-т, рег. № 07-8-2, применяемое на опасном производственном объекте Участок ведения буровых работ Нижневартовского фили;https://monitor-pb.ru/conclusion/58-%D0%A2%D0%A3-10753-2023
7706613770;"ООО ""РН-БУРЕНИЕ""";ресивер;;машина;на техническое устройство: сосуд, работающий под давлением воздухосборник V=0,9 м3, зав. 7024-3/1, рег. 07-3-1, применяемое на опасном производственном объекте Участок ведения буровых работ Нижневартовского филиала ООО «;https://monitor-pb.ru/conclusion/58-%D0%A2%D0%A3-08290-2023
7706613770;"ООО ""РН-БУРЕНИЕ""";ресивер;;машина;на техническое устройство: сосуд, работающий под давлением воздухосборник V=0,9 м3, зав. 7024-2-1 комплект, рег. 07-2-1, применяемое на опасном производственном объекте Участок ведения буровых работ Нижневартовского фили;https://monitor-pb.ru/conclusion/58-%D0%A2%D0%A3-08291-2023
7706613770;"ООО ""РН-БУРЕНИЕ""";ресивер;;машина;на техническое устройство: сосуд, работающий под давлением воздухосборник V=0,9 м3, зав. 7024-2-2, рег. 07-2-2, применяемое на опасном производственном объекте Участок ведения буровых работ Нижневартовского филиала ООО «;https://monitor-pb.ru/conclusion/58-%D0%A2%D0%A3-08293-2023
7706613770;"ООО ""РН-БУРЕНИЕ""";ресивер;;машина;на техническое устройство: сосуд, работающий под давлением воздухосборник V=0,9 м3, зав. 7024-4/1, рег. 07-4-1, применяемое на опасном производственном объекте Участок ведения буровых работ Нижневартовского филиала ООО «;https://monitor-pb.ru/conclusion/58-%D0%A2%D0%A3-08294-2023
7706613770;"ООО ""РН-БУРЕНИЕ""";ресивер;;машина;на техническое устройство: сосуд, работающий под давлением воздухосборник V=0,9 м3, зав. 7024-4/2, рег. 07-4-2, применяемое на опасном производственном объекте Участок ведения буровых работ Нижневартовского филиала ООО «;https://monitor-pb.ru/conclusion/58-%D0%A2%D0%A3-08295-2023
7706613770;"ООО ""РН-БУРЕНИЕ""";ресивер;;машина;на техническое устройство: сосуд, работающий под давлением воздухосборник V=0,9 м3, зав. 7024-3/2, рег. 07-3-2, применяемое на опасном производственном объекте Участок ведения буровых работ Нижневартовского филиала ООО «;https://monitor-pb.ru/conclusion/58-%D0%A2%D0%A3-08296-2023
7706613770;"ООО ""РН-БУРЕНИЕ""";ресивер;;машина;на техническое устройство: сосуд, работающий под давлением воздухосборник V=0,9 м3, зав. 7024-6/1, рег. 07-6-1, применяемое на опасном производственном объекте Участок ведения буровых работ Нижневартовского филиала ООО «;https://monitor-pb.ru/conclusion/58-%D0%A2%D0%A3-08310-2023
7706613770;"ООО ""РН-БУРЕНИЕ""";ресивер;;машина;на техническое устройство: сосуд, работающий под давлением воздухосборник V=0,9 м3, зав. 7024-6/2, рег. 07-6-2, применяемое на опасном производственном объекте Участок ведения буровых работ Нижневартовского филиала ООО «;https://monitor-pb.ru/conclusion/58-%D0%A2%D0%A3-08311-2023
7706613770;"ООО ""РН-БУРЕНИЕ""";ресивер;;машина;на группу технических устройств: вспомогательное оборудование установки для бурения и капитального ремонта скважин АЕ 520, зав. №3, 2001 г.в.: крюкоблок Dreco 4-30, зав. №3, 2001 г.в., ротор зав. №30100417, 2001 г.в., ле;https://monitor-pb.ru/conclusion/58-%D0%A2%D0%A3-55455-2022
7706613770;"ООО ""РН-БУРЕНИЕ""";ресивер;;машина;"на техническое устройство: сосуд, работающий под давлением, воздухосборник ВВ-0,9-1,0, зав. №193, , эксплуатируемое на опасном производственном объекте ""Участок ведения буровых работ Нижневартовский филиал ООО «РН-Бурени";https://monitor-pb.ru/conclusion/58-%D0%A2%D0%A3-26392-2022
7706613770;"ООО ""РН-БУРЕНИЕ""";ресивер;Р230/10;машина;"на техническое устройство: сосуд, работающий под давлением ресивер Р230/10, зав. №1365, рег. №054/18, эксплуатируемое на опасном производственном объекте ""Участок ведения буровых работ Нижневартовский филиал ООО «РН-Буре";https://monitor-pb.ru/conclusion/58-%D0%A2%D0%A3-25664-2022
7706613770;"ООО ""РН-БУРЕНИЕ""";ресивер;;машина;"на техническое устройство, сосуд, работающий под давлением воздухосборник V=0,9 м3, зав. № 1237 к-т 1, рег. №31-1, эксплуатируемое на опасном производственном объекте ""Участок ведения буровых работ Нижневартовского филиа";https://monitor-pb.ru/conclusion/58-%D0%A2%D0%A3-25156-2022
7706613770;"ООО ""РН-БУРЕНИЕ""";ресивер;Р230/10;машина;"на техническое устройство: сосуд, работающий под давлением ресивер Р230/10, зав. №154, рег. №337, эксплуатируемое на опасном производственном объекте ""Участок ведения буровых работ Нижневартовский филиал ООО «РН-Бурение»";https://monitor-pb.ru/conclusion/58-%D0%A2%D0%A3-25185-2022
7706613770;"ООО ""РН-БУРЕНИЕ""";ресивер;;машина;"а техническое устройство: сосуд, работающий под давлением ресивер, зав. № 988, эксплуатируемое на опасном производственном объекте ""Участок ведения буровых работ Нижневартовский филиал ООО «РН-Бурение», рег. № А01-08709-";https://monitor-pb.ru/conclusion/58-%D0%A2%D0%A3-25186-2022
7706613770;"ООО ""РН-БУРЕНИЕ""";ресивер;;машина;"на техническое устройство: сосуд, работающий под давлением воздухосборник С-0,99/1,0, зав. № 2010-0,99-4, рег. №26/11-3, эксплуатируемое на опасном производственном объекте ""Участок ведения буровых работ Нижневартовский ";https://monitor-pb.ru/conclusion/58-%D0%A2%D0%A3-25187-2022
7706613770;"ООО ""РН-БУРЕНИЕ""";ресивер;РВ-900;машина;"Заключение экспертизы промышленной безопасности №2440220/6215Д/УФФ-12-307/02-ЭПБ-2022 на техническое устройство, применяемое на опасном производственном объекте: Ресивер РВ-900 зав №115, Уфимский филиал ООО ""РН-Бурение"".";https://monitor-pb.ru/conclusion/41-%D0%A2%D0%A3-37223-2022
7706613770;"ООО ""РН-БУРЕНИЕ""";ресивер;РВ-900;машина;"Заключение экспертизы промышленной безопасности №2440220/6215Д/УФФ-12-307/01-ЭПБ-2022 на техническое устройство, применяемое на опасном производственном объекте: Ресивер РВ-900 зав №87, Уфимский филиал ООО ""РН-Бурение"". ";https://monitor-pb.ru/conclusion/41-%D0%A2%D0%A3-37224-2022
7706613770;"ООО ""РН-БУРЕНИЕ""";ресивер;;машина;на техническое устройство, сосуд, работающий под давлением воздухосборник V=0,9м3, зав. №6064-1/1 к-т, рег. №64/1, эксплуатируемое на опасном производственном объекте «Участок ведения буровых работ Нижневартовского филиа;https://monitor-pb.ru/conclusion/58-%D0%A2%D0%A3-22251-2022
7706613770;"ООО ""РН-БУРЕНИЕ""";ресивер;;машина;на техническое устройство, сосуд, работающий под давлением воздухосборник V=0,9м3, зав. №6064-1/2 к-т, рег. №64/2, эксплуатируемое на опасном производственном объекте «Участок ведения буровых работ Нижневартовского филиа;https://monitor-pb.ru/conclusion/58-%D0%A2%D0%A3-22257-2022
7706613770;"ООО ""РН-БУРЕНИЕ""";ресивер;Р230/10;машина;на техническое устройство, сосуд, работающий под давлением ресивер Р230/10, зав. №157, рег. №047/18, эксплуатируемое на опасном производственном объекте «Участок ведения буровых работ Нижневартовского филиала ООО «РН-Бур;https://monitor-pb.ru/conclusion/58-%D0%A2%D0%A3-22261-2022
7706613770;"ООО ""РН-БУРЕНИЕ""";ресивер;;машина;"на техническое устройство: сосуд, работающий под давлением воздухосборник V=0,9 м3, зав. № 6064-2/1 комплект, рег. № 64/4, эксплуатируемое на опасном производственном объекте ""Участок ведения буровых работ Нижневартовски";https://monitor-pb.ru/conclusion/58-%D0%A2%D0%A3-19827-2022
7706613770;"ООО ""РН-БУРЕНИЕ""";ресивер;;машина;"на техническое устройство: сосуд, работающий под давлением воздухосборник V=0,9 м3, зав. № 6064-2/2 комплект, рег. № 64/3, эксплуатируемое на опасном производственном объекте ""Участок ведения буровых работ Нижневартовски";https://monitor-pb.ru/conclusion/58-%D0%A2%D0%A3-19830-2022
7706613770;"ООО ""РН-БУРЕНИЕ""";ресивер;;машина;Заключение № 1067-ТУ-2021 экспертизы промышленной безопасности на техническое устройство, применяемое на опасном производственном объекте: Воздухосборник V=3,3 м3 зав. №7616, рег. №79003, Участок ведения буровых работ Уф;https://monitor-pb.ru/conclusion/41-%D0%A2%D0%A3-63419-2021
7706613770;"ООО ""РН-БУРЕНИЕ""";ресивер;;машина;Заключение № 1066-ТУ-2021 экспертизы промышленной безопасности на техническое устройство, применяемое на опасном производственном объекте: Воздухосборник V=3,3 м3 зав. №7613, рег. №79004, Участок ведения буровых работ Уф;https://monitor-pb.ru/conclusion/41-%D0%A2%D0%A3-63533-2021
7706613770;"ООО ""РН-БУРЕНИЕ""";ресивер;;машина;Заключение № 0846-ТУ-2021 экспертизы промышленной безопасности на техническое устройство, применяемое на опасном производственном объекте: Воздухосборник V=3,3 м3 зав. №7614, рег. №76734, Участок ведения буровых работ Уф;https://monitor-pb.ru/conclusion/41-%D0%A2%D0%A3-62100-2021
7706613770;"ООО ""РН-БУРЕНИЕ""";ресивер;;машина;техническое устройство: воздухосборник V-2,7 куб. м., зав. № 22726, рег. № 3157 эксплуатируемый на опасном производственном объекте «Участок ведения буровых работ Губкинский филиал ООО «РН-Бурение» рег. № А01-08709-0093,;https://monitor-pb.ru/conclusion/59-%D0%A2%D0%A3-10307-2021
7706613770;"ООО ""РН-БУРЕНИЕ""";ресивер;;машина;техническое устройство: воздухосборник V-2,7 куб. м., зав. № 22720, рег. № 3156 эксплуатируемый на опасном производственном объекте «Участок ведения буровых работ Губкинский филиал ООО «РН-Бурение» рег. № А01-08709-0093,;https://monitor-pb.ru/conclusion/59-%D0%A2%D0%A3-10308-2021
7706613770;"ООО ""РН-БУРЕНИЕ""";ресивер;;машина;техническое устройство: воздухосборник V-2,7 куб. м., зав. № 12440, рег. № 3098 эксплуатируемый на опасном производственном объекте «Участок ведения буровых работ Губкинский филиал ООО «РН-Бурение» рег. № А01-08709-0093,;https://monitor-pb.ru/conclusion/59-%D0%A2%D0%A3-10309-2021
7706613770;"ООО ""РН-БУРЕНИЕ""";ресивер;;машина;техническое устройство: воздухосборник V-2,7 куб. м., зав. № 12439, рег. № 3097 эксплуатируемый на опасном производственном объекте «Участок ведения буровых работ Губкинский филиал ООО «РН-Бурение» рег. № А01-08709-0093,;https://monitor-pb.ru/conclusion/59-%D0%A2%D0%A3-10310-2021
7706613770;"ООО ""РН-БУРЕНИЕ""";ресивер;;машина;Воздухосборник V=2,0 м3, зав.№ 6662. Участок ведения буровых работ Уфимского филиала «РН-Бурение»;https://monitor-pb.ru/conclusion/41-%D0%A2%D0%A3-55919-2020
7706613770;"ООО ""РН-БУРЕНИЕ""";ресивер;;машина;Воздухосборник V=1,0 м3, зав.№ 2708, рег.№ 10. Участок ведения буровых работ Уфимского филиала «РН-Бурение»;https://monitor-pb.ru/conclusion/41-%D0%A2%D0%A3-55813-2020
7706613770;"ООО ""РН-БУРЕНИЕ""";ресивер;;машина;Воздухосборник V=1,0 м3, зав.№ 2725, рег.№ 11. Участок ведения буровых работ Уфимского филиала «РН-Бурение»;https://monitor-pb.ru/conclusion/41-%D0%A2%D0%A3-55819-2020
7706613770;"ООО ""РН-БУРЕНИЕ""";ресивер;;машина;Воздухосборник V=3,3 м3, зав.№ 7569. Участок ведения буровых работ Уфимского филиала «РН-Бурение»;https://monitor-pb.ru/conclusion/41-%D0%A2%D0%A3-55822-2020
7706613770;"ООО ""РН-БУРЕНИЕ""";ресивер;;машина;Воздухосборник V=3,3 м3, зав.№ 7568. Участок ведения буровых работ Уфимского филиала «РН-Бурение»;https://monitor-pb.ru/conclusion/41-%D0%A2%D0%A3-55834-2020
7706613770;"ООО ""РН-БУРЕНИЕ""";ресивер;;машина;"""Буровая установка «БУ 3900/225 ЭПК БМ-3, зав. № 7 с вышкой 54018.25.000-3 зав. № 2» и сосуд, работающий под давлением «Воздухосборник V=3,3 м3 зав. № 7727, № 7728»";https://monitor-pb.ru/conclusion/25-%D0%A2%D0%A3-01528-2020
7706613770;"ООО ""РН-БУРЕНИЕ""";ресивер;;машина;техническое устройство: сосуд воздухосборник V=2,7м3 зав. № 71833, применяемое на опасном производственном объекте III класса опасности: Участок ведения буровых работ Оренбургского филиала ООО «РН-Бурение», рег. № А01-08;https://monitor-pb.ru/conclusion/49-%D0%A2%D0%A3-65365-2019
7706613770;"ООО ""РН-БУРЕНИЕ""";ресивер;;машина;Воздухосборник V=1,0 м3, зав.№ 7668, рег.№ 105. Участок ведения буровых работ Уфимского филиала «РН-Бурение» А01-08709-0094;https://monitor-pb.ru/conclusion/41-%D0%A2%D0%A3-64239-2019
7706613770;"ООО ""РН-БУРЕНИЕ""";ресивер;;машина;Воздухосборник V=1,0 м3, зав.№ 7669, рег.№ 106. Участок ведения буровых работ Уфимского филиала «РН-Бурение» А01-08709-0094;https://monitor-pb.ru/conclusion/41-%D0%A2%D0%A3-64269-2019
7719091049;"ПАО ""Подзембургаз""";ресивер;;машина;"Оборудование, работающее под давлением: воздухосборник V=2,7м3, зав. № 9074, рег. № 3564; воздухосборник V=2,7м3, зав. № 9080, рег. № 3563; дегазатор бурового раствора «Каскад 40М-02», зав. № 203803";https://monitor-pb.ru/conclusion/46-%D0%A2%D0%A3-45931-2022
7730155419;"ООО ""ГНС""";компрессор;;расходник;нанимает в компрессорное хозяйство: Механик трубопроводного сервиса, Оператор трубопроводного сервиса, Слесарь по ремонту оборудования (компрессоры, буровые устано. вакансий за 30 дней 3, города: Красноярск, Москва. кто ;https://hh.ru/vacancy/135290365
7730248430;РУСАЛ Менеджмент (непрофильные активы);компрессор;;машина;"Конкурсный отбор поставщика компрессора на буровую установку Atlas-Copco/Epiroc DM-30II по заявке №1108 для АО ""Боксит Тимана"" (id1098563) (2-й этап торгов) (id1101907)";
7736050003;ПАО ГАЗПРОМ;компрессор;;машина;"Опрос рынка ""Оборудование химическое, нефтегазоперерабатывающее и запасные части к нему, оборудование насосное, оборудование криогенное, компрессорное, холодильное, автогенное, газоочистное, насосы вакуумные, оборудовани";https://etpgpb.ru/procedures/?search=502740
7810969156;АО СГТ;компрессор;;машина;Поставка буровой установки для буровых работ методом обратной циркуляции (DTH) с буровым инструментом на 53 метр и комплектом вспомогательного оборудования [позиции карточки: и аналог), адаптированная для пневмоударного ;https://etpgpb.ru/procedures/?search=ГП546579
7817301375;ИЗ-КАРТЭКС ИМЕНИ П.Г. КОРОБКОВА;компрессор;;машина;Запрос предложений на поставку Установки компрессорной для бурового станка в модификации ХЛ (согласно ИТТ);https://etpgpb.ru/procedures/?search=ГП325643
7817301375;ИЗ-КАРТЭКС ИМЕНИ П.Г. КОРОБКОВА;компрессор;;машина;Запрос предложений на поставку Установки компрессорной для бурового станка в модификации ХЛ (согласно ИТТ 3689.54.00.000. );https://etpgpb.ru/procedures/?search=ГП317483
7817301375;ИЗ-КАРТЭКС ИМЕНИ П.Г. КОРОБКОВА;компрессор;;машина;Запрос предложений на поставку Установки компрессорной винтовой маслозаполненной для бурового станка в модификации ХЛ (согласно ТТ);https://etpgpb.ru/procedures/?search=ГП238361
7817301375;ИЗ-КАРТЭКС ИМЕНИ П.Г. КОРОБКОВА;компрессор;;машина;Запрос предложений на поставку Установки компрессорной для бурового станка в модификации ХЛ (согласно ИТТ);https://etpgpb.ru/procedures/?search=ГП325643
7817301375;ИЗ-КАРТЭКС ИМЕНИ П.Г. КОРОБКОВА;компрессор;;машина;Запрос предложений на поставку Установки компрессорной для бурового станка в модификации ХЛ (согласно ИТТ 3689.54.00.000.  );https://etpgpb.ru/procedures/?search=ГП317483
7817301375;ИЗ-КАРТЭКС ИМЕНИ П.Г. КОРОБКОВА;компрессор;;машина;Запрос предложений на поставку Установки компрессорной винтовой маслозаполненной для бурового станка в модификации ХЛ (согласно ТТ);https://etpgpb.ru/procedures/?search=ГП238361
7838473424;МОНОЛИТ-СТРОЙ;компрессор;;машина;Тендер на реализацию широкого ассортимента оборудования и инструмента, включающий: электро- и пневмоинструмент (Makita, Bosch, AEG, Jonnesway, ЗУБР), насосное и компрессорное оборудование (Denzel, Unipump, Fubag, Remeza);https://etpgpb.ru/procedures/?search=ИМ010670
8602060555;"ПАО ""СУРГУТНЕФТЕГАЗ""";ресивер;;машина;Воздухосборник зав.№9303, рег.№260сг владелец ПАО «Сургутнефтегаз» (Сургутское управление буровых работ №3).;https://monitor-pb.ru/conclusion/86-%D0%A2%D0%A3-854225-2026
8602060555;"ПАО ""СУРГУТНЕФТЕГАЗ""";ресивер;;машина;Воздухосборник зав.№9323, рег.№8261сг владелец ПАО «Сургутнефтегаз» (Сургутское управление буровых работ №3;https://monitor-pb.ru/conclusion/86-%D0%A2%D0%A3-854284-2026
8602060555;"ПАО ""СУРГУТНЕФТЕГАЗ""";ресивер;;машина;Ресивер 58900.06-01» зав.№884, рег.№223 владелец ПАО «Сургутнефтегаз» (Сургутское управление буровых работ №3).;https://monitor-pb.ru/conclusion/86-%D0%A2%D0%A3-851184-2026
8602060555;"ПАО ""СУРГУТНЕФТЕГАЗ""";ресивер;;машина;Ресивер 58900.06-01» зав.№890, рег.№216 владелец ПАО «Сургутнефтегаз» (Сургутское управление буровых работ №3).;https://monitor-pb.ru/conclusion/86-%D0%A2%D0%A3-851203-2026
8602060555;"ПАО ""СУРГУТНЕФТЕГАЗ""";ресивер;;машина;Ресивер 58900.06-01» зав.№891, рег.№217 владелец ПАО «Сургутнефтегаз» (Сургутское управление буровых работ №3).;https://monitor-pb.ru/conclusion/86-%D0%A2%D0%A3-851217-2026
8602060555;"ПАО ""СУРГУТНЕФТЕГАЗ""";ресивер;;машина;Ресивер 58900.06-01» зав.№892, рег.№218 владелец ПАО «Сургутнефтегаз» (Сургутское управление буровых работ №3).;https://monitor-pb.ru/conclusion/86-%D0%A2%D0%A3-851231-2026
8602060555;"ПАО ""СУРГУТНЕФТЕГАЗ""";ресивер;;машина;Ресивер 58900.06-01» зав.№894, рег.№220 владелец ПАО «Сургутнефтегаз» (Сургутское управление буровых работ №3).;https://monitor-pb.ru/conclusion/86-%D0%A2%D0%A3-851318-2026
8602060555;"ПАО ""СУРГУТНЕФТЕГАЗ""";ресивер;;машина;Ресивер 58900.06-01» зав.№893, рег.№219 владелец ПАО «Сургутнефтегаз» (Сургутское управление буровых работ №3).;https://monitor-pb.ru/conclusion/86-%D0%A2%D0%A3-851371-2026
8602060555;"ПАО ""СУРГУТНЕФТЕГАЗ""";ресивер;;машина;«Ресивер 58900.06-01» зав.№884, рег.№223 владелец ПАО «Сургутнефтегаз» (Сургутское управление буровых работ №3).;https://monitor-pb.ru/conclusion/86-%D0%A2%D0%A3-771186-2026
8602060555;"ПАО ""СУРГУТНЕФТЕГАЗ""";ресивер;;машина;«Ресивер 58900.06-01» зав.№885, рег.№224 владелец ПАО «Сургутнефтегаз» (Сургутское управление буровых работ №3);https://monitor-pb.ru/conclusion/86-%D0%A2%D0%A3-771206-2026
8602060555;"ПАО ""СУРГУТНЕФТЕГАЗ""";ресивер;;машина;«Ресивер 58900.06-01» зав.№886, рег.№225 владелец ПАО «Сургутнефтегаз» (Сургутское управление буровых работ №3).;https://monitor-pb.ru/conclusion/86-%D0%A2%D0%A3-771219-2026
8602060555;"ПАО ""СУРГУТНЕФТЕГАЗ""";ресивер;;машина;«Ресивер 58900.06-01» зав.№887, рег.№226 владелец ПАО «Сургутнефтегаз» (Сургутское управление буровых работ №3).;https://monitor-pb.ru/conclusion/86-%D0%A2%D0%A3-771248-2026
8602060555;"ПАО ""СУРГУТНЕФТЕГАЗ""";ресивер;;машина;«Ресивер 58900.06-01» зав.№883, рег.№222 владелец ПАО «Сургутнефтегаз» (Сургутское управление буровых работ №3);https://monitor-pb.ru/conclusion/86-%D0%A2%D0%A3-771271-2026
8602060555;"ПАО ""СУРГУТНЕФТЕГАЗ""";ресивер;;машина;«Ресивер 58900.06-01» зав.№888, рег.№227 владелец ПАО «Сургутнефтегаз» (Сургутское управление буровых работ №3).;https://monitor-pb.ru/conclusion/86-%D0%A2%D0%A3-771283-2026
8602060555;"ПАО ""СУРГУТНЕФТЕГАЗ""";компрессор;КП270/150;машина;Компрессор КП270/150» зав.№10253, владелец ПАО «Сургутнефтегаз» (Сургутское управление буровых работ №3).;https://monitor-pb.ru/conclusion/86-%D0%A2%D0%A3-572938-2025
8602060555;"ПАО ""СУРГУТНЕФТЕГАЗ""";компрессор;КП270/150;машина;Компрессор КП270/150» зав.№10584, владелец ПАО «Сургутнефтегаз» (Сургутское управление буровых работ №3).;https://monitor-pb.ru/conclusion/86-%D0%A2%D0%A3-573118-2025
8602060555;"ПАО ""СУРГУТНЕФТЕГАЗ""";ресивер;;машина;«Воздухосборник 58900.06» зав.№321, рег.№198, владелец ПАО «Сургутнефте-газ» (Сургутское управление буровых работ №3).;https://monitor-pb.ru/conclusion/58-%D0%A2%D0%A3-11509-2025
8602060555;"ПАО ""СУРГУТНЕФТЕГАЗ""";ресивер;;машина;«Воздухосборник 58900.06» зав.№338, рег.№196, владелец ПАО «Сургутнефте-газ» (Сургутское управление буровых работ №3).;https://monitor-pb.ru/conclusion/58-%D0%A2%D0%A3-11510-2025
8602060555;"ПАО ""СУРГУТНЕФТЕГАЗ""";ресивер;;машина;«Воздухосборник 58900.06» зав.№335, рег.№199, владелец ПАО «Сургутнефте-газ» (Сургутское управление буровых работ №3).;https://monitor-pb.ru/conclusion/58-%D0%A2%D0%A3-11511-2025
8602060555;"ПАО ""СУРГУТНЕФТЕГАЗ""";ресивер;;машина;«Воздухосборник 58900.06» зав.№333, рег.№197, владелец ПАО «Сургутнефте-газ» (Сургутское управление буровых работ №3).;https://monitor-pb.ru/conclusion/58-%D0%A2%D0%A3-11512-2025
8602060555;"ПАО ""СУРГУТНЕФТЕГАЗ""";ресивер;;машина;«Воздухосборник 58900.06» зав.№336, рег.№194 владелец ПАО «Сургутнефте-газ» (Сургутское управление буровых работ №3).;https://monitor-pb.ru/conclusion/58-%D0%A2%D0%A3-11513-2025
8602060555;"ПАО ""СУРГУТНЕФТЕГАЗ""";ресивер;;машина;«Воздухосборник 58900.06» зав.№337, рег.№195, владелец ПАО «Сургутнефте-газ» (Сургутское управление буровых работ №3).;https://monitor-pb.ru/conclusion/58-%D0%A2%D0%A3-11514-2025
8602060555;"ПАО ""СУРГУТНЕФТЕГАЗ""";ресивер;;машина;«Ресивер 58900.06-01» зав.№611, рег.№213 владелец ПАО «Сургутнефтегаз» (Сургутское управление буровых работ №3);https://monitor-pb.ru/conclusion/58-%D0%A2%D0%A3-08333-2025
8602060555;"ПАО ""СУРГУТНЕФТЕГАЗ""";ресивер;;машина;«Ресивер 58900.06-01» зав.№610, рег.№212 владелец ПАО «Сургутнефтегаз» (Сургутское управление буровых работ №3).;https://monitor-pb.ru/conclusion/58-%D0%A2%D0%A3-08335-2025
8602060555;"ПАО ""СУРГУТНЕФТЕГАЗ""";ресивер;;машина;«Ресивер 58900.06-01» зав.№609, рег.№211 владелец ПАО «Сургутнефтегаз» (Сургутское управление буровых работ №3);https://monitor-pb.ru/conclusion/58-%D0%A2%D0%A3-08337-2025
8602060555;"ПАО ""СУРГУТНЕФТЕГАЗ""";ресивер;;машина;«Ресивер 58900.06-01» зав.№608, рег.№210 владелец ПАО «Сургутнефтегаз» (Сургутское управление буровых работ №3);https://monitor-pb.ru/conclusion/58-%D0%A2%D0%A3-08339-2025
8602060555;"ПАО ""СУРГУТНЕФТЕГАЗ""";ресивер;;машина;«Ресивер 58900.06-01» зав.№606, рег.№208 владелец ПАО «Сургутнефтегаз» (Сургутское управление буровых работ №3);https://monitor-pb.ru/conclusion/58-%D0%A2%D0%A3-08344-2025
8602060555;"ПАО ""СУРГУТНЕФТЕГАЗ""";ресивер;;машина;«Ресивер 58900.06-01» зав.№607, рег.№209 владелец ПАО «Сургутнефтегаз» (Сургутское управление буровых работ №3);https://monitor-pb.ru/conclusion/58-%D0%A2%D0%A3-08346-2025
8602060555;"ПАО ""СУРГУТНЕФТЕГАЗ""";ПКС;;машина;Компрессорная установка ДЭН-45ШМ» зав.№7815, владелец ПАО «Сургутнефтегаз» (Сургутское управление буровых работ №3).;https://monitor-pb.ru/conclusion/86-%D0%A2%D0%A3-573055-2025
8602060555;"ПАО ""СУРГУТНЕФТЕГАЗ""";компрессор;;машина;«Компрессорная установка ДЭН-45ШМ» зав.№7816, владелец ПАО «Сургутнефтегаз» (Сургутское управление буровых работ №3).;https://monitor-pb.ru/conclusion/86-%D0%A2%D0%A3-573278-2025
8602060555;"ПАО ""СУРГУТНЕФТЕГАЗ""";компрессор;;машина;Компрессорная установка ДЭН-45ШМ» зав.№4067, владелец ПАО «Сургутнефтегаз» (Сургутское управление буровых работ №3).;https://monitor-pb.ru/conclusion/86-%D0%A2%D0%A3-573363-2025
8602060555;"ПАО ""СУРГУТНЕФТЕГАЗ""";ПКС;;машина;Компрессорная установка ДЭН-45ШМ» зав.№7706, владелец ПАО «Сургутнефтегаз» (Сургутское управление буровых работ №3).;https://monitor-pb.ru/conclusion/86-%D0%A2%D0%A3-573448-2025
8602060555;"ПАО ""СУРГУТНЕФТЕГАЗ""";компрессор;;машина;Компрессорная установка ДЭН-45ШМ» зав.№7611, владелец ПАО «Сургутнефтегаз» (Сургутское управление буровых работ №3).;https://monitor-pb.ru/conclusion/86-%D0%A2%D0%A3-573563-2025
8602060555;"ПАО ""СУРГУТНЕФТЕГАЗ""";ПКС;;машина;Компрессорная установка ДЭН-45ШМ» зав.№4108, владелец ПАО «Сургутнефтегаз» (Сургутское управление буровых работ №3).;https://monitor-pb.ru/conclusion/86-%D0%A2%D0%A3-573653-2025
8602060555;"ПАО ""СУРГУТНЕФТЕГАЗ""";компрессор;;машина;Компрессорная установка ДЭН-45ШМ» зав.№7613, владелец ПАО «Сургутнефтегаз» (Сургутское управление буровых работ №3).;https://monitor-pb.ru/conclusion/86-%D0%A2%D0%A3-573740-2025
8602060555;"ПАО ""СУРГУТНЕФТЕГАЗ""";компрессор;;машина;Компрессорная установка ДЭН-45ШМ» зав.№7817, владелец ПАО «Сургутнефтегаз» (Сургутское управление буровых работ №3).;https://monitor-pb.ru/conclusion/86-%D0%A2%D0%A3-570354-2025
8602257512;АО ГК СЕВЕРАВТОДОР;компрессор;;расходник;На оказание услуг по проведению ТО и текущего ремонта с заменой запасных частей асфальтоукладочного комплекса асфальтоукладчик Титан 325, асфальтоукладчик VOGELE 1804, погрузчик универсальный WILLE 855C-C44CR, каток BOMA;https://zakupki.gov.ru/223/purchase/public/purchase/info/common-info.html?regNumber=32312074678
8602257512;АО ГК СЕВЕРАВТОДОР;компрессор;;расходник;Оказание услуг по проведению ремонта с заменой запасных частей асфальтоукладочного комплекса асфальтоукладчик Титан 325, асфальтоукладчик VOGELE 1804, погрузчик универсальный WILLE 855C-C44CR, каток BOMAG 151-AD4, каток ;https://zakupki.gov.ru/223/purchase/public/purchase/info/common-info.html?regNumber=32211042742
8605016650;"ООО ""МУБР""";компрессор;4ВУ1-5/9;машина;компрессоры воздушные 4ВУ1-5/9 зав. №№ 30244, 201, 2138, принадлежащие Обществу с ограниченной ответственностью «Мегионское Управление Буровых Работ»;https://monitor-pb.ru/conclusion/58-%D0%A2%D0%A3-52994-2018
8605022318;"ООО ""Мегион геология""";ресивер;Сб 147.06/БУ2500ЭУ;машина;"воздухосборник Сб 147.06/БУ2500ЭУ зав.№ 6346, воздухосборник Сб 147.06/БУ2500ЭУ зав. № 6357, установленные на опасном производственном объекте ""Участок ведения буровых работ"" ООО “Мегион геология”";https://monitor-pb.ru/conclusion/58-%D0%A2%D0%A3-13562-2014
8608049090;"ООО ""БКЕ""";ПКС;;машина;установка компрессорная передвижная Danmar инв. № 03-130049491 ООО «Буровая компания «Евразия» Пермский филиал Территория предприятия;https://monitor-pb.ru/conclusion/59-%D0%A2%D0%A3-481287-2025
8608049090;"ООО ""БКЕ""";ПКС;;машина;установка компрессорная передвижная Danmar инв. № 03-100003893 ООО «Буровая компания «Евразия» Пермский филиал Территория предприятия;https://monitor-pb.ru/conclusion/59-%D0%A2%D0%A3-481302-2025
8901017607;ДЕПАРТАМЕНТ ГОСЗАКАЗА ЯНАО;компрессор;;машина;поставка товара (перфоратор ручной, станок точильный универсальный, шуруповерт, компрессор промышленный, сварочный аппарат) 0190200000326002711;https://zakupki.gov.ru/epz/order/notice/ea44/view/common-info.html?regNumber=0190200000326002711
8901017607;ДЕПАРТАМЕНТ ГОСЗАКАЗА ЯНАО;компрессор;;машина;поставка товара (перфоратор ручной, станок точильный универсальный, шуруповерт, компрессор промышленный, сварочный аппарат) 0190200000326002711;https://etpgpb.ru/procedures/?search=0190200000326002711
8911019233;"ООО ""НЭУ""";компрессор;;расходник;Поставка ЗИП к буровому ключу ТМ-120, ключа АТТ-426, клиновому захвату PS500, компрессору Atlas Copco.;https://zakupki.gov.ru/epz/order/extendedsearch/results.html?searchString=tek_ЗП1111336
8911019233;"ООО ""НЭУ""";компрессор;;расходник;Поставка ЗИП к буровому ключу ТМ-120, ключу АТТ-426, клиновому захвату PS500, компрессору Atlas Copco.;https://zakupki.gov.ru/epz/order/extendedsearch/results.html?searchString=tek_ЗП1111194
9102015041;"ГОСУДАРСТВЕННОЕ УНИТАРНОЕ ПРЕДПРИЯТИЕ РЕСПУБЛИКИ КРЫМ ""КРЫМВЗРЫВПРОМ""";компрессор;;расходник;услуги по монтажу прочего оборудования специального назначения, не включенного в другие группировки (услуги по пуско-наладке Буровой установки HONGWUHUAN H430 и Компрессор а винтов ого передвижного HONGWUHUAN HG700-18c;https://zakupki.gov.ru/223/purchase/public/purchase/info/common-info.html?regNumber=32009270609
9701038827;"ОБЩЕСТВО С ОГРАНИЧЕННОЙ ОТВЕТСТВЕННОСТЬЮ ""МОСЭНЕРГОПРОЕКТ""";компрессорная станция;;машина;"498-ЕП-2021 Буровые работы, статическое зондирование по объекту ""Техническое перевооружение газодожимной компрессорн ой станц ии ТЭЦ-5""";https://zakupki.gov.ru/223/purchase/public/purchase/info/common-info.html?regNumber=32110808774
