inn;company_id;predpriyatie;vsego_na_ploshchadke;vzyato;zakupok;po_sekciyam;pochemu
5610058025;2;"ООО ""ГАЗПРОМ ДОБЫЧА ОРЕНБУРГ""";2567;2567;2551;"{""fz223"": 878, ""commerce"": 937, ""gazprom"": 1630, ""trade_portal"": 722, ""nelikvid"": 213}";обойдено
7017156263;8;"ООО ""ГАЗПРОМ МЕТАНОЛ""";1806;1806;1796;"{""fz223"": 918, ""commerce"": 813, ""gazprom"": 986, ""trade_portal"": 757, ""nelikvid"": 56}";обойдено
﻿inn;company_id;predpriyatie;vsego_na_ploshchadke;vzyato;zakupok;po_sekciyam;pochemu
5610058025;2;"ООО ""ГАЗПРОМ ДОБЫЧА ОРЕНБУРГ""";2567;2567;2551;"{""fz223"": 878, ""commerce"": 937, ""gazprom"": 1630, ""trade_portal"": 722, ""nelikvid"": 213}";обойдено
7017156263;8;"ООО ""ГАЗПРОМ МЕТАНОЛ""";1806;1806;1796;"{""fz223"": 918, ""commerce"": 813, ""gazprom"": 986, ""trade_portal"": 757, ""nelikvid"": 56}";обойдено
7736046504;11;АВИАПРЕДПРИЯТИЕ ГАЗПРОМ АВИА;3868;3868;3868;"{""fz223"": 3868, ""gazprom"": 3865}";обойдено
7736186950;15;"ООО ""ГАЗПРОМ ЭНЕРГО""";2213;2213;2213;"{""fz223"": 2139, ""commerce"": 54, ""gazprom"": 2155, ""trade_portal"": 54}";обойдено
8617002073;50;"ООО ""ГАЗПРОМ ТРАНСГАЗ СУРГУТ""";2559;2559;2541;"{""fz223"": 1351, ""commerce"": 796, ""gazprom"": 1762, ""trade_portal"": 682, ""nelikvid"": 114}";обойдено
3006006420;59;"ООО ""ГАЗПРОМ ДОБЫЧА АСТРАХАНЬ""";2568;2568;2435;"{""fz223"": 1431, ""commerce"": 1126, ""gazprom"": 1440, ""trade_portal"": 691, ""nelikvid"": 433}";обойдено
8904034777;63;"ООО ""ГАЗПРОМ ДОБЫЧА ЯМБУРГ""";4455;4455;4287;"{""fz223"": 2108, ""commerce"": 2340, ""gazprom"": 2099, ""trade_portal"": 1109, ""nelikvid"": 1129}";обойдено
5612002437;89;АО АК № 1825;518;518;518;"{""fz223"": 155, ""commerce"": 343, ""gazprom"": 175, ""trade_portal"": 341, ""nelikvid"": 2}";обойдено
0266008329;110;"ОАО ""Газпром нефтехим Салават""";900;900;887;"{""fz223"": 865, ""commerce"": 35, ""gazprom"": 419, ""nelikvid"": 17}";обойдено
0266036534;111;"АО ""СХЗ"" (ИНН 0266036534)";267;267;267;"{""fz223"": 267, ""gazprom"": 20}";обойдено
0263009557;123;"АО ""МЕЛЕУЗОВСКИЕ МИНЕРАЛЬНЫЕ УДОБРЕНИЯ""";55;55;55;"{""fz223"": 49, ""commerce"": 6, ""gazprom"": 26}";обойдено
5913001268;159;"АО ""МЕТАФРАКС КЕМИКАЛС""";1;1;1;"{""commerce"": 1}";обойдено
7204095194;226;"ООО ""ТЮМЕНЬ ВОДОКАНАЛ""";2375;2375;2375;"{""fz223"": 2364, ""commerce"": 11}";обойдено
3445042160;254;"ООО ""ГАЗПРОМ ТРАНСГАЗ ВОЛГОГРАД""";388;388;386;"{""commerce"": 388, ""trade_portal"": 355, ""nelikvid"": 12}";обойдено
6901093516;270;Тверь Водоканал;354;354;354;"{""fz223"": 354}";обойдено
2722010040;342;"АО ""ННК-ХАБАРОВСКИЙ НПЗ""";265;265;265;"{""commerce"": 265}";обойдено
5003063216;372;"ООО ""КРИОГАЗ СЕВЕРО-ЗАПАД""";114;114;114;"{""fz223"": 34, ""commerce"": 80}";обойдено
4629026667;418;"МУНИЦИПАЛЬНОЕ УНИТАРНОЕ ПРЕДПРИЯТИЕ ""ВОДОКАНАЛ ГОРОДА КУРСКА""";1;1;1;"{""fz223"": 1}";обойдено
5257086827;437;"АО ""НИЖЕГОРОДСКИЙ ВОДОКАНАЛ""";2162;2162;2162;"{""fz223"": 2038, ""commerce"": 124, ""trade_portal"": 4, ""nelikvid"": 113}";обойдено
2633001291;494;"МУНИЦИПАЛЬНОЕ УНИТАРНОЕ ПРЕДПРИЯТИЕ ""ВОДОКАНАЛ"" ГОРОДА СТАВРОПОЛЯ";96;96;96;"{""commerce"": 96}";обойдено
7840346335;718;"АО ""ГРУППА ""ИЛИМ""";1;1;1;"{""commerce"": 1}";обойдено
6625004271;719;"АО ""ПНТЗ""";3;3;3;"{""commerce"": 3}";обойдено
0266033685;734;"ООО ""ПВК""";901;901;901;"{""fz223"": 811, ""commerce"": 75, ""gazprom"": 407, ""trade_portal"": 21}";обойдено
1102054991;823;"ООО ""ГАЗПРОМ ПЕРЕРАБОТКА""";9;9;9;"{""commerce"": 9}";обойдено
3445042160;1838;"ООО ""ГАЗПРОМ ТРАНСГАЗ ВОЛГОГРАД""";1394;1394;1394;"{""fz223"": 892, ""gazprom"": 1393}";обойдено
7707049388;4502;"ПУБЛИЧНОЕ АКЦИОНЕРНОЕ ОБЩЕСТВО ""РОСТЕЛЕКОМ""";25754;4140;4132;"{""fz223"": 5, ""commerce"": 25749, ""trade_portal"": 25605, ""nelikvid"": 104}";взято не всё, потолок площадки
5001071638;4625;"ООО ""КРИОГАЗ"" (ИНН 5001071638)";146;146;146;"{""fz223"": 1, ""commerce"": 145}";обойдено
2511040110;4643;"МУП ""УССУРИЙСК-ВОДОКАНАЛ""";89;89;89;"{""fz223"": 87, ""commerce"": 2, ""trade_portal"": 2}";обойдено
7806151791;4799;АО РЭПХ;742;742;742;"{""commerce"": 742, ""geh_group"": 742}";обойдено
7703647595;4819;"АО ""ОХК ""УРАЛХИМ""";41;41;41;"{""commerce"": 41}";обойдено
0268008010;4826;"АО ""БСК""";85;85;28;"{""commerce"": 85, ""nelikvid"": 78}";обойдено
7118004789;4849;"ОАО ""Щекиноазот""";0;0;0;{};обойдено
7404052938;4864;АО Златмаш;2357;2357;2355;"{""fz223"": 2191, ""commerce"": 166, ""nelikvid"": 158}";обойдено
5001000066;4868;"АО ""КРИОГЕНМАШ""";7105;4000;4000;"{""commerce"": 7105, ""nelikvid"": 1}";взято не всё, потолок площадки
1434045743;4934;Эльгауголь;1134;1134;1134;"{""fz223"": 1, ""commerce"": 1133, ""nelikvid"": 1}";обойдено
7712025390;4936;АО ГИПРОКИСЛОРОД;653;653;653;"{""commerce"": 653}";обойдено
9701011913;4969;"ООО ""ЗАРУБЕЖНЕФТЬ-ДОБЫЧА ХАРЬЯГА""";2096;2096;2096;"{""fz223"": 3, ""commerce"": 2093, ""trade_portal"": 29}";обойдено
3834002314;4971;"ПАО ""КОРШУНОВСКИЙ ГОК""";1246;1246;1246;"{""commerce"": 1246}";обойдено
4214000608;4976;"ПАО ""ЮЖНЫЙ КУЗБАСС""";2996;2996;2996;"{""commerce"": 2996, ""nelikvid"": 6}";обойдено
6608001915;4996;ЕКАТЕРИНБУРГСКОЕ МУНИЦИПАЛЬНОЕ УНИТАРНОЕ ПРЕДПРИЯТИЕ ВОДОПРОВОДНО-КАНАЛИЗАЦИОННОГО ХОЗЯЙСТВА;621;621;621;"{""fz223"": 434, ""commerce"": 187, ""trade_portal"": 12}";обойдено
7726671234;4997;"ООО ""РВК-ВОРОНЕЖ""";2705;2705;2705;"{""fz223"": 2702, ""commerce"": 3}";обойдено
5504097128;4998;АО ОМСКВОДОКАНАЛ;3965;3965;3965;"{""fz223"": 3963, ""commerce"": 2, ""nelikvid"": 2}";обойдено
7817045594;5001;ИЖОРАРЕМСЕРВИС;918;918;918;"{""commerce"": 918}";обойдено
7712040285;5005;"ПУБЛИЧНОЕ АКЦИОНЕРНОЕ ОБЩЕСТВО ""НАУЧНО-ПРОИЗВОДСТВЕННОЕ ОБЪЕДИНЕНИЕ ""АЛМАЗ"" ИМЕНИ АКАДЕМИКА А.А.РАСПЛЕТИНА""";2521;2521;2483;"{""fz223"": 2154, ""commerce"": 367, ""trade_portal"": 4, ""nelikvid"": 288}";обойдено
3665046177;5008;АО КБХА;1468;1468;1448;"{""fz223"": 1265, ""commerce"": 203, ""nelikvid"": 122}";обойдено
1102024468;5047;"ООО ""ГАЗПРОМ ТРАНСГАЗ УХТА""";2429;2429;2253;"{""fz223"": 759, ""commerce"": 1670, ""gazprom"": 19, ""trade_portal"": 272, ""nelikvid"": 1103}";обойдено
2801091892;5056;"АКЦИОНЕРНОЕ ОБЩЕСТВО ""АМУРСКИЕ КОММУНАЛЬНЫЕ СИСТЕМЫ""";144;144;144;"{""fz223"": 144}";обойдено
4345047310;5064;"АО ""ВМП ""АВИТЕК""";1055;1055;1053;"{""fz223"": 1046, ""commerce"": 9, ""nelikvid"": 9}";обойдено
5911029807;5078;"ПАО ""УРАЛКАЛИЙ""";0;0;0;{};обойдено
7701791321;5103;"Общество с ограниченной ответственностью ""Совместная Компания ""РУСВЬЕТПЕТРО""";31;31;26;"{""fz223"": 17, ""commerce"": 14, ""trade_portal"": 1, ""nelikvid"": 13}";обойдено
7705880068;5112;Русский Уголь;726;726;726;"{""commerce"": 726}";обойдено
3302001983;5137;"МУНИЦИПАЛЬНОЕ УНИТАРНОЕ ПРЕДПРИЯТИЕ ""ВЛАДИМИРВОДОКАНАЛ"" ГОРОДА ВЛАДИМИРА";87;87;87;"{""fz223"": 85, ""commerce"": 2, ""trade_portal"": 1}";обойдено
8901014564;5164;"ООО ""ЯРГЕО""";717;717;717;"{""commerce"": 717, ""trade_portal"": 435, ""zakupki_biznes"": 5, ""nelikvid"": 14}";обойдено
5907001774;5188;ПАО НПОИСКРА;3585;3585;3585;"{""fz223"": 3371, ""commerce"": 214, ""trade_portal"": 1}";обойдено
4250000459;5402;"ОБЩЕСТВО С ОГРАНИЧЕННОЙ ОТВЕТСТВЕННОСТЬЮ ""БЕРЕЗОВСКИЕ КОММУНАЛЬНЫЕ СИСТЕМЫ""";65;65;65;"{""fz223"": 65}";обойдено
7414003633;5416;"ПАО ""ММК""";37;37;37;"{""commerce"": 37, ""trade_portal"": 14}";обойдено
7727298791;5421;"ООО УК ""УЗТМ-КАРТЭКС""";613;613;613;"{""commerce"": 613, ""nelikvid"": 1}";обойдено
7716182080;5429;"ООО ""ДИАЛЛ АЛЬЯНС""";349;349;348;"{""commerce"": 349, ""nelikvid"": 12}";обойдено
6663005798;5432;"ПАО ""УРАЛМАШЗАВОД""";14658;4158;4135;"{""commerce"": 14658, ""zakupki_biznes"": 3, ""nelikvid"": 342}";взято не всё, потолок площадки
7703370008;5447;"ПАО ""МЕЧЕЛ""";1240;1240;1240;"{""fz223"": 1, ""commerce"": 1239, ""zakupki_biznes"": 2, ""nelikvid"": 3}";обойдено
0266048970;5463;"ООО ""ГАЗПРОМ НЕФТЕХИМ САЛАВАТ""";17189;6235;6179;"{""fz223"": 1879, ""commerce"": 15310, ""trade_portal"": 250, ""nelikvid"": 370}";взято не всё, потолок площадки
2709001590;5465;"АО ""ПОРТ ВАНИНО""";1120;1120;1120;"{""fz223"": 1116, ""commerce"": 4}";обойдено
7806369727;5470;АО НЗЛ;5438;4363;4362;"{""fz223"": 24, ""commerce"": 5414, ""trade_portal"": 3783, ""geh_group"": 5433, ""nelikvid"": 5}";взято не всё, потолок площадки
7722245108;5475;"ООО ""МЕЧЕЛ-ЭНЕРГО""";341;341;341;"{""fz223"": 335, ""commerce"": 6}";обойдено
7722245108;5476;"ООО ""МЕЧЕЛ-ЭНЕРГО""";1180;1180;1180;"{""fz223"": 1162, ""commerce"": 18}";обойдено
7722245108;5494;"ООО ""МЕЧЕЛ-ЭНЕРГО""";71;71;71;"{""fz223"": 56, ""commerce"": 15}";обойдено
4205002327;5501;"АКЦИОНЕРНОЕ ОБЩЕСТВО ""КЕМВОД""";177;177;177;"{""fz223"": 177}";обойдено
7722245108;5503;"ООО ""МЕЧЕЛ-ЭНЕРГО""";47;47;47;"{""fz223"": 33, ""commerce"": 14}";обойдено
6673091980;5506;ПЖТ-55;181;181;175;"{""commerce"": 181, ""nelikvid"": 32}";обойдено
7714572888;5509;АОСТНГ;7192;4829;4829;"{""commerce"": 7192, ""trade_portal"": 2876, ""nelikvid"": 12}";взято не всё, потолок площадки
7722245108;5540;"ООО ""МЕЧЕЛ-ЭНЕРГО""";76;76;76;"{""fz223"": 62, ""commerce"": 14}";обойдено
4217048100;5576;СИБЭНЕРГОУГОЛЬ;33;33;33;"{""commerce"": 33}";обойдено
1102054991;5580;"ООО ""ГАЗПРОМ ПЕРЕРАБОТКА""";33;33;33;"{""commerce"": 33}";обойдено
1102054991;5593;"ООО ""ГАЗПРОМ ПЕРЕРАБОТКА""";189;189;187;"{""commerce"": 189, ""nelikvid"": 33}";обойдено
4214000608;5596;"ПАО ""ЮЖНЫЙ КУЗБАСС""";20;20;20;"{""commerce"": 20}";обойдено
1102054991;5618;"ООО ""ГАЗПРОМ ПЕРЕРАБОТКА""";3261;3261;3260;"{""fz223"": 2533, ""commerce"": 712, ""gazprom"": 2545, ""trade_portal"": 707, ""nelikvid"": 4}";обойдено
7722220390;5692;ИК АРЛАН (АО ПАВЛИК);4;4;4;"{""commerce"": 4}";обойдено
5610077370;5736;"ООО ""ОРЕНБУРГ ВОДОКАНАЛ""";1955;1955;1955;"{""fz223"": 1948, ""commerce"": 7}";обойдено
1644003838;5801;"ПАО ""ТАТНЕФТЬ"" ИМ. В.Д. ШАШИНА";103;103;95;"{""commerce"": 103, ""trade_portal"": 1, ""nelikvid"": 9}";обойдено
9106001900;5849;"АО ""СЗ""";781;781;781;"{""commerce"": 781, ""trade_portal"": 6, ""nelikvid"": 58}";обойдено
5836623790;5877;"ОБЩЕСТВО С ОГРАНИЧЕННОЙ ОТВЕТСТВЕННОСТЬЮ ""ГОРВОДОКАНАЛ""";863;863;863;"{""fz223"": 863}";обойдено
7731263174;5886;"АО ""ГПТП ""Гранит""";170;170;164;"{""fz223"": 53, ""commerce"": 117, ""trade_portal"": 16, ""nelikvid"": 102}";обойдено
7728778215;5901;"ООО ""УЛЬЯНОВСКОБЛВОДОКАНАЛ""";495;495;495;"{""fz223"": 494, ""commerce"": 1, ""trade_portal"": 1}";обойдено
6315376946;5916;"ПАО ""Т ПЛЮС""";190;190;190;"{""fz223"": 142, ""commerce"": 48}";обойдено
7736046504;5950;АВИАПРЕДПРИЯТИЕ ГАЗПРОМ АВИА;1009;1009;1009;"{""fz223"": 2, ""commerce"": 1007, ""trade_portal"": 714, ""nelikvid"": 293}";обойдено
5003113668;6107;УММ;585;585;585;"{""commerce"": 585, ""nelikvid"": 1}";обойдено
7728171283;6146;"ФГУП ""НПЦАП""";3869;3869;3869;"{""fz223"": 3856, ""commerce"": 13, ""trade_portal"": 13}";обойдено
6025001060;6175;"МП ""ВОДОКАНАЛ"" Г. ВЕЛИКИЕ ЛУКИ";6;6;6;"{""fz223"": 6}";обойдено
2221064060;6214;"ООО ""БАРНАУЛЬСКИЙ ВОДОКАНАЛ""";1857;1857;1857;"{""fz223"": 1857}";обойдено
5920005217;6252;"ПКГУП ""ЧАЙКОВСКИЙ ВОДОКАНАЛ""";110;110;110;"{""fz223"": 110}";обойдено
7731084175;6253;АО КОНЦЕРН ВКО АЛМАЗ - АНТЕЙ;432;432;426;"{""fz223"": 417, ""commerce"": 15, ""nelikvid"": 15}";обойдено
7729082090;6290;МОСКОВСКИЙ ГОСУДАРСТВЕННЫЙ УНИВЕРСИТЕТ ИМЕНИ М.В.ЛОМОНОСОВА, МГУ ИМЕНИ М.В.ЛОМОНОСОВА, МОСКОВСКИЙ УНИВЕРСИТЕТ ИЛИ МГУ;4784;4099;4099;"{""fz223"": 4685, ""commerce"": 99, ""trade_portal"": 99}";взято не всё, потолок площадки
5260000192;6349;"ГОСУДАРСТВЕННОЕ ПРЕДПРИЯТИЕ НИЖЕГОРОДСКОЙ ОБЛАСТИ ""НИЖЕГОРОДСКИЙ ПАССАЖИРСКИЙ АВТОМОБИЛЬНЫЙ ТРАНСПОРТ""";2;2;2;"{""fz223"": 2}";обойдено
4705029366;6425;"АКЦИОНЕРНОЕ ОБЩЕСТВО ""ЛЕНИНГРАДСКИЕ ОБЛАСТНЫЕ КОММУНАЛЬНЫЕ СИСТЕМЫ""";7;7;7;"{""fz223"": 7}";обойдено
2204001528;6429;"ФКП  ""БОЗ""";3;3;3;"{""fz223"": 3}";обойдено
7736186950;6455;"ООО ""ГАЗПРОМ ЭНЕРГО""";638;638;638;"{""fz223"": 1, ""commerce"": 637, ""trade_portal"": 623, ""nelikvid"": 15}";обойдено
7707049388;6498;"ПУБЛИЧНОЕ АКЦИОНЕРНОЕ ОБЩЕСТВО ""РОСТЕЛЕКОМ""";1045;1045;1045;"{""commerce"": 1045, ""trade_portal"": 1044}";обойдено
6501146467;6514;"АКЦИОНЕРНОЕ ОБЩЕСТВО ""ДАЛЬМОРНЕФТЕГЕОФИЗИКА""";14;14;14;"{""fz223"": 14}";обойдено
7726747370;6520;"ОБЩЕСТВО С ОГРАНИЧЕННОЙ ОТВЕТСТВЕННОСТЬЮ ""РВК-АРХАНГЕЛЬСК""";922;922;922;"{""fz223"": 921, ""commerce"": 1}";обойдено
7728171283;6529;"ФГУП ""НПЦАП""";193;193;193;"{""fz223"": 193}";обойдено
5199000024;6547;"АКЦИОНЕРНОЕ ОБЩЕСТВО ""АРКТИЧЕСКИЕ МОРСКИЕ ИНЖЕНЕРНО-ГЕОЛОГИЧЕСКИЕ ЭКСПЕДИЦИИ""";3;3;3;"{""fz223"": 3}";обойдено
7743937082;6548;"ФЕДЕРАЛЬНОЕ АВТОНОМНОЕ УЧРЕЖДЕНИЕ ""РОССИЙСКИЙ ДОРОЖНЫЙ НАУЧНО-ИССЛЕДОВАТЕЛЬСКИЙ ИНСТИТУТ""";588;588;588;"{""fz223"": 566, ""commerce"": 22, ""trade_portal"": 3}";обойдено
7707049388;6556;"ПУБЛИЧНОЕ АКЦИОНЕРНОЕ ОБЩЕСТВО ""РОСТЕЛЕКОМ""";635;635;635;"{""commerce"": 635, ""trade_portal"": 635}";обойдено
4715030610;6562;"ООО ""ПГЛЗ""";5;5;5;"{""commerce"": 5}";обойдено
7420000133;6563;ПАО УРАЛКУЗ;2148;2148;2148;"{""commerce"": 2148}";обойдено
7704010978;6578;ГЛАВУПДК ПРИ МИД РОССИИ;2660;2660;2660;"{""fz223"": 2292, ""commerce"": 368, ""nelikvid"": 26}";обойдено
7707049388;6582;"ПУБЛИЧНОЕ АКЦИОНЕРНОЕ ОБЩЕСТВО ""РОСТЕЛЕКОМ""";5;5;5;"{""commerce"": 5, ""trade_portal"": 5}";обойдено
6604017216;6585;"МУП БВКХ ""ВОДОКАНАЛ""";7;7;7;"{""fz223"": 7}";обойдено
4222010511;6615;"ПАО ""ЮК ГРЭС""";2159;2159;2159;"{""fz223"": 2159}";обойдено
5001071638;6621;"ООО ""КРИОГАЗ"" (ИНН 5001071638)";42;42;42;"{""commerce"": 42, ""trade_portal"": 11}";обойдено
6612005052;6628;"АО ""РУСАЛ УРАЛ""";1;1;1;"{""commerce"": 1}";обойдено
6673125685;6639;"ООО ""ЮЖУРАЛМАШ""";1886;1886;1830;"{""commerce"": 1886, ""nelikvid"": 229}";обойдено
0256006322;6679;"АО ""БМК""";2071;2070;2063;"{""commerce"": 2071, ""nelikvid"": 68}";взято не всё, потолок площадки
5920000593;6687;"ООО ""ГАЗПРОМ ТРАНСГАЗ ЧАЙКОВСКИЙ""";1;1;1;"{""commerce"": 1, ""trade_portal"": 1}";обойдено
7708117908;6700;"АКЦИОНЕРНОЕ ОБЩЕСТВО ""ЦЕМРОС""";5;5;5;"{""commerce"": 5}";обойдено
7838024362;6701;"ООО ""ПЕТЕРБУРГТЕПЛОЭНЕРГО""";1014;1014;1014;"{""fz223"": 1006, ""commerce"": 8, ""trade_portal"": 4, ""geh_group"": 1007, ""nelikvid"": 2}";обойдено
7705581646;6708;УК СОДРУЖЕСТВО;299;299;299;"{""commerce"": 299}";обойдено
3460019060;6739;КОНЦЕССИИ ВОДОСНАБЖЕНИЯ;1039;1039;1039;"{""fz223"": 643, ""commerce"": 396, ""trade_portal"": 389, ""nelikvid"": 1}";обойдено
6315376946;6762;"ПАО ""Т ПЛЮС""";74;74;74;"{""fz223"": 13, ""commerce"": 61, ""trade_portal"": 60}";обойдено
6315376946;6763;"ПАО ""Т ПЛЮС""";87;87;87;"{""fz223"": 13, ""commerce"": 74, ""trade_portal"": 73}";обойдено
6315376946;6764;"ПАО ""Т ПЛЮС""";38;38;38;"{""fz223"": 7, ""commerce"": 31, ""trade_portal"": 28}";обойдено
6665002150;6767;АО КУМЗ;7419;4045;4045;"{""commerce"": 7419, ""trade_portal"": 1, ""zakupki_biznes"": 2, ""nelikvid"": 395}";взято не всё, потолок площадки
7707049388;6772;"ПУБЛИЧНОЕ АКЦИОНЕРНОЕ ОБЩЕСТВО ""РОСТЕЛЕКОМ""";52;52;52;"{""commerce"": 52, ""trade_portal"": 52}";обойдено
7722692000;6775;"АО ""ОРКК""";26;26;26;"{""fz223"": 26}";обойдено
2304073741;6809;"ОБЩЕСТВО С ОГРАНИЧЕННОЙ ОТВЕТСТВЕННОСТЬЮ ""КОНЦЕССИИ ВОДОСНАБЖЕНИЯ - ГЕЛЕНДЖИК""";543;543;543;"{""fz223"": 425, ""commerce"": 118, ""trade_portal"": 118}";обойдено
5920000593;6818;"ООО ""ГАЗПРОМ ТРАНСГАЗ ЧАЙКОВСКИЙ""";2377;2377;2377;"{""fz223"": 1220, ""commerce"": 438, ""gazprom"": 1939, ""trade_portal"": 433}";обойдено
2127309097;6876;ПО КТЗ;1;1;1;"{""commerce"": 1}";обойдено
5501041254;6888;"АО ""ГАЗПРОМНЕФТЬ-ОНПЗ""";758;758;758;"{""commerce"": 758, ""pao_gazpromneft"": 758}";обойдено
4345000249;6937;"МУНИЦИПАЛЬНОЕ УНИТАРНОЕ ПРЕДПРИЯТИЕ ""ВОДОКАНАЛ""";1528;1528;1527;"{""fz223"": 1496, ""commerce"": 32, ""nelikvid"": 32}";обойдено
7707049388;6941;"ПУБЛИЧНОЕ АКЦИОНЕРНОЕ ОБЩЕСТВО ""РОСТЕЛЕКОМ""";1476;1476;1476;"{""fz223"": 1, ""commerce"": 1475, ""trade_portal"": 1475}";обойдено
5243027892;6948;АРЗАМАССКИЙ ВОДОКАНАЛ;273;273;273;"{""fz223"": 248, ""commerce"": 25, ""trade_portal"": 25}";обойдено
7707049388;6955;"ПУБЛИЧНОЕ АКЦИОНЕРНОЕ ОБЩЕСТВО ""РОСТЕЛЕКОМ""";998;998;998;"{""fz223"": 1, ""commerce"": 997, ""trade_portal"": 997}";обойдено
7723006328;6958;"АО ""ГАЗПРОМНЕФТЬ - МНПЗ""";247;247;247;"{""commerce"": 247, ""pao_gazpromneft"": 246, ""nelikvid"": 1}";обойдено
7707049388;7077;"ПУБЛИЧНОЕ АКЦИОНЕРНОЕ ОБЩЕСТВО ""РОСТЕЛЕКОМ""";623;623;623;"{""commerce"": 623, ""trade_portal"": 623}";обойдено
8605003932;7095;"ПАО ""СН-МНГ""";1381;1381;1381;"{""commerce"": 1381, ""pao_gazpromneft"": 1377}";обойдено
7725027605;7123;"ФЕДЕРАЛЬНОЕ ГОСУДАРСТВЕННОЕ УНИТАРНОЕ ПРЕДПРИЯТИЕ ""КОСМИЧЕСКАЯ СВЯЗЬ""";804;804;804;"{""fz223"": 803, ""commerce"": 1, ""trade_portal"": 1}";обойдено
5001071638;7130;"ООО ""КРИОГАЗ"" (ИНН 5001071638)";15;15;15;"{""commerce"": 15}";обойдено
7707049388;7156;"ПУБЛИЧНОЕ АКЦИОНЕРНОЕ ОБЩЕСТВО ""РОСТЕЛЕКОМ""";354;354;354;"{""commerce"": 354, ""trade_portal"": 354}";обойдено
5610218014;7195;"ООО ""ГАЗПРОМНЕФТЬ-ОРЕНБУРГ""";372;372;366;"{""commerce"": 372, ""pao_gazpromneft"": 371, ""nelikvid"": 14}";обойдено
1102054991;7233;"ООО ""ГАЗПРОМ ПЕРЕРАБОТКА""";216;216;192;"{""fz223"": 28, ""commerce"": 188, ""nelikvid"": 175}";обойдено
7728640182;7251;"ООО ""ГАЗПРОМНЕФТЬ -СМ""";607;607;607;"{""commerce"": 607, ""pao_gazpromneft"": 536}";обойдено
7404070888;7306;"Общество с ограниченной ответственностью ""Торговый Дом Златоустовский электрометаллургический завод""";0;0;0;{};обойдено
5920000593;7345;"ООО ""ГАЗПРОМ ТРАНСГАЗ ЧАЙКОВСКИЙ""";15;15;15;"{""commerce"": 15, ""trade_portal"": 15}";обойдено
6315376946;7389;"ПАО ""Т ПЛЮС""";784;784;784;"{""fz223"": 17, ""commerce"": 767, ""trade_portal"": 766}";обойдено
6315376946;7390;"ПАО ""Т ПЛЮС""";653;653;653;"{""fz223"": 10, ""commerce"": 643, ""trade_portal"": 642}";обойдено
6315376946;7399;"ПАО ""Т ПЛЮС""";353;353;353;"{""fz223"": 55, ""commerce"": 298, ""trade_portal"": 297}";обойдено
6315376946;7410;"ПАО ""Т ПЛЮС""";236;236;236;"{""fz223"": 42, ""commerce"": 194, ""trade_portal"": 193}";обойдено
6315376946;7414;"ПАО ""Т ПЛЮС""";418;418;418;"{""fz223"": 97, ""commerce"": 321, ""trade_portal"": 310}";обойдено
6315376946;7418;"ПАО ""Т ПЛЮС""";30;30;30;"{""fz223"": 1, ""commerce"": 29, ""trade_portal"": 27}";обойдено
6315376946;7435;"ПАО ""Т ПЛЮС""";193;193;193;"{""fz223"": 4, ""commerce"": 189, ""trade_portal"": 188}";обойдено
5038004331;7436;"ГОСУДАРСТВЕННОЕ КАЗЕННОЕ УЧРЕЖДЕНИЕ МОСКОВСКОЙ ОБЛАСТИ ""МОСОБЛЛЕС""";1;1;1;"{""commerce"": 1, ""trade_portal"": 1}";обойдено
1102054991;7455;"ООО ""ГАЗПРОМ ПЕРЕРАБОТКА""";42;42;38;"{""commerce"": 42, ""nelikvid"": 37}";обойдено
6315376946;7478;"ПАО ""Т ПЛЮС""";149;149;149;"{""fz223"": 3, ""commerce"": 146, ""trade_portal"": 146}";обойдено
7806151791;7493;АО РЭПХ;0;0;0;{};обойдено
5501177142;7512;"ООО ""ГАЗПРОМНЕФТЬ - КС""";362;362;362;"{""commerce"": 362}";обойдено
7712040126;7516;ПАО АЭРОФЛОТ;1183;1183;1142;"{""commerce"": 1183, ""trade_portal"": 87, ""nelikvid"": 225}";обойдено
2607018122;7529;"ПАО ""ОГК-2""";282;282;270;"{""fz223"": 3, ""commerce"": 279, ""geh_group"": 26, ""nelikvid"": 278}";обойдено
7806151791;7531;АО РЭПХ;555;555;555;"{""fz223"": 555, ""gazprom"": 141, ""geh_group"": 555}";обойдено
1102054991;7596;"ООО ""ГАЗПРОМ ПЕРЕРАБОТКА""";90;90;81;"{""commerce"": 90, ""nelikvid"": 86}";обойдено
7728640182;7675;"ООО ""ГАЗПРОМНЕФТЬ -СМ""";1103;1103;1103;"{""commerce"": 1103, ""pao_gazpromneft"": 60}";обойдено
7707049388;7687;"ПУБЛИЧНОЕ АКЦИОНЕРНОЕ ОБЩЕСТВО ""РОСТЕЛЕКОМ""";1;1;1;"{""fz223"": 1}";обойдено
7707049388;7726;"ПУБЛИЧНОЕ АКЦИОНЕРНОЕ ОБЩЕСТВО ""РОСТЕЛЕКОМ""";681;681;681;"{""commerce"": 681, ""trade_portal"": 681}";обойдено
7707049388;7734;"ПУБЛИЧНОЕ АКЦИОНЕРНОЕ ОБЩЕСТВО ""РОСТЕЛЕКОМ""";1;1;1;"{""fz223"": 1}";обойдено
1102054991;7738;"ООО ""ГАЗПРОМ ПЕРЕРАБОТКА""";20;20;17;"{""commerce"": 20, ""nelikvid"": 19}";обойдено
7707049388;7787;"ПУБЛИЧНОЕ АКЦИОНЕРНОЕ ОБЩЕСТВО ""РОСТЕЛЕКОМ""";1;1;1;"{""fz223"": 1}";обойдено
6315376946;7849;"ПАО ""Т ПЛЮС""";73;73;73;"{""fz223"": 13, ""commerce"": 60, ""trade_portal"": 58}";обойдено
2462206345;7886;"АО ""Красмаш""";62;62;62;"{""fz223"": 62}";обойдено
7707049388;7903;"ПУБЛИЧНОЕ АКЦИОНЕРНОЕ ОБЩЕСТВО ""РОСТЕЛЕКОМ""";740;740;740;"{""fz223"": 2, ""commerce"": 738, ""trade_portal"": 738}";обойдено
9706009675;7990;"АО ""АЙСОРС""";6711;4007;4007;"{""commerce"": 6711, ""trade_portal"": 7}";взято не всё, потолок площадки
0270007455;8016;"АО ""УЧАЛИНСКИЙ ГОК""";2;2;2;"{""commerce"": 2}";обойдено
2352039652;8021;ОТЭКО - ПОРТСЕРВИС;785;785;783;"{""commerce"": 785, ""nelikvid"": 15}";обойдено
2352039660;8079;ОТЭКО - ТЕРМИНАЛ;144;144;141;"{""commerce"": 144, ""nelikvid"": 7}";обойдено
1433000147;8089;"АК ""АЛРОСА"" (ПАО)";5;5;5;"{""fz223"": 5}";обойдено
5501085734;8133;"ООО ""ПОЛИОМ""";695;695;685;"{""commerce"": 695, ""trade_portal"": 1, ""nelikvid"": 22}";обойдено
6704000505;8176;"ПАО ""Дорогобуж""";0;0;0;{};обойдено
7820016674;8180;"САНКТ-ПЕТЕРБУРГСКОЕ ГОСУДАРСТВЕННОЕ КАЗЕННОЕ УЧРЕЖДЕНИЕ ""ЦЕНТР КОМПЛЕКСНОГО БЛАГОУСТРОЙСТВА""";0;0;0;{};обойдено
7713652964;8223;"ГОСУДАРСТВЕННОЕ КАЗЕННОЕ УЧРЕЖДЕНИЕ ГОРОДА МОСКВЫ ""ДИРЕКЦИЯ ЗАКАЗЧИКА ЖИЛИЩНО-КОММУНАЛЬНОГО ХОЗЯЙСТВА И БЛАГОУСТРОЙСТВА ";0;0;0;{};обойдено
7703642903;8370;"ОБЩЕСТВО С ОГРАНИЧЕННОЙ ОТВЕТСТВЕННОСТЬЮ ""ИНТЕР РАО-ЦЕНТР УПРАВЛЕНИЯ ЗАКУПКАМИ""";1219;1219;1219;"{""commerce"": 1219, ""trade_portal"": 1219}";обойдено
4714004270;8415;"ФГУП ""ФЭО""";3;3;3;"{""commerce"": 3, ""nelikvid"": 3}";обойдено
5920000593;8416;"ООО ""ГАЗПРОМ ТРАНСГАЗ ЧАЙКОВСКИЙ""";1369;1369;1318;"{""commerce"": 1369, ""trade_portal"": 1227, ""nelikvid"": 142}";обойдено
2801147023;8417;"ООО ""Маломырский рудник""";5;5;5;"{""commerce"": 5}";обойдено
0277077282;8427;"ООО ""БГК"" (ИНН 0277077282)";22;22;22;"{""fz223"": 22}";обойдено
7802888337;8760;СОЮЗМЕТАЛЛСЕРВИС;305;305;305;"{""commerce"": 305, ""nelikvid"": 7}";обойдено
7704784450;8780;"АО ""ИНТЕР РАО-ЭЛЕКТРОГЕНЕРАЦИЯ""";127;127;127;"{""fz223"": 44, ""commerce"": 83, ""inter_rao"": 82, ""nelikvid"": 83}";обойдено
4100002351;8824;АО БЫСТРИНСКАЯ ГОРНАЯ КОМПАНИЯ;22;22;22;"{""commerce"": 22}";обойдено
5501023216;8864;"АО ""ОМСКИЙ КАУЧУК""";614;614;605;"{""commerce"": 614, ""trade_portal"": 36, ""nelikvid"": 120}";обойдено
7736046504;8890;АВИАПРЕДПРИЯТИЕ ГАЗПРОМ АВИА;526;526;520;"{""commerce"": 526, ""trade_portal"": 201, ""nelikvid"": 325}";обойдено
7810442793;8934;«ГСП-Механизация»;4652;4246;4229;"{""commerce"": 4652, ""trade_portal"": 3840, ""nelikvid"": 20}";взято не всё, потолок площадки
0268004714;8986;"АО ""СНХЗ""";216;216;176;"{""commerce"": 216, ""nelikvid"": 210}";обойдено
0266048970;9049;"ООО ""ГАЗПРОМ НЕФТЕХИМ САЛАВАТ""";2273;2273;2273;"{""fz223"": 3, ""gazprom"": 2273}";обойдено
7810474820;9086;ГСП-СЕРВИС;1966;1966;1966;"{""commerce"": 1966, ""trade_portal"": 636, ""nelikvid"": 9}";обойдено
9729293785;9122;ГБР;758;758;758;"{""commerce"": 758, ""trade_portal"": 516, ""geh_group"": 758}";обойдено
7737106202;9149;ГСП Ремонт;4910;4000;4000;"{""commerce"": 4910, ""trade_portal"": 260, ""nelikvid"": 13}";взято не всё, потолок площадки
9728050571;9154;ФЛ АО НПЦАП-ПОКОРПУС;1616;1616;1616;"{""fz223"": 1294, ""commerce"": 322, ""trade_portal"": 142, ""nelikvid"": 180}";обойдено
9728050571;9169;ФЛ АО НПЦАП-ПОКОРПУС;634;634;634;"{""fz223"": 600, ""commerce"": 34, ""trade_portal"": 34}";обойдено
4214000252;9191;"АКЦИОНЕРНОЕ ОБЩЕСТВО ""МЕЖДУРЕЧЬЕ""";11;11;11;"{""fz223"": 11}";обойдено
5003026493;9260;"ООО ""ГАЗПРОМ БУРЕНИЕ""";2337;2337;2337;"{""commerce"": 2337, ""trade_portal"": 3, ""drilling"": 2337}";обойдено
5003026493;9266;"ООО ""ГАЗПРОМ БУРЕНИЕ""";2074;2074;2074;"{""commerce"": 2074, ""drilling"": 2074}";обойдено
5003026493;9270;"ООО ""ГАЗПРОМ БУРЕНИЕ""";2417;2417;2417;"{""commerce"": 2417, ""drilling"": 2417}";обойдено
5003026493;9273;"ООО ""ГАЗПРОМ БУРЕНИЕ""";1356;1356;1216;"{""commerce"": 1356, ""trade_portal"": 3, ""drilling"": 1277, ""nelikvid"": 203}";обойдено
7730263904;9275;"ООО ""РВК-ЛИПЕЦК""";712;712;712;"{""fz223"": 711, ""commerce"": 1}";обойдено
5003026493;9302;"ООО ""ГАЗПРОМ БУРЕНИЕ""";1634;1634;1634;"{""commerce"": 1634, ""drilling"": 1634}";обойдено
6027014114;9304;ГАУК ПО НПЦ ПО ОХРАНЕ ПАМЯТНИКОВ;1;1;1;"{""commerce"": 1, ""trade_portal"": 1}";обойдено
4205375960;9374;"ОБЩЕСТВО С ОГРАНИЧЕННОЙ ОТВЕТСТВЕННОСТЬЮ ""ТАЙГИНСКОЕ ВКХ""";5;5;5;"{""fz223"": 5}";обойдено
5244009279;9541;АКЦИОНЕРНОЕ ОБЩЕСТВО ВОЛГА;4;4;4;"{""commerce"": 4, ""trade_portal"": 4}";обойдено
6323049893;9583;"ООО ""ТОЛЬЯТТИКАУЧУК""";1;1;1;"{""commerce"": 1, ""trade_portal"": 1}";обойдено
7701984274;9660;"АО ""Мосводоканал""";1;1;1;"{""commerce"": 1, ""trade_portal"": 1}";обойдено
4205000908;9663;"КАО ""АЗОТ""";31;31;31;"{""commerce"": 31}";обойдено
6147005538;9696;"ОТКРЫТОЕ АКЦИОНЕРНОЕ ОБЩЕСТВО ""ИСТОК""";1;1;1;"{""commerce"": 1, ""nelikvid"": 1}";обойдено
5250043567;9726;"ООО ""ЛУКОЙЛ-НИЖЕГОРОДНЕФТЕОРГСИНТЕЗ""";6;6;6;"{""commerce"": 6, ""trade_portal"": 6}";обойдено
7718560636;9730;ПАО Группа Черкизово;58;58;58;"{""commerce"": 58, ""trade_portal"": 58}";обойдено
2903000446;9743;"АО ""АРХАНГЕЛЬСКИЙ ЦБК"", АЦБК";5;5;5;"{""commerce"": 5, ""trade_portal"": 1}";обойдено
8703010889;9784;"ОБЩЕСТВО С ОГРАНИЧЕННОЙ ОТВЕТСТВЕННОСТЬЮ ""АРЕАЛ. РЕГИОНАЛЬНЫЙ ЦЕНТР""";1801;1801;1801;"{""commerce"": 1801, ""trade_portal"": 1106, ""nelikvid"": 1}";обойдено
7116000066;9856;"АО ""НАК ""АЗОТ""";2;2;2;"{""commerce"": 2, ""trade_portal"": 2}";обойдено
0266040210;10026;"ООО ""АКРИЛ САЛАВАТ""";465;465;465;"{""commerce"": 115, ""gazprom"": 350, ""trade_portal"": 48}";обойдено
7705551779;10065;"ООО ""РИ-ИНВЕСТ""";7;7;7;"{""commerce"": 7, ""trade_portal"": 7}";обойдено
6165132680;10160;ВСК;438;438;438;"{""fz223"": 438}";обойдено
4205003440;10194;"АО ""КТК"" (ИНН 4205003440)";1;1;1;"{""commerce"": 1}";обойдено
7704784450;10212;"АО ""ИНТЕР РАО-ЭЛЕКТРОГЕНЕРАЦИЯ""";0;0;0;{};обойдено
6451122250;10223;"ООО ""САРАТОВОРГСИНТЕЗ""";24;24;24;"{""commerce"": 24, ""trade_portal"": 5}";обойдено
0274018377;10246;ПАО БАШИНФОРМСВЯЗЬ;438;438;420;"{""commerce"": 438, ""trade_portal"": 420, ""nelikvid"": 18}";обойдено
7117000076;10280;"АО ""Пластик""";11;11;11;"{""commerce"": 11}";обойдено
6315376946;10281;"ПАО ""Т ПЛЮС""";21;21;21;"{""fz223"": 1, ""commerce"": 20}";обойдено
6629022962;10323;"АО ""УЭХК""";1;1;1;"{""commerce"": 1, ""trade_portal"": 1}";обойдено
5615002700;10352;"ПАО ""ОРСКНЕФТЕОРГСИНТЕЗ""";4;4;4;"{""commerce"": 4}";обойдено
7327077188;10399;ОБЩЕСТВО С ОГРАНИЧЕННОЙ ОТВЕТСТВЕННОСТЬЮ УЛЬЯНОВСКИЙ АВТОМОБИЛЬНЫЙ ЗАВОД;0;0;0;{};обойдено
5024001482;10401;Государственное бюджетное учреждение здравоохранения города Москвы «Московская городская онкологическая больница № 62 Де;0;0;0;{};обойдено
6315376946;10404;"ПАО ""Т ПЛЮС""";3;3;2;"{""fz223"": 1, ""commerce"": 2, ""nelikvid"": 1}";обойдено
3435000932;10462;"МУП ""ВОДОКАНАЛ""";65;65;65;"{""fz223"": 49, ""commerce"": 16, ""trade_portal"": 14, ""nelikvid"": 2}";обойдено
7723332561;10502;"ООО ""НПП ""НЕФТЕХИМИЯ""";380;380;380;"{""commerce"": 380, ""trade_portal"": 1}";обойдено
5515201050;10531;МУП НФС ВОСКРЕСЕНСКАЯ;29;29;29;"{""fz223"": 29}";обойдено
7705739450;10691;"ООО ""НЕСТЛЕ РОССИЯ""";1;1;1;"{""commerce"": 1, ""trade_portal"": 1}";обойдено
2365001416;10736;"МУП ""ЖКХ ГОРОДА ТУАПСЕ""";59;59;59;"{""fz223"": 58, ""commerce"": 1, ""nelikvid"": 1}";обойдено
7716154981;10818;"Общество с ограниченной ответственностью ""АЭРОКУЗБАСС""";312;312;312;"{""fz223"": 312}";обойдено
5406323202;10833;"АО ""ТГК-11""";11;11;11;"{""fz223"": 8, ""commerce"": 3}";обойдено
3849067674;10956;"АКЦИОНЕРНОЕ ОБЩЕСТВО ""СПЕЦАВТОХОЗЯЙСТВО"" ГОРОДА ИРКУТСКА";17;17;17;"{""fz223"": 16, ""commerce"": 1, ""trade_portal"": 1}";обойдено
4223030694;11080;"АКЦИОНЕРНОЕ ОБЩЕСТВО ""ПРОИЗВОДСТВЕННОЕ ОБЪЕДИНЕНИЕ ВОДОКАНАЛ""";175;175;175;"{""fz223"": 173, ""commerce"": 2, ""trade_portal"": 2}";обойдено
6167055777;11119;"ООО ""МЭЗ ЮГ РУСИ""";1;1;1;"{""commerce"": 1}";обойдено
6318105574;11208;"АО ""МЕТАЛЛИСТ-САМАРА""";1;1;1;"{""commerce"": 1}";обойдено
7438015885;11357;"АО ""МАКФА""";2;2;2;"{""commerce"": 2, ""trade_portal"": 1}";обойдено
5902290191;11377;"ПЕРМСКИЙ РАЙОН ГИДРОТЕХНИЧЕСКИХ СООРУЖЕНИЙ И СУДОХОДСТВА-ФИЛИАЛ ФБУ ""АДМИНИСТРАЦИЯ КАМСКОГО БАССЕЙНА ВНУТРЕННИХ ВОДНЫХ П";8;8;8;"{""fz223"": 2, ""commerce"": 6, ""trade_portal"": 6}";обойдено
7709064286;11451;Государственное бюджетное учреждение здравоохранения города Москвы «Научно-практический клинический центр диагностики и ;0;0;0;{};обойдено
7701568891;11687;"ООО ГРК ""Быстринское""";82;82;82;"{""commerce"": 82}";обойдено
7701568891;11699;"ООО ГРК ""Быстринское""";689;689;689;"{""commerce"": 689}";обойдено
6455010934;11710;ГАУК СГАТД;47;47;47;"{""fz223"": 3, ""commerce"": 44, ""trade_portal"": 41}";обойдено
2466137893;11810;"АКЦИОНЕРНОЕ ОБЩЕСТВО ""ПАССАЖИРРЕЧТРАНС""";47;47;47;"{""fz223"": 46, ""commerce"": 1, ""trade_portal"": 1}";обойдено
3851001198;11902;"ОБЩЕСТВО С ОГРАНИЧЕННОЙ ОТВЕТСТВЕННОСТЬЮ ""АКВАСЕРВИС""";13;13;13;"{""fz223"": 13}";обойдено
6166047727;11928;"Общество с ограниченной ответственностью ""Ростсельмашэнерго""";15;15;15;"{""fz223"": 15}";обойдено
1435219600;11932;"АКЦИОНЕРНОЕ ОБЩЕСТВО ""ВОДОКАНАЛ""";59;59;59;"{""fz223"": 59}";обойдено
2700001300;11947;"МУНИЦИПАЛЬНОЕ УНИТАРНОЕ ПРЕДПРИЯТИЕ ГОРОДА ХАБАРОВСКА ""ВОДОКАНАЛ""";54;54;54;"{""fz223"": 54}";обойдено
7838024362;12001;"ООО ""ПЕТЕРБУРГТЕПЛОЭНЕРГО""";1336;1336;1332;"{""fz223"": 893, ""commerce"": 443, ""trade_portal"": 439, ""geh_group"": 1332, ""nelikvid"": 4}";обойдено
7704784450;12030;"АО ""ИНТЕР РАО-ЭЛЕКТРОГЕНЕРАЦИЯ""";2;2;2;"{""commerce"": 2, ""inter_rao"": 2, ""nelikvid"": 2}";обойдено
2635040105;12052;"ГОСУДАРСТВЕННОЕ УНИТАРНОЕ ПРЕДПРИЯТИЕ СТАВРОПОЛЬСКОГО КРАЯ ""СТАВРОПОЛЬКРАЙВОДОКАНАЛ""";1;1;1;"{""commerce"": 1, ""trade_portal"": 1}";обойдено
3808118560;12191;"ОБЩЕСТВО С ОГРАНИЧЕННОЙ ОТВЕТСТВЕННОСТЬЮ ""ТОРГОВЫЙ ДОМ ""ЕВРОСИБЭНЕРГО""";1;1;1;"{""commerce"": 1, ""trade_portal"": 1}";обойдено
8401005730;12267;"ПАО ""ГМК ""НОРИЛЬСКИЙ НИКЕЛЬ""";3;3;3;"{""commerce"": 3, ""trade_portal"": 3}";обойдено
0267018087;12282;"ГОСУДАРСТВЕННОЕ УНИТАРНОЕ ПРЕДПРИЯТИЕ РЕСПУБЛИКИ БАШКОРТОСТАН ""СИБАЙВОДОКАНАЛ""";3;3;3;"{""fz223"": 3}";обойдено
5920014645;12358;"АО ""УРАЛОРГСИНТЕЗ""";7;7;1;"{""commerce"": 7, ""nelikvid"": 6}";обойдено
7201000726;12522;"АО ""ТРАНСНЕФТЬ - СИБИРЬ""";262;262;262;"{""commerce"": 262, ""trade_portal"": 262}";обойдено
3801079671;12574;"ООО""ТРАНСНЕФТЬ - ВОСТОК""";43;43;43;"{""fz223"": 1, ""commerce"": 42, ""trade_portal"": 41, ""nelikvid"": 1}";обойдено
6317024749;12575;"АО ""ТРАНСНЕФТЬ-ПРИВОЛГА""";314;314;314;"{""fz223"": 1, ""commerce"": 313, ""trade_portal"": 311, ""nelikvid"": 2}";обойдено
5260900725;12584;"АО ""ТРАНСНЕФТЬ - ВЕРХНЯЯ ВОЛГА""";171;171;171;"{""commerce"": 171, ""trade_portal"": 171}";обойдено
4823006703;12632;"ПАО ""НЛМК""";0;0;0;{};обойдено
6315376946;13698;"ПАО ""Т ПЛЮС""";12;12;12;"{""commerce"": 12, ""trade_portal"": 11}";обойдено
0326540932;13995;"МУНИЦИПАЛЬНОЕ УНИТАРНОЕ ПРЕДПРИЯТИЕ ""ВОДОКАНАЛ"" ГОРОДА УЛАН-УДЭ";193;193;192;"{""fz223"": 183, ""commerce"": 10, ""trade_portal"": 8, ""nelikvid"": 2}";обойдено
5944202327;14161;"ОБЩЕСТВО С ОГРАНИЧЕННОЙ ОТВЕТСТВЕННОСТЬЮ ""УРАЛ - ТРАНСКОМ""";269;269;269;"{""commerce"": 269}";обойдено
6454003331;14275;МУПП САРАТОВВОДОКАНАЛ;854;854;854;"{""fz223"": 508, ""commerce"": 346, ""trade_portal"": 346}";обойдено
2130225986;14531;"КАЗЕННОЕ УЧРЕЖДЕНИЕ ЧУВАШСКОЙ РЕСПУБЛИКИ ""РЕГИОНАЛЬНЫЙ ЦЕНТР ЗАКУПОК ЧУВАШСКОЙ РЕСПУБЛИКИ""";0;0;0;{};обойдено
2130230898;14561;ТД Транспортное машиностроение;2;2;2;"{""commerce"": 2}";обойдено
3849096450;14863;"ОБЩЕСТВО С ОГРАНИЧЕННОЙ ОТВЕТСТВЕННОСТЬЮ ""СЕРВИС ИНЖИНИРИНГ СИСТЕМС""";343;343;339;"{""commerce"": 343, ""zakupki_biznes"": 5, ""nelikvid"": 4}";обойдено
6829012231;14978;"АКЦИОНЕРНОЕ ОБЩЕСТВО ""ТАМБОВСКАЯ СЕТЕВАЯ КОМПАНИЯ""";72;72;72;"{""fz223"": 6, ""commerce"": 66, ""trade_portal"": 66}";обойдено
7201000726;15319;"АО ""ТРАНСНЕФТЬ - СИБИРЬ""";4;4;4;"{""commerce"": 4, ""trade_portal"": 4}";обойдено
7805059786;15428;"АО ""МЗ ""ПЕТРОСТАЛЬ""";183;183;183;"{""commerce"": 183, ""zakupki_biznes"": 42, ""nelikvid"": 7}";обойдено
7730263559;15444;"ООО ""РВК-ТИХОРЕЦК""";34;34;34;"{""fz223"": 34}";обойдено
2536112729;15461;"КГУП ""Примтеплоэнерго""";59;59;59;"{""fz223"": 59}";обойдено
7201000726;15493;"АО ""ТРАНСНЕФТЬ - СИБИРЬ""";1;1;1;"{""commerce"": 1, ""trade_portal"": 1}";обойдено
7704784450;15551;"АО ""ИНТЕР РАО-ЭЛЕКТРОГЕНЕРАЦИЯ""";2;2;2;"{""commerce"": 2, ""trade_portal"": 2}";обойдено
7536064538;15559;"АКЦИОНЕРНОЕ ОБЩЕСТВО ""ПРОИЗВОДСТВЕННОЕ УПРАВЛЕНИЕ ВОДОСНАБЖЕНИЯ И ВОДООТВЕДЕНИЯ ГОРОДА ЧИТЫ""";243;243;243;"{""fz223"": 241, ""commerce"": 2, ""trade_portal"": 2}";обойдено
6450007198;15650;"ФЕДЕРАЛЬНОЕ ГОСУДАРСТВЕННОЕ БЮДЖЕТНОЕ НАУЧНОЕ УЧРЕЖДЕНИЕ ""РОССИЙСКИЙ НАУЧНО-ИССЛЕДОВАТЕЛЬСКИЙ И ПРОЕКТНО-ТЕХНОЛОГИЧЕСКИЙ";18;18;18;"{""fz223"": 3, ""commerce"": 15, ""trade_portal"": 15}";обойдено
2124009521;15656;"ПАО ""ХИМПРОМ""";27;27;27;"{""commerce"": 27, ""nelikvid"": 1}";обойдено
7201000726;15797;"АО ""ТРАНСНЕФТЬ - СИБИРЬ""";2;2;2;"{""commerce"": 2, ""trade_portal"": 2}";обойдено
5406323202;15828;"АО ""ТГК-11""";1;1;1;"{""commerce"": 1, ""trade_portal"": 1}";обойдено
1627005779;15909;"АО ""АММОНИЙ""";6;6;6;"{""commerce"": 6, ""nelikvid"": 6}";обойдено
4708007089;15936;"ООО""КИНЕФ""";1;1;1;"{""commerce"": 1, ""zakupki_biznes"": 1}";обойдено
7729082090;16061;МОСКОВСКИЙ ГОСУДАРСТВЕННЫЙ УНИВЕРСИТЕТ ИМЕНИ М.В.ЛОМОНОСОВА, МГУ ИМЕНИ М.В.ЛОМОНОСОВА, МОСКОВСКИЙ УНИВЕРСИТЕТ ИЛИ МГУ;2;2;2;"{""commerce"": 2, ""trade_portal"": 2}";обойдено
2310010637;16578;"ГУП КК ""КУБАНЬВОДКОМПЛЕКС""";74;74;74;"{""fz223"": 64, ""commerce"": 10, ""trade_portal"": 10}";обойдено
5256049357;16724;"ООО ""АВТОЗАВОДСКАЯ ТЭЦ""";4;4;4;"{""fz223"": 4}";обойдено
2902060361;16768;"АО ""ЦС ""ЗВЕЗДОЧКА""";1;1;1;"{""commerce"": 1}";обойдено
7710177774;16854;"ГОСУДАРСТВЕННОЕ БЮДЖЕТНОЕ УЧРЕЖДЕНИЕ ГОРОДА МОСКВЫ ""ФИНАНСОВО-ХОЗЯЙСТВЕННОЕ УПРАВЛЕНИЕ""";4;4;4;"{""commerce"": 4, ""trade_portal"": 4}";обойдено
1103047637;17074;"МУНИЦИПАЛЬНОЕ УНИТАРНОЕ ПРЕДПРИЯТИЕ ""ВОРКУТИНСКИЙ ВОДОКАНАЛ"" МУНИЦИПАЛЬНОГО ОКРУГА ""ВОРКУТА"" РЕСПУБЛИКИ КОМИ";1;1;1;"{""fz223"": 1}";обойдено
7729466258;17189;Государственное бюджетное учреждение города Москвы «Жилищник района Ново-Переделкино»;24;24;24;"{""commerce"": 24, ""trade_portal"": 24}";обойдено
0276178778;17319;"АКЦИОНЕРНОЕ ОБЩЕСТВО ""СПЕЦИАЛИЗИРОВАННОЕ АВТОМОБИЛЬНОЕ ХОЗЯЙСТВО ПО УБОРКЕ ГОРОДА""";15;15;6;"{""fz223"": 5, ""commerce"": 10, ""trade_portal"": 1, ""nelikvid"": 9}";обойдено
2466229600;17372;"Общество с ограниченной ответственностью ""Краевая энергосберегающая компания""";279;279;279;"{""fz223"": 279}";обойдено
6315376946;17407;"ПАО ""Т ПЛЮС""";218;218;218;"{""commerce"": 218, ""trade_portal"": 214}";обойдено
4102009338;17429;"АО ""СВРЦ""";46;46;46;"{""commerce"": 46, ""zakupki_biznes"": 46}";обойдено
6315376946;17445;"ПАО ""Т ПЛЮС""";2;2;2;"{""commerce"": 2}";обойдено
7709886600;17588;Государственное бюджетное учреждение города Москвы «Автомобильные дороги Центрального административного округа»;0;0;0;{};обойдено
5254001230;17727;"ФГУП ""РФЯЦ - ВНИИЭФ""";0;0;0;{};обойдено
5001000041;17831;"АО ""ЛГР""";39;39;39;"{""commerce"": 39, ""zakupki_biznes"": 39}";обойдено
5034065171;18121;"ГОСУДАРСТВЕННОЕ УНИТАРНОЕ ПРЕДПРИЯТИЕ МОСКОВСКОЙ ОБЛАСТИ ""КОММУНАЛЬНЫЕ СИСТЕМЫ МОСКОВСКОЙ ОБЛАСТИ""";0;0;0;{};обойдено
7830001910;18218;"АКЦИОНЕРНОЕ ОБЩЕСТВО ""БАЛТИЙСКИЙ ЗАВОД""";1;1;1;"{""commerce"": 1, ""trade_portal"": 1}";обойдено
3901500276;18284;"АКЦИОНЕРНОЕ ОБЩЕСТВО ""33 СУДОРЕМОНТНЫЙ ЗАВОД""";20;20;4;"{""commerce"": 20, ""nelikvid"": 19}";обойдено
2502035642;18433;"АКЦИОНЕРНОЕ ОБЩЕСТВО ""МЕЖДУНАРОДНЫЙ АЭРОПОРТ ВЛАДИВОСТОК""";4;4;4;"{""fz223"": 4}";обойдено
7702038150;19221;"ГУП ""Московский метрополитен""";8;8;8;"{""commerce"": 8, ""trade_portal"": 8}";обойдено
2724132118;19222;«Транснефть – Дальний Восток»;187;187;187;"{""commerce"": 187, ""trade_portal"": 186, ""nelikvid"": 1}";обойдено
0278039018;19229;"АО ""ТРАНСНЕФТЬ - УРАЛ""";22;22;22;"{""commerce"": 22, ""trade_portal"": 22}";обойдено
5112000689;19434;АО КОЛЬСКОЕ ПРЕДПРИЯТИЕ ЭРА;31;31;31;"{""commerce"": 31, ""zakupki_biznes"": 29, ""nelikvid"": 2}";обойдено
0277077282;19840;"ООО ""БГК"" (ИНН 0277077282)";1;1;1;"{""commerce"": 1}";обойдено
2311008207;20011;ФГБНУ ФНЦ ВНИИМК;65;65;65;"{""fz223"": 49, ""commerce"": 16, ""trade_portal"": 16}";обойдено
6321280368;20615;"ООО ""АВК""";2;2;2;"{""fz223"": 2}";обойдено
7751335645;20834;Государственное бюджетное учреждение города Москвы «Автомобильные дороги Троицкого административного округа»;141;141;141;"{""commerce"": 141, ""trade_portal"": 141}";обойдено
5009046489;21233;"МБУ ""МФЦ ДОМОДЕДОВО""";19;19;19;"{""commerce"": 19, ""trade_portal"": 19}";обойдено
2434012299;21765;"ООО ""СОВРУДНИК""";498;498;498;"{""fz223"": 159, ""commerce"": 339, ""trade_portal"": 316}";обойдено
7727260438;21883;Государственное бюджетное учреждение здравоохранения города Москвы «Детская городская поликлиника № 69 Департамента здра;1;1;1;"{""commerce"": 1, ""trade_portal"": 1}";обойдено
0268000188;22013;"МУНИЦИПАЛЬНОЕ УНИТАРНОЕ ПРЕДПРИЯТИЕ ""СТЕРЛИТАМАКВОДОКАНАЛ"" ГОРОДСКОГО ОКРУГА ГОРОД СТЕРЛИТАМАК РЕСПУБЛИКИ БАШКОРТОСТАН";34;34;34;"{""fz223"": 34}";обойдено
5032004536;23189;Государственное автономное учреждение организации культуры Московской области «Государственный историко-литературный муз;1;1;1;"{""commerce"": 1, ""trade_portal"": 1}";обойдено
4223036696;23293;"ООО ""ОФ ""ПРОКОПЬЕВСКУГОЛЬ""";3;3;3;"{""commerce"": 3}";обойдено
5050025306;24033;"МУНИЦИПАЛЬНОЕ УНИТАРНОЕ ПРЕДПРИЯТИЕ ГОРОДСКОГО ОКРУГА ЩЁЛКОВО ""МЕЖРАЙОННЫЙ ЩЁЛКОВСКИЙ ВОДОКАНАЛ""";1;1;1;"{""commerce"": 1, ""trade_portal"": 1}";обойдено
5053017550;24275;"МУНИЦИПАЛЬНОЕ БЮДЖЕТНОЕ УЧРЕЖДЕНИЕ ""БЛАГОУСТРОЙСТВО""";1;1;1;"{""commerce"": 1, ""trade_portal"": 1}";обойдено
1658087524;24520;"ООО ""ЗАПСИБНЕФТЕХИМ""";49;49;0;"{""commerce"": 49, ""nelikvid"": 49}";обойдено
7736259816;24830;"ООО ""УК ""ЭВОЛЮЦИЯ""";3;3;3;"{""commerce"": 3, ""trade_portal"": 3}";обойдено
470507656525;24853;Махмудов Абдулазиз Махмудович;14;14;0;"{""commerce"": 14, ""nelikvid"": 14}";обойдено
