tip;id;predmet;zakazchik;cena;url_kartochki;kontaktnoe_lico;istochnik;data_sbora
B2B-закупка;5438800;Компрессор;"ОБЩЕСТВО С ОГРАНИЧЕННОЙ ОТВЕТСТВЕННОСТЬЮ ""ЕВРОХИМ ТЕРМИНАЛ УСТЬ - ЛУГА""";Не определена;https://zakupki.mos.ru/need/5438800;Митрофанов Алексей Владимирович;"zakupki.mos.ru/purchase/list, filter={""nameLike"":{""contains"":true,""value"":""компрессор""}}, perPage=50, стр.1 из 3044 найденных";2026-07-30
Закупка по потребностям;4973736;Компрессор;"МУНИЦИПАЛЬНОЕ КАЗЕННОЕ УЧРЕЖДЕНИЕ ""ХОЗЯЙСТВЕННО-ЭКСПЛУАТАЦИОННОЕ УПРАВЛЕНИЕ""";29 469,17 ₽;https://zakupki.mos.ru/need/4973736;;"zakupki.mos.ru/purchase/list, filter={""nameLike"":{""contains"":true,""value"":""компрессор""}}, perPage=50, стр.1 из 3044 найденных";2026-07-30
Закупка по потребностям;3745344;Компрессор;МУНИЦИПАЛЬНОЕ ОБЩЕОБРАЗОВАТЕЛЬНОЕ УЧРЕЖДЕНИЕ СРЕДНЯЯ ОБЩЕОБРАЗОВАТЕЛЬНАЯ ШКОЛА №15;25 000,00 ₽;https://zakupki.mos.ru/need/3745344;;"zakupki.mos.ru/purchase/list, filter={""nameLike"":{""contains"":true,""value"":""компрессор""}}, perPage=50, стр.1 из 3044 найденных";2026-07-30
Котировочная сессия;9988851;КОМПРЕССОРЫ;Государственное бюджетное учреждение города Москвы «Жилищник района Ясенево» (ИНН: 7728866101);121 871,00 ₽;https://zakupki.mos.ru/auction/9988851;;"zakupki.mos.ru/purchase/list, filter={""nameLike"":{""contains"":true,""value"":""компрессор""}}, perPage=50, стр.1 из 3044 найденных";2026-07-30
B2B-закупка;5001911;Компрессор;"АКЦИОНЕРНОЕ ОБЩЕСТВО ""НЕФТЕКАМСКОЕ ПРОИЗВОДСТВЕННОЕ ОБЪЕДИНЕНИЕ ИСКУССТВЕННЫХ КОЖ""";Не определена;https://zakupki.mos.ru/need/5001911;Байбурин Руслан;"zakupki.mos.ru/purchase/list, filter={""nameLike"":{""contains"":true,""value"":""компрессор""}}, perPage=50, стр.1 из 3044 найденных";2026-07-30
Котировочная сессия;9566113;КОМПРЕССОРЫ;Государственное бюджетное учреждение культуры города Москвы «Детский театр эстрады» (ИНН: 7710042865);16 340,00 ₽;https://zakupki.mos.ru/auction/9566113;;"zakupki.mos.ru/purchase/list, filter={""nameLike"":{""contains"":true,""value"":""компрессор""}}, perPage=50, стр.1 из 3044 найденных";2026-07-30
Закупка по потребностям;3784642;Компрессор;"ГОСУДАРСТВЕННОЕ БЮДЖЕТНОЕ УЧРЕЖДЕНИЕ ЗДРАВООХРАНЕНИЯ ""КАНЕВСКАЯ ЦЕНТРАЛЬНАЯ РАЙОННАЯ БОЛЬНИЦА"" МИНИСТЕРСТВА ЗДРАВООХРАНЕНИЯ КРАСНОДАРСКОГО КРАЯ";17 200,00 ₽;https://zakupki.mos.ru/need/3784642;;"zakupki.mos.ru/purchase/list, filter={""nameLike"":{""contains"":true,""value"":""компрессор""}}, perPage=50, стр.1 из 3044 найденных";2026-07-30
Закупка по потребностям;3551166;Компрессор;"ГОСУДАРСТВЕННОЕ БЮДЖЕТНОЕ УЧРЕЖДЕНИЕ ЗДРАВООХРАНЕНИЯ МОСКОВСКОЙ ОБЛАСТИ ""СЕРГИЕВО-ПОСАДСКАЯ РАЙОННАЯ БОЛЬНИЦА""";490 000,00 ₽;https://zakupki.mos.ru/need/3551166;;"zakupki.mos.ru/purchase/list, filter={""nameLike"":{""contains"":true,""value"":""компрессор""}}, perPage=50, стр.1 из 3044 найденных";2026-07-30
Закупка по потребностям;282091;Компрессор;"МУНИЦИПАЛЬНОЕ КАЗЕННОЕ УЧРЕЖДЕНИЕ "" АВАРИЙНО-СПАСАТЕЛЬНАЯ СЛУЖБА ТИМАШЕВСКОГО ГОРОДСКОГО ПОСЕЛЕНИЯ ТИМАШЕВСКОГО РАЙОНА """;39 000,00 ₽;https://zakupki.mos.ru/need/282091;;"zakupki.mos.ru/purchase/list, filter={""nameLike"":{""contains"":true,""value"":""компрессор""}}, perPage=50, стр.1 из 3044 найденных";2026-07-30
Закупка по потребностям;5437453;Компрессор;"ГОСУДАРСТВЕННОЕ КАЗЕННОЕ УЧРЕЖДЕНИЕ ЗДРАВООХРАНЕНИЯ ""КУЗБАССКИЙ ЦЕНТР КРОВИ""";3 780,00 ₽;https://zakupki.mos.ru/need/5437453;;"zakupki.mos.ru/purchase/list, filter={""nameLike"":{""contains"":true,""value"":""компрессор""}}, perPage=50, стр.1 из 3044 найденных";2026-07-30
B2B-закупка;5350311;Компрессор;"ОБЩЕСТВО С ОГРАНИЧЕННОЙ ОТВЕТСТВЕННОСТЬЮ ""СЕРВИС ИНЖИНИРИНГ СИСТЕМС""";Не определена;https://zakupki.mos.ru/need/5350311;;"zakupki.mos.ru/purchase/list, filter={""nameLike"":{""contains"":true,""value"":""компрессор""}}, perPage=50, стр.1 из 3044 найденных";2026-07-30
Котировочная сессия;9713265;КОМПРЕССОРЫ;Государственное автономное учреждение города Москвы Инженерный научно-практический центр «Гормедтехника Департамента здравоохранения города Москвы» (ИНН: 7725262013);61 100,00 ₽;https://zakupki.mos.ru/auction/9713265;;"zakupki.mos.ru/purchase/list, filter={""nameLike"":{""contains"":true,""value"":""компрессор""}}, perPage=50, стр.1 из 3044 найденных";2026-07-30
Котировочная сессия;9640992;Компрессор;Государственное бюджетное общеобразовательное учреждение города Москвы «Школа в Некрасовке» (ИНН: 7721692544);6 234,00 ₽;https://zakupki.mos.ru/auction/9640992;;"zakupki.mos.ru/purchase/list, filter={""nameLike"":{""contains"":true,""value"":""компрессор""}}, perPage=50, стр.1 из 3044 найденных";2026-07-30
Закупка по потребностям;1150030;Компрессор;"ГОСУДАРСТВЕННОЕ СТАЦИОНАРНОЕ УЧРЕЖДЕНИЕ СОЦИАЛЬНОГО ОБСЛУЖИВАНИЯ СИСТЕМЫ СОЦИАЛЬНОЙ ЗАЩИТЫ НАСЕЛЕНИЯ ""ЦЕНТР СОДЕЙСТВИЯ СЕМЕЙНОМУ ВОСПИТАНИЮ Г.ЧЕЛЯБИНСКА""";6 189,00 ₽;https://zakupki.mos.ru/need/1150030;;"zakupki.mos.ru/purchase/list, filter={""nameLike"":{""contains"":true,""value"":""компрессор""}}, perPage=50, стр.1 из 3044 найденных";2026-07-30
B2B-закупка;6079128;Компрессоры;"Акционерное общество ""Производственное объединение ""Северное машиностроительное предприятие""";Не определена;https://zakupki.mos.ru/need/6079128;;"zakupki.mos.ru/purchase/list, filter={""nameLike"":{""contains"":true,""value"":""компрессор""}}, perPage=50, стр.1 из 3044 найденных";2026-07-30
Котировочная сессия;9937020;КОМПРЕССОРЫ;Государственное бюджетное учреждение города Москвы «Объединение культурных и досуговых центров Юго-Восточного административного округа» (ИНН: 7722597903);2 433 356,16 ₽;https://zakupki.mos.ru/auction/9937020;;"zakupki.mos.ru/purchase/list, filter={""nameLike"":{""contains"":true,""value"":""компрессор""}}, perPage=50, стр.1 из 3044 найденных";2026-07-30
Котировочная сессия;9756235;КОМПРЕССОРЫ;Государственное бюджетное учреждение города Москвы «Жилищник района Ясенево» (ИНН: 7728866101);195 305,00 ₽;https://zakupki.mos.ru/auction/9756235;;"zakupki.mos.ru/purchase/list, filter={""nameLike"":{""contains"":true,""value"":""компрессор""}}, perPage=50, стр.1 из 3044 найденных";2026-07-30
Закупка по потребностям;3773266;Компрессор;"ГОСУДАРСТВЕННОЕ БЮДЖЕТНОЕ УЧРЕЖДЕНИЕ ЗДРАВООХРАНЕНИЯ ""КАНЕВСКАЯ ЦЕНТРАЛЬНАЯ РАЙОННАЯ БОЛЬНИЦА"" МИНИСТЕРСТВА ЗДРАВООХРАНЕНИЯ КРАСНОДАРСКОГО КРАЯ";6 913,28 ₽;https://zakupki.mos.ru/need/3773266;;"zakupki.mos.ru/purchase/list, filter={""nameLike"":{""contains"":true,""value"":""компрессор""}}, perPage=50, стр.1 из 3044 найденных";2026-07-30
Котировочная сессия;9954986;КОМПРЕССОРЫ;Государственное бюджетное учреждение города Москвы «Автомобильные дороги Зеленоградского административного округа» (ИНН: 7735580463);43 350,00 ₽;https://zakupki.mos.ru/auction/9954986;;"zakupki.mos.ru/purchase/list, filter={""nameLike"":{""contains"":true,""value"":""компрессор""}}, perPage=50, стр.1 из 3044 найденных";2026-07-30
B2B-закупка;5212508;Компрессор;"ОБЩЕСТВО С ОГРАНИЧЕННОЙ ОТВЕТСТВЕННОСТЬЮ ""СЕРВИС ИНЖИНИРИНГ СИСТЕМС""";Не определена;https://zakupki.mos.ru/need/5212508;;"zakupki.mos.ru/purchase/list, filter={""nameLike"":{""contains"":true,""value"":""компрессор""}}, perPage=50, стр.1 из 3044 найденных";2026-07-30
Закупка по потребностям;5020458;Компрессор;"ГОСУДАРСТВЕННОЕ БЮДЖЕТНОЕ УЧРЕЖДЕНИЕ ЗДРАВООХРАНЕНИЯ МОСКОВСКОЙ ОБЛАСТИ ""СЕРГИЕВО-ПОСАДСКАЯ РАЙОННАЯ БОЛЬНИЦА""";242 000,00 ₽;https://zakupki.mos.ru/need/5020458;;"zakupki.mos.ru/purchase/list, filter={""nameLike"":{""contains"":true,""value"":""компрессор""}}, perPage=50, стр.1 из 3044 найденных";2026-07-30
B2B-закупка;6053525;Компрессор;"АКЦИОНЕРНОЕ ОБЩЕСТВО ЦЕНТР СУДОРЕМОНТА ""ЗВЕЗДОЧКА""";Не определена;https://zakupki.mos.ru/need/6053525;;"zakupki.mos.ru/purchase/list, filter={""nameLike"":{""contains"":true,""value"":""компрессор""}}, perPage=50, стр.1 из 3044 найденных";2026-07-30
B2B-закупка;5358419;Компрессор;"ОБЩЕСТВО С ОГРАНИЧЕННОЙ ОТВЕТСТВЕННОСТЬЮ ""УРАЛ - ТРАНСКОМ""";Не определена;https://zakupki.mos.ru/need/5358419;;"zakupki.mos.ru/purchase/list, filter={""nameLike"":{""contains"":true,""value"":""компрессор""}}, perPage=50, стр.1 из 3044 найденных";2026-07-30
Закупка по потребностям;5242112;Компрессор;ГОСУДАРСТВЕННОЕ БЮДЖЕТНОЕ ДОШКОЛЬНОЕ ОБРАЗОВАТЕЛЬНОЕ УЧРЕЖДЕНИЕ ДЕТСКИЙ САД № 68 ПРИМОРСКОГО РАЙОНА САНКТ-ПЕТЕРБУРГА;16 410,00 ₽;https://zakupki.mos.ru/need/5242112;;"zakupki.mos.ru/purchase/list, filter={""nameLike"":{""contains"":true,""value"":""компрессор""}}, perPage=50, стр.1 из 3044 найденных";2026-07-30
Котировочная сессия;9735900;Компрессор;"ГОСУДАРСТВЕННОЕ УЧРЕЖДЕНИЕ ""ПРОИЗВОДСТВЕННО-ТЕХНИЧЕСКОЕ ОБЪЕДИНЕНИЕ УПРАВЛЕНИЯ ДЕЛАМИ ПРАВИТЕЛЬСТВА ЯМАЛО-НЕНЕЦКОГО АВТОНОМНОГО ОКРУГА""";38 400,00 ₽;https://zakupki.mos.ru/auction/9735900;;"zakupki.mos.ru/purchase/list, filter={""nameLike"":{""contains"":true,""value"":""компрессор""}}, perPage=50, стр.1 из 3044 найденных";2026-07-30
Закупка по потребностям;3750803;Компрессор;"ГОСУДАРСТВЕННОЕ УЧРЕЖДЕНИЕ ""ПРОИЗВОДСТВЕННО-ТЕХНИЧЕСКОЕ ОБЪЕДИНЕНИЕ УПРАВЛЕНИЯ ДЕЛАМИ ПРАВИТЕЛЬСТВА ЯМАЛО-НЕНЕЦКОГО АВТОНОМНОГО ОКРУГА""";38 400,00 ₽;https://zakupki.mos.ru/need/3750803;;"zakupki.mos.ru/purchase/list, filter={""nameLike"":{""contains"":true,""value"":""компрессор""}}, perPage=50, стр.1 из 3044 найденных";2026-07-30
Закупка по потребностям;4003917;Блок защиты компрессора INT69 для компрессоров HANBELL;"МУНИЦИПАЛЬНОЕ АВТОНОМНОЕ УЧРЕЖДЕНИЕ ДОПОЛНИТЕЛЬНОГО ОБРАЗОВАНИЯ ""СПОРТИВНАЯ ШКОЛА ""ТЕМП""";120 006,00 ₽;https://zakupki.mos.ru/need/4003917;;"zakupki.mos.ru/purchase/list, filter={""nameLike"":{""contains"":true,""value"":""компрессор""}}, perPage=50, стр.1 из 3044 найденных";2026-07-30
Закупка по потребностям;6054760;Поставка компрессора;"ГОСУДАРСТВЕННОЕ БЮДЖЕТНОЕ ДОШКОЛЬНОЕ ОБРАЗОВАТЕЛЬНОЕ УЧРЕЖДЕНИЕ ДЕТСКИЙ САД № 97 КРАСНОСЕЛЬСКОГО РАЙОНА САНКТ-ПЕТЕРБУРГА ""ПЛАНЕТА ДЕТСТВА""";22 990,00 ₽;https://zakupki.mos.ru/need/6054760;;"zakupki.mos.ru/purchase/list, filter={""nameLike"":{""contains"":true,""value"":""компрессор""}}, perPage=50, стр.1 из 3044 найденных";2026-07-30
Котировочная сессия;10194174;КОМПРЕССОРЫ ПРОМЫШЛЕННЫЕ;Государственное бюджетное учреждение культуры города Москвы «Парк культуры и отдыха «Сокольники» (ИНН: 7718059719);443 666,68 ₽;https://zakupki.mos.ru/auction/10194174;;"zakupki.mos.ru/purchase/list, filter={""nameLike"":{""contains"":true,""value"":""компрессор""}}, perPage=50, стр.1 из 3044 найденных";2026-07-30
Закупка по потребностям;5981311;Поставка компрессора;"АКЦИОНЕРНОЕ ОБЩЕСТВО ""ФИНАНСОВО-ПРОЕКТНАЯ ЛИЗИНГОВАЯ КОМПАНИЯ МОСКОВСКОЙ ОБЛАСТИ""";512 885,34 ₽;https://zakupki.mos.ru/need/5981311;;"zakupki.mos.ru/purchase/list, filter={""nameLike"":{""contains"":true,""value"":""компрессор""}}, perPage=50, стр.1 из 3044 найденных";2026-07-30
B2B-закупка;5949521;Компрессоры воздушные;"ООО ""ВК""";Не определена;https://zakupki.mos.ru/need/5949521;;"zakupki.mos.ru/purchase/list, filter={""nameLike"":{""contains"":true,""value"":""компрессор""}}, perPage=50, стр.1 из 3044 найденных";2026-07-30
Котировочная сессия;10136482;КОМПРЕССОРЫ ПРОМЫШЛЕННЫЕ;Государственное бюджетное учреждение города Москвы «Жилищник района Ясенево» (ИНН: 7728866101);136 460,00 ₽;https://zakupki.mos.ru/auction/10136482;;"zakupki.mos.ru/purchase/list, filter={""nameLike"":{""contains"":true,""value"":""компрессор""}}, perPage=50, стр.1 из 3044 найденных";2026-07-30
B2B-закупка;5913253;Компрессор TRK5480YTZ;"АКЦИОНЕРНОЕ ОБЩЕСТВО ЦЕНТР СУДОРЕМОНТА ""ЗВЕЗДОЧКА""";Не определена;https://zakupki.mos.ru/need/5913253;;"zakupki.mos.ru/purchase/list, filter={""nameLike"":{""contains"":true,""value"":""компрессор""}}, perPage=50, стр.1 из 3044 найденных";2026-07-30
Котировочная сессия;10117689;Лопатка для компрессора;Государственное бюджетное учреждение города Москвы по эксплуатации высотных административных и жилых домов районов Донского, Чертаново Северное (ИНН: 9726094132);944,00 ₽;https://zakupki.mos.ru/auction/10117689;;"zakupki.mos.ru/purchase/list, filter={""nameLike"":{""contains"":true,""value"":""компрессор""}}, perPage=50, стр.1 из 3044 найденных";2026-07-30
Закупка по потребностям;5647282;Поставка компрессора;"ГОСУДАРСТВЕННОЕ БЮДЖЕТНОЕ УЧРЕЖДЕНИЕ ЗДРАВООХРАНЕНИЯ ЯМАЛО-НЕНЕЦКОГО АВТОНОМНОГО ОКРУГА ""НАДЫМСКАЯ ЦЕНТРАЛЬНАЯ РАЙОННАЯ БОЛЬНИЦА""";20 000,00 ₽;https://zakupki.mos.ru/need/5647282;;"zakupki.mos.ru/purchase/list, filter={""nameLike"":{""contains"":true,""value"":""компрессор""}}, perPage=50, стр.1 из 3044 найденных";2026-07-30
Котировочная сессия;10024079;Демонтаж компрессоров;Государственное бюджетное общеобразовательное учреждение города Москвы «Школа № 185 имени Героя Советского Союза, Героя Социалистического Труда В.С. Гризодубовой» (ИНН: 7743018900);50 000,00 ₽;https://zakupki.mos.ru/auction/10024079;;"zakupki.mos.ru/purchase/list, filter={""nameLike"":{""contains"":true,""value"":""компрессор""}}, perPage=50, стр.1 из 3044 найденных";2026-07-30
Котировочная сессия;9969836;Компрессор поршневой;Государственное бюджетное учреждение города Москвы «Жилищник района Солнцево» (ИНН: 7729466410);63 107,33 ₽;https://zakupki.mos.ru/auction/9969836;;"zakupki.mos.ru/purchase/list, filter={""nameLike"":{""contains"":true,""value"":""компрессор""}}, perPage=50, стр.1 из 3044 найденных";2026-07-30
B2B-закупка;5428693;Поставка компрессоров;"АКЦИОНЕРНОЕ ОБЩЕСТВО ""ПРИМОРСКИЙ ЗАВОД""";Не определена;https://zakupki.mos.ru/need/5428693;;"zakupki.mos.ru/purchase/list, filter={""nameLike"":{""contains"":true,""value"":""компрессор""}}, perPage=50, стр.1 из 3044 найденных";2026-07-30
Котировочная сессия;9940431;Компрессор для аэрографа;"ГОСУДАРСТВЕННОЕ БЮДЖЕТНОЕ ПРОФЕССИОНАЛЬНОЕ ОБРАЗОВАТЕЛЬНОЕ УЧРЕЖДЕНИЕ ПСКОВСКОЙ ОБЛАСТИ ""ПСКОВСКИЙ ПОЛИТЕХНИЧЕСКИЙ КОЛЛЕДЖ"" (ИНН: 6027132830)";10 155,00 ₽;https://zakupki.mos.ru/auction/9940431;;"zakupki.mos.ru/purchase/list, filter={""nameLike"":{""contains"":true,""value"":""компрессор""}}, perPage=50, стр.1 из 3044 найденных";2026-07-30
Закупка по потребностям;5339521;Поставка Компрессора;"АКЦИОНЕРНОЕ ОБЩЕСТВО ""МУРМАНЭНЕРГОСБЫТ""";154 500,00 ₽;https://zakupki.mos.ru/need/5339521;;"zakupki.mos.ru/purchase/list, filter={""nameLike"":{""contains"":true,""value"":""компрессор""}}, perPage=50, стр.1 из 3044 найденных";2026-07-30
Котировочная сессия;9866925;КОМПРЕССОР АВТОМОБИЛЬНЫЙ;Государственное автономное образовательное учреждение дополнительного профессионального образования города Москвы «Центр педагогического мастерства» (ИНН: 7725618950);19 693,98 ₽;https://zakupki.mos.ru/auction/9866925;;"zakupki.mos.ru/purchase/list, filter={""nameLike"":{""contains"":true,""value"":""компрессор""}}, perPage=50, стр.1 из 3044 найденных";2026-07-30
Закупка по потребностям;4990575;Приобретение компрессора;"МУНИЦИПАЛЬНОЕ УНИТАРНОЕ ПРЕДПРИЯТИЕ ""АЗИМУТ""";123 420,00 ₽;https://zakupki.mos.ru/need/4990575;;"zakupki.mos.ru/purchase/list, filter={""nameLike"":{""contains"":true,""value"":""компрессор""}}, perPage=50, стр.1 из 3044 найденных";2026-07-30
Закупка по потребностям;4935937;Приобретение компрессора;"МУНИЦИПАЛЬНОЕ УНИТАРНОЕ ПРЕДПРИЯТИЕ ""АЗИМУТ""";123 420,00 ₽;https://zakupki.mos.ru/need/4935937;;"zakupki.mos.ru/purchase/list, filter={""nameLike"":{""contains"":true,""value"":""компрессор""}}, perPage=50, стр.1 из 3044 найденных";2026-07-30
Закупка по потребностям;4805416;Поставка компрессора;"ГОСУДАРСТВЕННОЕ КРАЕВОЕ БЮДЖЕТНОЕ УЧРЕЖДЕНИЕ ""ЦЕНТР СПОРТИВНОЙ ПОДГОТОВКИ ПЕРМСКОГО КРАЯ""";150 000,00 ₽;https://zakupki.mos.ru/need/4805416;;"zakupki.mos.ru/purchase/list, filter={""nameLike"":{""contains"":true,""value"":""компрессор""}}, perPage=50, стр.1 из 3044 найденных";2026-07-30
Закупка по потребностям;4336564;Поставка компрессора;ГОСУДАРСТВЕННОЕ БЮДЖЕТНОЕ ОБЩЕОБРАЗОВАТЕЛЬНОЕ УЧРЕЖДЕНИЕ СРЕДНЯЯ ОБЩЕОБРАЗОВАТЕЛЬНАЯ ШКОЛА № 207 С УГЛУБЛЕННЫМ ИЗУЧЕНИЕМ АНГЛИЙСКОГО ЯЗЫКА ЦЕНТРАЛЬНОГО РАЙОНА САНКТ-ПЕТЕРБУРГА;8 400,00 ₽;https://zakupki.mos.ru/need/4336564;;"zakupki.mos.ru/purchase/list, filter={""nameLike"":{""contains"":true,""value"":""компрессор""}}, perPage=50, стр.1 из 3044 найденных";2026-07-30
Закупка по потребностям;4317672;Поставка компрессоров;"ГОСУДАРСТВЕННОЕ УЧРЕЖДЕНИЕ ТУЛЬСКОЙ ОБЛАСТИ ""ТОВАРКОВСКИЙ ДОМ-ИНТЕРНАТ ДЛЯ ПРЕСТАРЕЛЫХ И ИНВАЛИДОВ""";69 150,00 ₽;https://zakupki.mos.ru/need/4317672;;"zakupki.mos.ru/purchase/list, filter={""nameLike"":{""contains"":true,""value"":""компрессор""}}, perPage=50, стр.1 из 3044 найденных";2026-07-30
Закупка по потребностям;4270511;Поставка компрессора;МУНИЦИПАЛЬНОЕ БЮДЖЕТНОЕ ОБЩЕОБРАЗОВАТЕЛЬНОЕ УЧРЕЖДЕНИЕ ЛОЖКОВСКАЯ СРЕДНЯЯ ОБЩЕОБРАЗОВАТЕЛЬНАЯ ШКОЛА;27 000,00 ₽;https://zakupki.mos.ru/need/4270511;;"zakupki.mos.ru/purchase/list, filter={""nameLike"":{""contains"":true,""value"":""компрессор""}}, perPage=50, стр.1 из 3044 найденных";2026-07-30
