mesto,inn,naimenovanie,summa_bez_nds,operaciy,pervaya_pokupka,poslednyaya_pokupka,tip
1,9717088118,"ООО ""РТ-ИНЖИНИРИНГ""",386778232.00,6,29.04.2025,29.12.2025,юрлицо
2,2623026057,"ООО ""КОМПРЕССОР-ТЕХЦЕНТР""",268279274.16,1,03.07.2025,03.07.2025,юрлицо
3,5103070023,"АО ""АПАТИТ""",125589515.74,87,17.02.2025,18.12.2025,юрлицо
4,5607019523,"АО ""УРАЛЬСКАЯ СТАЛЬ""",85331634.00,13,25.08.2025,30.12.2025,юрлицо
5,4501129676,"АО "" НПО ""КУРГАНПРИБОР""",84469047.92,22,04.02.2025,24.12.2025,юрлицо
6,3851004128,"ООО ""КНАУФ ГИПС БАЙКАЛ""",54653092.50,4,02.04.2025,18.12.2025,юрлицо
7,2705090529,"АО ""МНОГОВЕРШИННОЕ""",49523054.23,4,28.03.2025,28.11.2025,юрлицо
8,1658152572,"ООО ""МОНАТ ГРУПП""",45867867.00,1,06.11.2025,06.11.2025,юрлицо
9,7708619320,"ПАО ""ОАК""",43942633.29,5,13.02.2025,14.11.2025,юрлицо
10,4028001072,"АО ""КАЛУГАГЛАВСНАБ""",41788093.33,3,03.06.2025,07.07.2025,юрлицо
11,7406002523,"АО ""КАРАБАШМЕДЬ""",41179591.26,58,31.01.2025,29.12.2025,юрлицо
12,1433000147,"АК ""АЛРОСА"" (ПАО)",38787753.71,29,16.01.2025,04.12.2025,юрлицо
13,7202116628,"АО ""СИБУРТЮМЕНЬГАЗ""",38131634.74,35,24.02.2025,26.12.2025,юрлицо
14,7713085659,"АО ""ВБД""",38131051.98,2,21.04.2025,31.10.2025,юрлицо
15,4715019631,"АО ""ТВСЗ""",34332708.34,2,31.03.2025,30.06.2025,юрлицо
16,7714626332,"АО ""ЭЙЧ ЭНД ЭН""",33543675.76,14,09.01.2025,25.12.2025,юрлицо
17,8703009509,"АО ""РУДНИК КАРАЛЬВЕЕМ""",31963909.58,5,31.03.2025,31.12.2025,юрлицо
18,7707727918,"ООО ""УРАЛМАШ НГО ХОЛДИНГ""",31176600.01,8,30.01.2025,30.12.2025,юрлицо
19,5607015014,"ООО ""АККЕРМАНН ЦЕМЕНТ""",29254453.20,8,28.01.2025,31.08.2025,юрлицо
20,6607000556,"ПАО ""КОРПОРАЦИЯ ВСМПО-АВИСМА""",29032094.00,7,28.03.2025,30.12.2025,юрлицо
21,6626002037,"АО ""УРАЛГИДРОМЕДЬ""",28080000.00,2,21.07.2025,22.12.2025,юрлицо
22,7447141540,"ООО  ""КНАУФ ГИПС ЧЕЛЯБИНСК""",26624850.73,10,29.05.2025,16.12.2025,юрлицо
23,6310000160,"АО ""СМЗ""",25771354.80,2,17.07.2025,10.09.2025,юрлицо
24,7702691545,"ООО ""ЛАБ ИНДАСТРИЗ""",25172148.99,28,26.03.2025,31.12.2025,юрлицо
25,2706028675,"ООО ""АГМК""",23112355.00,5,31.03.2025,29.12.2025,юрлицо
26,740400188249,ВОЛКОВ АЛЕКСЕЙ ЕВГЕНЬЕВИЧ,22560794.18,10,27.01.2025,01.09.2025,ИП
27,2434000335,"АО ""ПОЛЮС КРАСНОЯРСК""",20788350.00,1,25.04.2025,25.04.2025,юрлицо
28,6230051360,"ООО ""ЗАВОД ТЕХНО""",19154264.96,21,13.01.2025,17.12.2025,юрлицо
29,5913001268,"АО ""МЕТАФРАКС КЕМИКАЛС""",18937514.99,7,20.03.2025,12.12.2025,юрлицо
30,1651000010,"ПАО ""НИЖНЕКАМСКНЕФТЕХИМ""",18455320.40,5,14.08.2025,30.12.2025,юрлицо
31,4704052309,"ООО ""РОКВУЛ-СЕВЕР""",18080156.62,1,02.09.2025,02.09.2025,юрлицо
32,7706613770,"ООО ""РН-БУРЕНИЕ""",17627166.63,3,04.02.2025,05.06.2025,юрлицо
33,7713748828,"ООО ""АСПЕКС МАШИНОСТРОИТЕЛЬНАЯ КОМПАНИЯ""",17256988.33,6,21.01.2025,07.08.2025,юрлицо
34,6646009256,"АО ""ПРОМСОРТ-УРАЛ""",16923856.98,26,01.08.2025,30.12.2025,юрлицо
35,4725001168,"ООО ""ЯКОБС ДАУ ЭГБЕРТС РУС""",16797800.42,10,10.02.2025,30.12.2025,юрлицо
36,7802849641,"ООО ""ПИВОВАРЕННАЯ КОМПАНИЯ ""БАЛТИКА""",16239120.00,2,26.08.2025,09.09.2025,юрлицо
37,1654040701,"АО ""ЭССЕН ПРОДАКШН АГ""",16205676.15,18,15.01.2025,19.11.2025,юрлицо
38,5607011852,"ООО ""МЕТАЛЕКС""",14499076.83,1,17.04.2025,17.04.2025,юрлицо
39,8603093017,"АО ""ТМК НГС-НИЖНЕВАРТОВСК""",13960916.66,7,12.03.2025,11.12.2025,юрлицо
40,1674002165,"ООО ""СОЛЛЕРС АЛАБУГА""",13732820.00,1,14.04.2025,14.04.2025,юрлицо
41,3123342289,"ООО ""ТЕХНО ЭНЕРДЖИ""",13283347.59,28,22.01.2025,04.12.2025,юрлицо
42,2462004363,"АО ""КЗСК""",12243009.41,4,31.03.2025,30.12.2025,юрлицо
43,4823006703,"ПАО ""НЛМК""",12212588.32,10,09.01.2025,29.12.2025,юрлицо
44,5433188577,"ООО ""ЗТИ СИБИРЬ""",11579389.67,7,27.02.2025,18.12.2025,юрлицо
45,7802118578,"ООО ""ОПХ""",11511245.50,2,14.08.2025,08.09.2025,юрлицо
46,3321005528,"АО ""ЛЕККО""",11321735.49,1,13.10.2025,13.10.2025,юрлицо
47,4345465597,"ООО ПК ""КИРОВ ТАЙР""",11142541.66,14,07.03.2025,26.12.2025,юрлицо
48,6441025673,"ООО ""ЦЕМЕНТУМ ВОЛГА""",10773373.99,18,28.04.2025,22.12.2025,юрлицо
49,6673092045,"АО ""ОКБ ""НОВАТОР""",10702029.07,3,24.03.2025,07.11.2025,юрлицо
50,5024160154,"ООО ""ЗТИ-М""",10608240.00,1,13.11.2025,13.11.2025,юрлицо
51,4216001565,"АО ""КФ""",10416666.67,1,19.03.2025,19.03.2025,юрлицо
52,4631002737,"ОАО  ""ФАРМСТАНДАРТ-ЛЕКСРЕДСТВА""",9463008.00,1,24.09.2025,24.09.2025,юрлицо
53,1655283577,"ООО ""НАНОФАРМА ДЕВЕЛОПМЕНТ""",9373726.64,6,08.05.2025,30.12.2025,юрлицо
54,7705739450,"ООО ""НЕСТЛЕ РОССИЯ""",9096179.27,6,25.02.2025,26.12.2025,юрлицо
55,6632001031,"АО ""СЗФ""",8920403.14,7,18.02.2025,29.08.2025,юрлицо
56,5036074848,"ООО ""ХАЙДЕЛЬБЕРГЦЕМЕНТ РУС""",8919708.00,1,07.10.2025,07.10.2025,юрлицо
57,6603014413,"ООО ""ПСО ""ТЕПЛИТ""",8481464.83,12,29.01.2025,26.12.2025,юрлицо
58,7447010227,"АО ""ЧЭМК""",8415510.81,9,10.01.2025,02.12.2025,юрлицо
59,6672326854,"ООО ""СЖАТЫЙ ВОЗДУХ""",7697811.18,34,09.01.2025,25.11.2025,юрлицо
60,7452075043,"ООО ""ПРОМТЭКС-ЭНЕРГО""",7653701.38,9,03.03.2025,24.12.2025,юрлицо
61,2536314387,"ООО ""ГЛОБАЛ ИНЖИНИРИНГ ГРУПП""",7647884.93,4,04.03.2025,10.11.2025,юрлицо
62,6612001971,"ФГУП ""ПО ""ОКТЯБРЬ""",7613070.97,11,24.02.2025,23.12.2025,юрлицо
63,5604009196,"АО""РИФАР""",7397201.33,8,31.03.2025,30.12.2025,юрлицо
64,1646027023,"АО ""ТРАКЬЯ ГЛАСС РУС""",7349773.33,6,03.04.2025,04.12.2025,юрлицо
65,7705598512,"ООО ""СИРИАЛ ПАРТНЕРС РУС""",7343976.50,2,23.09.2025,23.12.2025,юрлицо
66,1646031132,"ООО ""АЛАБУГА-ВОЛОКНО""",7336479.99,4,14.04.2025,03.12.2025,юрлицо
67,6685126161,"ООО ""АРДЕНА""",7311598.33,1,15.04.2025,15.04.2025,юрлицо
68,7448000013,"АО ""ЧЦЗ""",7304000.00,1,12.02.2025,12.02.2025,юрлицо
69,6664006956,"АО ""ЗКИ""",7252855.49,6,31.03.2025,19.12.2025,юрлицо
70,7455010284,"ООО ""АЛЬКОР""",7241412.13,8,31.03.2025,15.12.2025,юрлицо
71,6635000195,"НАО ""СВЕЗА ВЕРХНЯЯ СИНЯЧИХА""",7082535.19,23,21.01.2025,22.12.2025,юрлицо
72,5838013374,"АО ""ФНПЦ ""ПО ""СТАРТ"" ИМ. М.В. ПРОЦЕНКО""",7051080.78,19,13.03.2025,24.12.2025,юрлицо
73,6671097930,"ООО ""СТИЛ АРМОР""",7040000.00,4,18.04.2025,11.12.2025,юрлицо
74,1650157635,"ООО ""КАМАЗ-ЭНЕРГО""",6722083.33,1,22.01.2025,22.01.2025,юрлицо
75,7805059867,"АО ""ПЕТЕРБУРГСКИЙ ТРАКТОРНЫЙ ЗАВОД""",6628400.00,3,01.08.2025,04.09.2025,юрлицо
76,7702583250,"ООО ""ЛЛК-ИНТЕРНЕШНЛ""",6570800.00,2,30.07.2025,13.08.2025,юрлицо
77,7435006346,"АО ""АГК""",6444476.41,8,06.02.2025,15.12.2025,юрлицо
78,7724729390,"ФБУ ""ФУ БХУХО""",6308000.00,1,29.08.2025,29.08.2025,юрлицо
79,8602060555,"ПАО ""СУРГУТНЕФТЕГАЗ""",6115270.00,3,14.01.2025,30.06.2025,юрлицо
80,7204205739,"ООО ""ТЭО""",6039426.00,3,30.10.2025,22.12.2025,юрлицо
81,4205081463,"ООО ""ТД ""СИБИРСКИЙ ЦЕМЕНТ""",6018666.67,10,23.01.2025,07.11.2025,юрлицо
82,5911029807,"ПАО ""УРАЛКАЛИЙ""",5848561.98,21,20.03.2025,26.12.2025,юрлицо
83,0270007455,"АО ""УЧАЛИНСКИЙ ГОК""",5788712.00,9,24.02.2025,16.10.2025,юрлицо
84,7814370998,"ООО  ""ГИПЕРТЕХНОЛОДЖИ """,5449347.34,6,31.03.2025,09.12.2025,юрлицо
85,4221000630,"АО ""ОРГАНИКА""",5344118.84,5,01.04.2025,17.11.2025,юрлицо
86,5918218070,"ООО ""ГОРНОЗАВОДСКЦЕМЕНТ""",5255760.00,2,01.07.2025,30.12.2025,юрлицо
87,8603087285,"ООО ""ННПО""",5154255.00,1,30.06.2025,30.06.2025,юрлицо
88,6324079869,"ООО ""ЛАДА ФУД ТЕХНОЛОДЖИ""",5144807.67,4,18.02.2025,08.10.2025,юрлицо
89,5916015580,"ООО ""МАСЛОЗАВОД НЫТВЕНСКИЙ""",5102116.44,7,07.07.2025,22.12.2025,юрлицо
90,6438007280,"ООО ""РУСАГРО-АТКАРСК""",5058650.00,1,17.02.2025,17.02.2025,юрлицо
91,5003026493,"ООО ""ГАЗПРОМ БУРЕНИЕ""",4987500.00,2,18.02.2025,18.02.2025,юрлицо
92,6664003916,"АО ""НИЗМК""",4943679.02,17,14.01.2025,10.12.2025,юрлицо
93,7701568891,"ООО ""ГРК ""БЫСТРИНСКОЕ""",4918129.60,2,28.11.2025,28.11.2025,юрлицо
94,7017075536,"ООО ""ТОМСКНЕФТЕХИМ""",4877561.40,2,29.09.2025,18.12.2025,юрлицо
95,5402194877,"ООО ""СИБИРСКИЙ ГУРМАН - НОВОСИБИРСК""",4850630.93,14,12.02.2025,01.12.2025,юрлицо
96,6686095452,"ООО ""СИНЕРГИЯ""",4824201.88,5,31.03.2025,29.12.2025,юрлицо
97,5405125896,"ООО ""ИНТЕРПАК""",4678347.34,5,16.01.2025,15.12.2025,юрлицо
98,6671156423,"ПАО ""ЭЛ5-ЭНЕРГО""",4548509.61,3,31.03.2025,30.09.2025,юрлицо
99,5905018998,"АО ""СИБУР-ХИМПРОМ""",4472395.36,3,28.03.2025,26.11.2025,юрлицо
100,4715026815,"ООО ""РСХ""",4419399.98,6,10.03.2025,17.12.2025,юрлицо
101,3528006408,"АО ""ЧФМК""",4381614.00,3,25.08.2025,17.12.2025,юрлицо
102,6606003385,"АО ""УРАЛЭЛЕКТРОМЕДЬ""",4222206.01,8,30.09.2025,29.12.2025,юрлицо
103,7743696750,"АО ""ГРАСИС""",4188591.69,14,16.01.2025,08.12.2025,юрлицо
104,6803629911,"ООО ""ТАМБОВСКИЙ БЕКОН""",4122564.00,1,14.11.2025,14.11.2025,юрлицо
105,0271055557,"ООО ""АГАР""",4098912.59,25,16.01.2025,26.12.2025,юрлицо
106,8901030855,"АО ""САЛЕХАРДЭНЕРГО""",3975011.68,1,10.10.2025,10.10.2025,юрлицо
107,6665002150,"АО ""КУМЗ""",3884096.26,22,10.07.2025,11.11.2025,юрлицо
108,8603166755,"ООО ""ЗАПСИБТРАНСГАЗ""",3874945.10,6,30.10.2025,08.12.2025,юрлицо
109,6685147531,"ООО ""СПЕЦЦЕМЕНТСЕРВИС""",3851253.08,18,09.01.2025,24.12.2025,юрлицо
110,1651031226,"ООО ""ПРЕКАБ""",3629136.00,1,19.11.2025,19.11.2025,юрлицо
111,8905000428,"АО ""ГАЗПРОМНЕФТЬ-ННГ""",3564763.00,1,22.10.2025,22.10.2025,юрлицо
112,6623005777,"ПАО ""УХП""",3526227.94,3,10.01.2025,16.01.2025,юрлицо
113,6685148334,"ООО ""ГОТЭК-ПОЛИПАК АРАМИЛЬ""",3486138.50,11,15.05.2025,24.12.2025,юрлицо
114,8602067092,"ПАО ""ЮНИПРО""",3476810.00,2,30.07.2025,09.12.2025,юрлицо
115,7453101232,"ООО ""ЧЕЛИНДЛИЗИНГ""",3300096.00,1,13.11.2025,13.11.2025,юрлицо
116,1651057721,"ООО ""АЙ-ПЛАСТ""",3232883.67,8,16.01.2025,10.12.2025,юрлицо
117,7705183476,"ООО ""АРНЕСТ ЮНИРУСЬ""",3185222.82,11,21.01.2025,23.09.2025,юрлицо
118,5401232181,"ООО ""СИБЭЛЕКТРОПРИВОД""",3178976.68,14,12.02.2025,23.12.2025,юрлицо
119,3325011410,"АО ""МИЛМОНД""",3016787.80,1,24.06.2025,24.06.2025,юрлицо
120,7413000630,"АО ""КМЭЗ""",2989921.54,4,31.03.2025,16.12.2025,юрлицо
121,6820018800,"ООО ""АГРОСОЮЗ""",2977138.65,41,10.01.2025,08.12.2025,юрлицо
122,5406109142,"АО ""ГЛАВНОВОСИБИРСКСТРОЙ""",2968526.00,4,31.03.2025,18.12.2025,юрлицо
123,0270011660,"ООО ""ЗАВОД НИКОЛЬ-ПАК""",2867079.08,3,30.06.2025,31.12.2025,юрлицо
124,7707375416,"ООО ""КИРОВПЕЙПЕР""",2858933.31,5,20.02.2025,13.10.2025,юрлицо
125,7819301797,"ООО ""БСХ БЫТОВЫЕ ПРИБОРЫ""",2842514.40,7,07.07.2025,08.12.2025,юрлицо
126,9705101614,"ПАО ""ЛК ""ЕВРОПЛАН""",2800000.00,1,13.11.2025,13.11.2025,юрлицо
127,5403232532,"ОАО ""НОВОСИБХОЛОД""",2775000.01,1,23.01.2025,23.01.2025,юрлицо
128,7321313819,"ООО ""ВОЛЖСКАЯ ИНВЕСТИЦИОННАЯ КОМПАНИЯ""",2752597.00,1,18.07.2025,18.07.2025,юрлицо
129,6674153011,"ООО ""УМЗ"", ООО ""УРАЛЬСКИЙ МЕТАЛЛУРГИЧЕСКИЙ ЗАВОД""",2723923.31,10,31.03.2025,30.12.2025,юрлицо
130,5507066537,"ООО ""ЯСТРО-ПЕРЕРАБОТКА""",2698181.24,2,18.06.2025,25.06.2025,юрлицо
131,7204001630,"АО ""ТЮМЕНСКИЙ АККУМУЛЯТОРНЫЙ ЗАВОД""",2649300.00,8,04.02.2025,11.11.2025,юрлицо
132,6229047842,"ООО ""ЭЛЛАДА""",2643454.74,2,10.04.2025,15.10.2025,юрлицо
133,5911040448,"АО ""БМЗ""",2631900.00,5,31.03.2025,31.12.2025,юрлицо
134,6320005915,"ПАО ""КУЙБЫШЕВАЗОТ""",2592921.00,10,04.07.2025,03.12.2025,юрлицо
135,7447295501,"ООО ""ВИНТКОМПЛЕКТ""",2575111.65,13,31.01.2025,10.11.2025,юрлицо
136,4205064482,"ООО ПО ""ТОКЕМ""",2511740.00,4,18.03.2025,19.11.2025,юрлицо
137,4220039723,"ООО ""ХЛЕБ""",2492863.64,5,25.06.2025,02.12.2025,юрлицо
138,7447208347,"ООО ""СЕРВИС-КОМПЛЕКТ""",2475365.84,4,31.01.2025,18.09.2025,юрлицо
139,4906000960,"АО ""ПОЛЮС МАГАДАН""",2461346.53,2,19.05.2025,12.12.2025,юрлицо
140,6623129116,"ООО ""СКАНДИПАКК АЛАБУГА""",2405077.00,5,31.01.2025,31.10.2025,юрлицо
141,5433188538,"ООО ""БЕРГАУФ МАРУСИНО""",2387193.38,7,24.02.2025,29.12.2025,юрлицо
142,5606000223,"АО ""МЭЗ ""УРАЛЭЛЕКТРО""",2300522.99,10,12.03.2025,02.09.2025,юрлицо
143,6315526630,"АО ""ЖИГУЛЕВСКОЕ ПИВО""",2278026.00,1,27.10.2025,27.10.2025,юрлицо
144,5044144552,"ООО ""С99""",2242000.00,1,26.12.2025,26.12.2025,юрлицо
145,7536129954,"ООО ""РИГ СЕРВИС""",2240000.00,2,04.09.2025,11.09.2025,юрлицо
146,4501010984,"АО ""КЗЭМИ""",2207173.96,2,05.06.2025,25.09.2025,юрлицо
147,4501044849,"ООО "" ПУЛЬСАТОР """,2181415.15,11,13.01.2025,24.12.2025,юрлицо
148,4318004484,"ООО  ""МУРАШИНСКИЙ ФАНЕРНЫЙ ЗАВОД""",2128168.30,5,11.02.2025,02.10.2025,юрлицо
149,6450087041,"ООО ""КОМПАНИЯ КЛАСС""",2107733.34,5,06.02.2025,20.10.2025,юрлицо
150,5246020905,"ООО ""ПОСУДА""",2095440.00,1,10.09.2025,10.09.2025,юрлицо
151,6623105958,"ООО ""НСМЗ""",2050000.00,1,29.08.2025,29.08.2025,юрлицо
152,2464010490,"ПАО ""КРАСФАРМА""",2044769.33,4,31.03.2025,31.12.2025,юрлицо
153,6674239607,"ООО ""СВЭЛ-СИЛОВЫЕ ТРАНСФОРМАТОРЫ""",2032890.63,6,25.03.2025,09.10.2025,юрлицо
154,6663005798,"ПАО ""УРАЛМАШЗАВОД""",1968750.00,2,27.02.2025,20.05.2025,юрлицо
155,3802008546,"АО ""ПОЛЮС ВЕРНИНСКОЕ""",1937555.71,2,03.02.2025,07.11.2025,юрлицо
156,5040059680,"АО ""МАПЕИ""",1935213.20,9,13.03.2025,19.12.2025,юрлицо
157,5404271661,"ООО ""ПРОМТЕХСЕРВИС""",1934226.62,6,14.04.2025,18.11.2025,юрлицо
158,2223624670,"ООО ""БЛАГО-БАРНАУЛ""",1925511.50,4,31.05.2025,30.11.2025,юрлицо
159,5643007837,"ООО ""УК ""КОММУНАР""",1890400.00,1,12.02.2025,12.02.2025,юрлицо
160,1648022038,"ООО ""ПТИЦЕВОДЧЕСКИЙ КОМПЛЕКС ""АК БАРС""",1890000.00,1,10.12.2025,10.12.2025,юрлицо
161,7805368914,"ООО ""ТД ПОЛИМЕТАЛЛ""",1871249.99,2,12.05.2025,11.08.2025,юрлицо
162,7802732442,"ООО ""НТЦ ТПТ""",1856457.40,4,16.04.2025,18.12.2025,юрлицо
163,1327000226,"ООО ""ВКМ - СТАЛЬ""",1804570.00,3,26.05.2025,04.12.2025,юрлицо
164,2465072918,"ООО ""ЛМЗ ""СКАД""",1797396.33,2,27.06.2025,10.10.2025,юрлицо
165,7459004027,"ООО ""ОРАНЖСТИЛ""",1791809.65,5,14.04.2025,30.09.2025,юрлицо
166,1677002780,"ООО ""ПИВОВАРЕННЫЙ ЗАВОД ""БЕЛЫЙ КРЕМЛЬ""",1789123.98,6,08.04.2025,24.11.2025,юрлицо
167,1623012101,"СПССК ""ЕЛМАЙ""",1788666.62,2,14.02.2025,09.09.2025,юрлицо
168,6674116330,"АО ""ППЭА ""СИВАР""",1780041.67,1,17.02.2025,17.02.2025,юрлицо
169,0277077282,"ООО ""БГК""",1761666.69,2,28.01.2025,25.04.2025,юрлицо
170,3128011788,"АО ""СТОЙЛЕНСКИЙ ГОК""",1756799.60,3,28.04.2025,07.08.2025,юрлицо
171,6664013880,"АО ""УРАЛХИММАШ""",1747806.00,7,27.05.2025,19.12.2025,юрлицо
172,5918216877,"ООО ""ММК-ЛМЗ""",1718660.33,2,05.11.2025,06.11.2025,юрлицо
173,5030041780,"ООО ""АУР НАРО-ФОМИНСК""",1714873.00,4,24.04.2025,08.08.2025,юрлицо
174,6025019903,"ООО ""ЗАВОД РЕОСТАТ""",1693453.60,4,27.03.2025,17.12.2025,юрлицо
175,7702513119,"ООО ""МОНОЛИТ-СТРОЙ""",1683616.68,8,15.04.2025,17.12.2025,юрлицо
176,8608053875,"ООО ""КОГАЛЫМ НПО-СЕРВИС""",1654992.00,1,31.07.2025,31.07.2025,юрлицо
177,6611000252,"АО ""ИРБИТСКИЙ ХИМФАРМЗАВОД""",1628004.66,7,09.01.2025,01.12.2025,юрлицо
178,6627001318,"АО ""СУМЗ"", АО ""СРЕДНЕУРАЛЬСКИЙ МЕДЕПЛАВИЛЬНЫЙ ЗАВОД""",1621815.00,1,17.06.2025,17.06.2025,юрлицо
179,6652011944,"АО ""АЗПТ""",1583538.07,2,08.04.2025,11.12.2025,юрлицо
180,1648041464,"ООО ""ПОДВЕСКА""",1563030.00,2,01.04.2025,26.06.2025,юрлицо
181,4720022460,"ООО ""ММПОФ ПЭКЭДЖИНГ""",1533324.00,1,26.08.2025,26.08.2025,юрлицо
182,5921002018,"АО ""ЧМЗ""",1501604.00,3,26.03.2025,27.11.2025,юрлицо
183,7014038550,"АО ""ТГОК ""ИЛЬМЕНИТ""",1439311.68,3,12.02.2025,15.12.2025,юрлицо
184,6621010115,"ООО ""БЕРГАУФ НЕВЬЯНСК""",1438966.67,2,04.06.2025,28.11.2025,юрлицо
185,7838387574,"ООО ""ПОСМ С-З""",1394000.00,1,14.11.2025,14.11.2025,юрлицо
186,4214002316,"ПАО ""РАСПАДСКАЯ""",1371890.01,3,10.04.2025,01.10.2025,юрлицо
187,7708508323,"ООО ""ОМИА УРАЛ""",1365471.96,3,29.03.2025,17.12.2025,юрлицо
188,4212019586,"ООО ""ЧАЙНА КОУЛ СЕРВИС""",1338485.42,1,25.09.2025,25.09.2025,юрлицо
189,5904199692,"ООО ""ИНКАБ""",1334133.34,13,04.04.2025,24.10.2025,юрлицо
190,2540203376,"ООО ""РУСАГРО-ПРИМОРЬЕ""",1311101.50,2,26.06.2025,08.09.2025,юрлицо
191,6315376946,"ПАО ""Т ПЛЮС""",1273402.00,3,31.07.2025,31.10.2025,юрлицо
192,6686054167,"ООО ""АМЕРТЕНД""",1248583.33,2,13.01.2025,27.08.2025,юрлицо
193,6652028306,"АО ""УГМ""",1239846.67,13,05.03.2025,11.11.2025,юрлицо
194,7420005460,"АО ""ЧЕБАРКУЛЬСКОЕ МОЛОКО""",1237445.66,3,25.03.2025,07.08.2025,юрлицо
195,6439082561,"ООО ""ВОЛГАГИДРО ТЯЖМАШ""",1236913.33,3,03.03.2025,30.07.2025,юрлицо
196,6658084667,"ООО ""ВИЗ-СТАЛЬ""",1215319.28,10,09.04.2025,13.11.2025,юрлицо
197,5410039642,"АО ""НМЗ ""ИСКРА""",1208575.00,6,31.03.2025,29.12.2025,юрлицо
198,6230043899,"ООО ""ЗАВОД ТЕХНОПЛЕКС""",1172558.32,6,31.03.2025,25.12.2025,юрлицо
199,2454003302,"АО ""ЛЕСОСИБИРСКИЙ ЛДК № 1""",1163604.67,3,16.01.2025,22.12.2025,юрлицо
200,0267011229,"ООО ""БАШКИРСКАЯ МЕДЬ"", ООО ""БАШМЕДЬ""",1160750.00,1,26.06.2025,26.06.2025,юрлицо
201,4205051780,"ООО""АВЕКСИМА СИБИРЬ""",1152861.04,4,22.04.2025,30.09.2025,юрлицо
202,6679069719,"ООО ТЗК ""РАЙВАЛ""",1152491.33,17,24.04.2025,03.12.2025,юрлицо
203,7017012254,"АО ""СИБАГРО""",1151424.00,2,06.08.2025,07.11.2025,юрлицо
204,7536187339,"ООО ""ЗБК""",1113600.00,1,16.07.2025,16.07.2025,юрлицо
205,7708117908,"АО ""ЦЕМРОС""",1106481.00,1,01.10.2025,01.10.2025,юрлицо
206,4210000050,"ОАО ""ПОЛИМЕР""",1099737.00,2,30.06.2025,18.12.2025,юрлицо
207,6618000220,"АО ""СВЯТОГОР""",1090000.00,3,28.03.2025,31.12.2025,юрлицо
208,7716744564,"ООО ""ГАЗТУРБОТЭК""",1073200.00,2,04.08.2025,20.08.2025,юрлицо
209,6439010045,"АО ""РЕЗИНОТЕХНИКА""",1070021.70,4,31.03.2025,30.12.2025,юрлицо
210,6229024796,"ООО ""ЗАВОД ТЕХНОФЛЕКС""",1068357.19,6,10.03.2025,29.10.2025,юрлицо
211,6664014650,"АО ""УРАЛЭЛАСТОТЕХНИКА""",1038546.97,9,05.02.2025,08.12.2025,юрлицо
212,5408100057,ИФП СО РАН,1023043.00,1,08.08.2025,08.08.2025,юрлицо
213,6501178885,"ООО ""СЕРВИС КОМПАНИ""",991120.83,6,23.01.2025,29.12.2025,юрлицо
214,6623039575,"ООО ""УРАЛЬСКИЙ ЗАВОД ПЛАСТИФИКАТОРОВ""",974151.41,8,07.02.2025,18.12.2025,юрлицо
215,2463077325,"АО ""ГОРНЫЕ МАШИНЫ""",968700.00,1,11.11.2025,11.11.2025,юрлицо
216,7802475153,"ООО ""Р.О.С.АЛЬЯНС""",968020.00,1,24.12.2025,24.12.2025,юрлицо
217,4246018534,"ООО ""КДВ ЯШКИНСКАЯ МЕЛЬНИЦА""",925820.01,5,21.01.2025,06.11.2025,юрлицо
218,6660091703,"ООО ""НПФ""БИТЕК""",915350.00,10,09.01.2025,28.10.2025,юрлицо
219,6629012040,"ООО ""ЗАВОД МЕДСИНТЕЗ""",886841.10,4,27.03.2025,22.12.2025,юрлицо
220,8602166294,"ООО ""АЛТАЙ-СИБ""",861725.83,5,11.03.2025,22.07.2025,юрлицо
221,6608001915,"МУП ""ВОДОКАНАЛ""",861209.99,4,18.04.2025,22.12.2025,юрлицо
222,5604000700,"ПАО ""ГАЙСКИЙ ГОК""",859900.00,1,15.05.2025,15.05.2025,юрлицо
223,5407488528,"ООО ""ТЕХСНАБ""",845438.75,1,05.03.2025,05.03.2025,юрлицо
224,6626002291,"АО ""СТЗ""",838681.91,6,01.04.2025,11.12.2025,юрлицо
225,4220040912,"ООО ""СЗМК""",838000.00,1,11.12.2025,11.12.2025,юрлицо
226,7704781586,"ООО ""ТУРБОСЕРВИС РУС""",837577.40,4,27.02.2025,27.10.2025,юрлицо
227,2360009475,"ООО ""СМАРТ-ЮГ""",827123.27,1,22.05.2025,22.05.2025,юрлицо
228,5011020537,"ООО ""СЕН-ГОБЕН СТРОИТЕЛЬНАЯ ПРОДУКЦИЯ РУС""",811738.31,7,23.01.2025,31.10.2025,юрлицо
229,6674373867,"ООО ""АЛЬФАТРАНС""",808720.00,2,18.09.2025,18.09.2025,юрлицо
230,6626001636,"АО ""ПМК""",796483.33,12,13.02.2025,13.10.2025,юрлицо
231,4501024105,"ООО ""ЗАУРАЛЬСКИЕ НАПИТКИ""",793200.00,1,14.08.2025,14.08.2025,юрлицо
232,6605001321,"БОГДАНОВИЧСКОЕ ОАО ""ОГНЕУПОРЫ""",786392.91,4,04.04.2025,31.12.2025,юрлицо
233,7724053916,АО ЦВ ПРОТЕК,777283.32,4,09.01.2025,25.11.2025,юрлицо
234,5020037784,"АО ""АБ ИНБЕВ ЭФЕС""",772269.00,2,08.10.2025,28.10.2025,юрлицо
235,665812103395,КРИВОЩЕКОВ АЛЕКСАНДР ИВАНОВИЧ,760556.00,1,16.10.2025,16.10.2025,ИП
236,2360010382,"ООО ""БЕЛОГЛИНСКИЙ ЭЛЕВАТОР""",742149.93,1,22.05.2025,22.05.2025,юрлицо
237,6658019241,"ПАО ""ВИЗ""",738583.33,2,07.03.2025,26.11.2025,юрлицо
238,6625021894,"ООО ""ПОЛИПЛАСТ-УРАЛСИБ""",724400.00,7,17.02.2025,18.12.2025,юрлицо
239,9702044125,"ООО ""ЮНИМОЛ""",679000.00,1,13.08.2025,13.08.2025,юрлицо
240,6627000770,"ПАО ""РЗ ОЦМ""",672357.00,2,20.08.2025,24.11.2025,юрлицо
241,4713000120,"ОАО ""ЦЕСЛА""",668067.67,2,28.02.2025,22.12.2025,юрлицо
242,5402054076,"ООО ""АЛЮТЕХ-НОВОСИБИРСК""",665478.30,1,30.06.2025,30.06.2025,юрлицо
243,5257199845,"ООО ""НСП""",637000.00,1,20.03.2025,20.03.2025,юрлицо
244,7203109158,"ООО ""РЕСУРС КОМПЛЕКТ""",636283.34,4,28.04.2025,17.10.2025,юрлицо
245,2420008503,"ООО ""АНГАРА ЛЕС""",632348.32,1,18.06.2025,18.06.2025,юрлицо
246,5405172920,"ООО ""ТЕРМООПТИМА""",632220.00,3,18.07.2025,01.08.2025,юрлицо
247,3808197064,"ООО ""МС-ОФИСПРО""",631643.58,3,30.06.2025,22.10.2025,юрлицо
248,0261003648,"АО ""ИНМАН""",608033.33,9,06.03.2025,24.12.2025,юрлицо
249,7704219345,"ООО ""ЭСАБ""",602829.34,4,24.03.2025,22.12.2025,юрлицо
250,7224006227,"ЗАО ""ПТИЦЕФАБРИКА ""ПЫШМИНСКАЯ""",601638.32,3,21.01.2025,12.02.2025,юрлицо
251,7203162698,"ПАО ""ФОРВАРД ЭНЕРГО""",597840.00,3,29.05.2025,10.07.2025,юрлицо
252,7417011270,"ООО ""ГРУППА ""МАГНЕЗИТ""",587207.33,4,30.04.2025,17.10.2025,юрлицо
253,6661044752,"ООО ""ПРЕДПРИЯТИЕ""ТРУБОПЛАСТ""",568432.49,3,06.05.2025,11.12.2025,юрлицо
254,6660000400,"АО ""УПЗ"", АО ""УРАЛЬСКИЙ ПРИБОРОСТРОИТЕЛЬНЫЙ ЗАВОД""",564914.00,3,11.07.2025,02.10.2025,юрлицо
255,8607004145,"ООО ""ЛАНГЕПАССКО-ПОКАЧЁВСКОЕ НПО-СЕРВИС""",557499.99,1,30.06.2025,30.06.2025,юрлицо
256,5405200166,"ООО ""СПК""",534243.32,2,21.01.2025,29.08.2025,юрлицо
257,0814118403,"АО ""ССК""",526500.00,1,26.06.2025,26.06.2025,юрлицо
258,2222062530,"ООО ""КОНДИТЕРСКАЯ ФИРМА ""АЛТАЙ""",515850.00,1,10.07.2025,10.07.2025,юрлицо
259,6671014316,"ООО ""РАЗВИТИЕ""",514041.67,1,28.02.2025,28.02.2025,юрлицо
260,7453279402,"ООО ""ПАРТНЁРУРАЛ ПЛЮС""",512000.00,2,26.09.2025,08.10.2025,юрлицо
261,4401006864,"НАО ""СВЕЗА КОСТРОМА""",510340.00,1,26.08.2025,26.08.2025,юрлицо
262,2465043748,"ООО ""КРАМЗ""",509724.00,1,11.11.2025,11.11.2025,юрлицо
263,6686062263,"ООО ""ТРАПЕЗА""",500000.00,1,23.10.2025,23.10.2025,юрлицо
264,5606001611,"ООО ""ММСК""",499800.00,2,27.05.2025,21.11.2025,юрлицо
265,3804049957,"ООО ""БХС""",494000.00,2,22.07.2025,22.07.2025,юрлицо
266,5902181202,"АО ""ПЕРМАЛКО""",493699.98,2,14.02.2025,02.10.2025,юрлицо
267,4212014972,"ЗАО ""КАРБО-ЦАКК""",484656.00,3,30.06.2025,30.12.2025,юрлицо
268,2225123485,"ООО ""ЭССИБ""",477750.00,1,26.02.2025,26.02.2025,юрлицо
269,6672315362,"АО ""ПО ""УОМЗ""",475500.00,1,27.11.2025,27.11.2025,юрлицо
270,7401016314,"ООО ""КЛЗ""",475000.00,1,30.12.2025,30.12.2025,юрлицо
271,7817332133,"ООО ""А-МИКРОН""",472266.66,4,13.05.2025,28.10.2025,юрлицо
272,4508004235,"ООО ""ЗАВОД КЕРАМИЧЕСКИХ МАТЕРИАЛОВ""",470693.17,4,28.01.2025,21.11.2025,юрлицо
273,5643022401,"ООО ""МЕХЗАВОД""",465328.34,2,04.02.2025,03.04.2025,юрлицо
274,6685101745,"ООО ""ВОСТОК""",464781.67,8,09.01.2025,28.11.2025,юрлицо
275,5405108940,"ЗАО ШОКОЛАДНАЯ ФАБРИКА ""НОВОСИБИРСКАЯ""",462722.00,1,15.07.2025,15.07.2025,юрлицо
276,6671390293,"ООО ""ДИДЖИТ КОНТРОЛЬ""",462000.00,1,24.10.2025,24.10.2025,юрлицо
277,7417001747,"ПАО ""КОМБИНАТ ""МАГНЕЗИТ""",456278.91,1,06.03.2025,06.03.2025,юрлицо
278,6673130639,"ООО ""БЗМП""",437955.83,1,26.05.2025,26.05.2025,юрлицо
279,1645018033,"ООО ""ПЛАЗМА""",432900.00,1,18.08.2025,18.08.2025,юрлицо
280,2543097461,"ООО ""АВРОРА СПГ ВЛАДИВОСТОК""",427440.00,1,03.09.2025,03.09.2025,юрлицо
281,4506000010,"ОАО ""ЗАВОД СТАРТ""",424911.66,5,19.03.2025,10.12.2025,юрлицо
282,1832109347,"ООО НПО ""КОМПАНИЯ ""АВИС""",412500.00,1,26.05.2025,26.05.2025,юрлицо
283,7415075158,"ООО НПК ""КАЛИБР""",410672.92,3,27.11.2025,30.12.2025,юрлицо
284,5626008809,"СПК ""ПТИЦЕФАБРИКА ГАЙСКАЯ""",408710.00,1,27.02.2025,27.02.2025,юрлицо
285,0270012208,"ООО ""ЗАВОД ""СТРОЙМИНЕРАЛ""",408461.67,2,18.06.2025,21.07.2025,юрлицо
286,5905099475,"ООО ""ЛУКОЙЛ-ПЕРМНЕФТЕОРГСИНТЕЗ""",400000.00,1,29.05.2025,29.05.2025,юрлицо
287,5902152547,"ООО ""АКС""",395615.00,3,03.02.2025,21.07.2025,юрлицо
288,5904007312,"АО ""ОДК-ПМ""",388166.67,1,26.02.2025,26.02.2025,юрлицо
289,6662080545,"ООО ""ЩИТ-СТРОЙ""",388000.00,3,02.07.2025,07.11.2025,юрлицо
290,5613000880,"АО ""ОРСКИЙ МАШИНОСТРОИТЕЛЬНЫЙ ЗАВОД""",384000.00,2,31.03.2025,15.07.2025,юрлицо
291,6646012280,"ООО ""МИХАЙЛОВСКИЙ КАРЬЕР""",376166.67,2,30.06.2025,04.09.2025,юрлицо
292,6658078007,"ЗАО ""ЗАВОД ЭМА""",374144.14,8,31.01.2025,27.11.2025,юрлицо
293,3321027747,"АО ""ГЕНЕРИУМ""",367699.99,2,10.02.2025,10.06.2025,юрлицо
294,0245960382,"ООО ""АТ""",366883.33,5,25.02.2025,19.11.2025,юрлицо
295,5410079229,"АО ""ПО ""СЕВЕР""",358000.00,1,15.04.2025,15.04.2025,юрлицо
296,4229004316,"ООО ""ТОПКИНСКИЙ ЦЕМЕНТ""",353930.00,1,14.11.2025,14.11.2025,юрлицо
297,3124011000,"АО ""БМК""",351794.98,4,06.02.2025,28.07.2025,юрлицо
298,0100007151,"ООО ""СИББИР""",345709.00,4,01.04.2025,18.07.2025,юрлицо
299,5911013211,"АО ""МЕАКИР""",342570.00,1,31.07.2025,31.07.2025,юрлицо
300,4715029693,"ООО ""ТИМКЕН ОВК""",332700.00,3,15.09.2025,15.12.2025,юрлицо
301,7204003683,"АО ""ТЮМЕНСКИИ КХП""",332418.33,1,26.06.2025,26.06.2025,юрлицо
302,6316110515,"ООО ""ЕПК-КУЗНИЦА""",332290.00,1,01.04.2025,01.04.2025,юрлицо
303,5408156204,"ООО ""ГЕРКУЛЕС-СИБИРЬ""",330963.33,3,22.01.2025,20.10.2025,юрлицо
304,6678093250,"ООО ""ЖЕЛЕЗНЫЙ АРГУМЕНТ""",330716.65,4,12.03.2025,23.12.2025,юрлицо
305,6658286617,"ООО ""УРАЛЬСКИЙ СТЕКОЛЬНЫЙ ЗАВОД""",328500.01,6,31.01.2025,15.10.2025,юрлицо
306,6439000706,"АО ""ПИВКОМБИНАТ ""БАЛАКОВСКИЙ""",327336.00,1,23.12.2025,23.12.2025,юрлицо
307,5003022562,"ООО ""ИЗВАРИНО ФАРМА""",321300.00,2,19.08.2025,19.12.2025,юрлицо
308,6670111211,"ООО ""КСМ""",320833.33,1,25.06.2025,25.06.2025,юрлицо
309,3814018958,"ООО ""СГБ""",317000.00,1,27.10.2025,27.10.2025,юрлицо
310,7719465590,"ООО ""ВМИК""",313333.32,1,30.04.2025,30.04.2025,юрлицо
311,4253002711,"ООО ""СИБИРЬ-ЭНЕРГО""",307425.00,2,06.02.2025,07.11.2025,юрлицо
312,6623049453,"АО ""УКБТМ""",306700.00,2,27.02.2025,01.09.2025,юрлицо
313,1650371043,"ООО ""ХАИР""",304420.38,2,16.04.2025,24.09.2025,юрлицо
314,6664002550,"ПАО ""УРАЛЬСКИЙ ЗАВОД РТИ""",300000.00,1,24.09.2025,24.09.2025,юрлицо
315,8602303769,"ООО ""ТД НОРД БИР""",296950.00,1,15.12.2025,15.12.2025,юрлицо
316,666600073221,ПШЕНИЦЫН ВЛАДИМИР ВИКТОРОВИЧ,296532.00,1,05.09.2025,05.09.2025,ИП
317,1658211250,"ООО ""СЕВЕР""",295850.01,2,22.04.2025,19.08.2025,юрлицо
318,6670207499,"ООО ""ЭНЕРГОЛИДЕР""",291666.67,1,23.04.2025,23.04.2025,юрлицо
319,6658487842,"ООО ""ЮНИСИЛА УРАЛ""",290000.00,1,11.12.2025,11.12.2025,юрлицо
320,5401365544,"ООО ""РЫБНЫЙ ХИТ""",287711.00,3,30.10.2025,03.12.2025,юрлицо
321,6671317254,"ООО ""УЗМК""",280654.17,9,18.06.2025,28.10.2025,юрлицо
322,6659059688,"ООО ""ХЛАДОКОМБИНАТ № 3""",274883.33,4,04.04.2025,11.09.2025,юрлицо
323,6652018883,"АО ""АГРОФИРМА ""ПАТРУШИ""",273106.68,4,26.03.2025,01.09.2025,юрлицо
324,6670312670,"ООО ""ПТК ""ЭКОРЕЦИКЛИНГ""",272935.00,1,23.07.2025,23.07.2025,юрлицо
325,4307018566,"ООО ""АЛЬТЕРАН""",271500.00,1,11.04.2025,11.04.2025,юрлицо
326,3528215377,"ООО ""МЕХАНИК""",269713.60,2,17.04.2025,24.11.2025,юрлицо
327,7321316986,"ООО ""ЗАВОД ТЕХНОНИКОЛЬ-УЛЬЯНОВСК""",260177.00,2,19.03.2025,30.12.2025,юрлицо
328,6674368458,"ООО ""ДОБРОГОСТ""",256814.16,3,09.01.2025,20.05.2025,юрлицо
329,7816017139,"АО ""ФОРМИК""",252602.95,1,31.03.2025,31.03.2025,юрлицо
330,6610003204,"АО ""ШЕМУР""",252000.00,1,15.12.2025,15.12.2025,юрлицо
331,6671136956,"ООО ""РЕМКОМ-СЕРВИС""",249666.66,4,15.01.2025,23.09.2025,юрлицо
332,7842000607,"ООО ""ДЕЛЬФИН ГРУПП""",245100.00,2,21.07.2025,29.10.2025,юрлицо
333,6604029211,"ООО ""ПРОМСОРТ-МЕТИЗ""",239163.13,3,27.03.2025,27.03.2025,юрлицо
334,6670503272,"ООО ""ГРАНДИОС""",238166.67,2,21.03.2025,09.04.2025,юрлицо
335,7816377614,"ООО ""КГ СТРОЙ СИСТЕМЫ""",235440.00,2,07.10.2025,08.10.2025,юрлицо
336,7224008030,"АО ""ПТИЦЕФАБРИКА ""БОРОВСКАЯ""",233875.01,5,22.01.2025,09.07.2025,юрлицо
337,6679100694,"ООО ""ПКФ ""ЭКО-ПРОЦЕССИНГ""",223666.67,8,27.03.2025,23.10.2025,юрлицо
338,6685084514,"АО ""АГЕНТСТВО ПО РАЗВИТИЮ РЫНКА ПРОДОВОЛЬСТВИЯ""",223204.16,5,13.02.2025,30.06.2025,юрлицо
339,5440112120,"ООО ""ЗАВОД КЕРАМИЧЕСКИХ ИЗДЕЛИЙ ""УНИВЕРСАЛ""",220950.00,1,18.09.2025,18.09.2025,юрлицо
340,1629006915,"ООО ""ТЭС""",220800.00,1,30.12.2025,30.12.2025,юрлицо
341,781130008299,РОМАНОВ АЛЕКСЕЙ АНАТОЛЬЕВИЧ,220023.33,7,19.05.2025,11.12.2025,ИП
342,7203372409,"ООО ""АБСОЛЮТ-АГРО""",219250.00,3,14.01.2025,30.07.2025,юрлицо
343,6432009756,"ООО ""КОРОЛЬ ДИВАНОВ""",198000.00,2,28.08.2025,02.12.2025,юрлицо
344,6662001134,"ОАО ""СКХП""",195033.33,2,12.02.2025,21.07.2025,юрлицо
345,7413026758,"ООО ""ИНВЕСТХИМАГРО""",194583.31,1,26.05.2025,26.05.2025,юрлицо
346,6681004250,"ООО ""МОЛОЧНАЯ БЛАГОДАТЬ""",187566.66,2,19.03.2025,23.09.2025,юрлицо
347,5506200910,"ООО ""СТРОЙМОНТАЖ-5""",186480.00,1,27.10.2025,27.10.2025,юрлицо
348,6633021880,"ООО ""ТАЛИЦКОЕ МОЛОКО""",184608.00,1,24.07.2025,24.07.2025,юрлицо
349,7401000191,"ПАО ""АГРЕГАТ""",184276.00,2,23.10.2025,23.10.2025,юрлицо
350,6664012780,"ООО ""МЕПОС""",183425.00,1,18.12.2025,18.12.2025,юрлицо
351,5406305355,"ООО ""СИБСТЕКЛО""",183070.00,1,11.12.2025,11.12.2025,юрлицо
352,5405098804,"ООО ""ВЫСОКИЕ ОБОРОТЫ""",183010.00,3,02.07.2025,04.12.2025,юрлицо
353,4221011880,"ООО ""СИБЭЛЕКТРО""",180740.00,1,18.12.2025,18.12.2025,юрлицо
354,7805766778,"ООО ""ЛИТС""",179166.67,1,03.02.2025,03.02.2025,юрлицо
355,4505200979,"АО ""ВАРГАШИНСКОЕ ДРСП""",179166.67,1,14.03.2025,14.03.2025,юрлицо
356,5440102612,"ГБУЗ НСО ""ЧЕРЕПАНОВСКАЯ ЦРБ""",177070.00,2,20.10.2025,08.12.2025,юрлицо
357,662604962841,ЗЫРЯНОВА НАТАЛЬЯ ВАЛЕРЬЕВНА,176083.33,3,21.04.2025,22.05.2025,ИП
358,1646020116,"АО ""ПОЛИМАТИЗ""",175999.99,2,26.03.2025,30.12.2025,юрлицо
359,2221239841,"ООО ""РУСПРОМ""",174800.00,2,01.07.2025,03.09.2025,юрлицо
360,6316270332,"ООО ""ТД ""МЕТИМПРОМ""",173000.00,1,28.08.2025,28.08.2025,юрлицо
361,5405077963,"ООО ""АВИАКОМПОЗИТ""",171311.00,1,05.12.2025,05.12.2025,юрлицо
362,6382049214,"ООО ""ЗИП""",168266.67,2,20.01.2025,08.09.2025,юрлицо
363,450133560300,ШЕСТАКОВ КОНСТАНТИН ЮРЬЕВИЧ,167700.00,2,15.09.2025,06.11.2025,ИП
364,6664025331,"АО ""НПФ ""ЮВЭНК""",167011.67,2,28.02.2025,29.10.2025,юрлицо
365,6672162236,"ООО ""ТПГ ""СОЛИД""",164583.33,3,25.02.2025,05.05.2025,юрлицо
366,6661010721,"АО ""НПО ""ИНТРОТЕСТ""",161560.00,2,18.07.2025,15.09.2025,юрлицо
367,6633017549,"АО ""БГМЗ""",156304.67,3,29.04.2025,25.09.2025,юрлицо
368,6670444299,"ООО ""НПП СМАРТПОЛИМЕР""",156016.67,2,31.01.2025,02.10.2025,юрлицо
369,1833026870,"ООО ""ИРЗ""",150800.00,1,08.07.2025,08.07.2025,юрлицо
370,6652002273,"АО ""КЗФ""",150000.00,1,20.05.2025,20.05.2025,юрлицо
371,5903003690,"АО ""ПЕРМСКИЙ МУКОМОЛЬНЫЙ ЗАВОД""",146240.00,2,11.11.2025,12.12.2025,юрлицо
372,2463086538,"ООО""ИММЕРТЕХНИК""",140500.00,2,05.09.2025,30.10.2025,юрлицо
373,6646014369,"ООО ""УДАРНИК""",139537.50,1,13.05.2025,13.05.2025,юрлицо
374,6685026960,"ООО ""ПНЕВМОПРОЕКТ""",137625.00,2,12.03.2025,10.06.2025,юрлицо
375,6670514179,"ООО ""КАМЫШЛОВСКИЙ КВАС""",136898.00,2,20.03.2025,13.08.2025,юрлицо
376,5916031750,"ООО ""КАМА""",135166.67,1,23.01.2025,23.01.2025,юрлицо
377,3618003426,"ЗАО ""АВС ФАРБЕН""",132666.66,1,23.04.2025,23.04.2025,юрлицо
378,5406244208,"ООО ""ПОЛИМЕРПАК""",129086.66,5,13.01.2025,21.10.2025,юрлицо
379,7730248021,"ООО ""ИСО""",125000.00,1,31.03.2025,31.03.2025,юрлицо
380,0572032218,"ООО ""КАСПИЙСКИЙ НПЗ""",123500.00,1,30.07.2025,30.07.2025,юрлицо
381,5506202219,"АО ""ЦКБА""",123000.00,2,28.08.2025,28.08.2025,юрлицо
382,4501083781,"АО ""КУРГАНСКИЕ ПРИЦЕПЫ""",122250.00,2,26.03.2025,25.04.2025,юрлицо
383,6670078934,"АО ""ИПП ""УРАЛЬСКИЙ РАБОЧИЙ""",121214.16,3,28.04.2025,16.05.2025,юрлицо
384,6633028244,"ООО ""СЛК ЦЕМЕНТ""",120000.00,1,09.01.2025,09.01.2025,юрлицо
385,5612030402,"ООО ""ОРЕНБУРГСКИЙ РАДИАТОР""",120000.00,1,11.03.2025,11.03.2025,юрлицо
386,6452046139,"ООО ""ДИКОМП-КЛАССИК""",116250.00,3,12.02.2025,07.07.2025,юрлицо
387,6646010043,"АО ""УРАЛЬСКАЯ ФОЛЬГА""",116133.33,2,19.06.2025,11.08.2025,юрлицо
388,5911083593,"ООО ""АВИСМА""",114833.33,1,25.06.2025,25.06.2025,юрлицо
389,7734412811,"ООО ""СИБМОЛ""",113575.00,3,06.03.2025,13.05.2025,юрлицо
390,5408106299,"АО ""ИПФ""",113000.00,1,05.09.2025,05.09.2025,юрлицо
391,1646033958,"ООО ""ДРАЙЛОК ТЕКНОЛОДЖИЗ""",110166.66,5,31.03.2025,16.12.2025,юрлицо
392,6672212127,"ООО ""547 МЕХАНИЧЕСКИЙ ЗАВОД""",107416.66,5,22.01.2025,13.02.2025,юрлицо
393,5440105726,"АО ПЛЕМЗАВОД ""МЕДВЕДСКИЙ""",103995.00,1,13.10.2025,13.10.2025,юрлицо
394,1650331731,"ООО ""ПОЛИХИМ СИСТЕМС""",97300.01,1,28.04.2025,28.04.2025,юрлицо
395,6685124044,"ООО ""МЦС""",94166.67,1,23.06.2025,23.06.2025,юрлицо
396,1651084080,"ООО ""БИКОТЕКС""",93500.00,1,22.05.2025,22.05.2025,юрлицо
397,5509007368,"ООО ""КЕРАМИКА""",92150.00,3,21.01.2025,28.11.2025,юрлицо
398,6685100188,"ООО ""ШИНА-СТАНДАРТ""",90950.00,1,01.09.2025,01.09.2025,юрлицо
399,5405496548,"ООО ""ПРОМГК""",90749.99,3,07.02.2025,14.04.2025,юрлицо
400,6679044016,"ООО ""ЭКОПРОСТ""",89500.00,1,18.07.2025,18.07.2025,юрлицо
401,6325000660,"АО ""ТЯЖМАШ""",86158.84,2,11.02.2025,31.03.2025,юрлицо
402,6679089063,"ООО ИПК ""ЛАЗУРЬ""",85850.00,3,30.09.2025,30.09.2025,юрлицо
403,7414001724,"АО ""МКХП-СИТНО""",85500.00,1,25.06.2025,25.06.2025,юрлицо
404,5506223515,"ООО ""ПРОМРЕСУРСЫ-СЕРВИС""",82999.99,2,13.05.2025,06.06.2025,юрлицо
405,7811438750,"ООО ГК ""ЛИМАН""",81600.00,1,05.12.2025,05.12.2025,юрлицо
406,6683013821,"ООО ""ГРАНСФЕРА""",78250.00,1,14.07.2025,14.07.2025,юрлицо
407,6659042028,"ЗАО "" РЦЛТ""",78250.00,2,01.08.2025,24.09.2025,юрлицо
408,5261058974,"ООО ""ХАЙДЖИН ТЕКНОЛОДЖИЗ""",77500.00,1,25.04.2025,25.04.2025,юрлицо
409,7459007050,"ООО ""АРТМЕТАЛЛ""",75350.00,3,07.11.2025,07.11.2025,юрлицо
410,6685218398,"ООО ""АТЛАС УРАЛ""",74900.00,2,26.02.2025,26.02.2025,юрлицо
411,7203556170,"ООО ""ЭЛЬБРУС ДРИЛЛИНГ""",74300.02,1,26.08.2025,26.08.2025,юрлицо
412,6608002732,"ЕМУП ""ГОРТРАНС""",73700.00,1,07.11.2025,07.11.2025,юрлицо
413,6673197337,"АО ""УЭТМ""",73300.00,3,10.01.2025,21.07.2025,юрлицо
414,5404148844,"ООО ""СИБКОР-Н""",71623.40,1,07.08.2025,07.08.2025,юрлицо
415,9723202703,"ООО ""ПРОМТЕХ""",70700.00,1,15.07.2025,15.07.2025,юрлицо
416,7702451423,"ООО ""НПО ""АТЛАНТ""",68800.00,2,04.08.2025,15.09.2025,юрлицо
417,4715011103,"ООО ""ЛУЗАЛЕС-ТИХВИН""",68700.00,1,04.06.2025,04.06.2025,юрлицо
418,7813252159,"АО ""ГОЗНАК""",68500.00,1,30.04.2025,30.04.2025,юрлицо
419,8603219421,"ООО ""ЮГРА КОМПРЕССОР""",67800.00,3,14.11.2025,04.12.2025,юрлицо
420,6679084844,"ООО ""ВИЯ""",65850.00,2,27.05.2025,29.08.2025,юрлицо
421,7203557826,"ООО ""КЕНЕРА""",65392.77,1,22.12.2025,22.12.2025,юрлицо
422,5615002700,"ПАО ""ОРСКНЕФТЕОРГСИНТЕЗ""",65000.00,1,25.02.2025,25.02.2025,юрлицо
423,4501221030,"ООО ""ХЛЕБОКОМБИНАТ №1""",64683.34,4,23.01.2025,25.12.2025,юрлицо
424,5405950881,"ООО ""НМ""",64440.00,1,11.12.2025,11.12.2025,юрлицо
425,4501169460,"ООО ""РЕМСТРОЙМАШ""",64333.34,1,18.03.2025,18.03.2025,юрлицо
426,8602242925,"ООО МЯСОКОМБИНАТ ""СУРГУТСКИЙ""",64041.66,1,26.02.2025,26.02.2025,юрлицо
427,0276908600,"ООО ""АВЕРС ТЕХНО""",62583.33,1,06.06.2025,06.06.2025,юрлицо
428,7709787790,"ООО ""ВЕЛЕССТРОЙ""",61285.20,1,08.07.2025,08.07.2025,юрлицо
429,5607142044,"ООО ""ОРЕНБУРГСКИЙ ПРОПАНТ""",60500.00,2,04.04.2025,07.04.2025,юрлицо
430,6670371026,"ООО ""СИК""",60400.00,1,08.10.2025,08.10.2025,юрлицо
431,6670274287,"ООО  ""ИНОТЕКС""",59057.67,1,08.09.2025,08.09.2025,юрлицо
432,661214316424,ПШЕНИЦЫНА ИРИНА ЕВГЕНЬЕВНА,57374.99,1,20.01.2025,20.01.2025,ИП
433,6673105167,"ООО ""УДМЗ""",54166.66,1,17.02.2025,17.02.2025,юрлицо
434,5918011446,"ООО ""ЭМС""",54000.00,2,10.04.2025,25.09.2025,юрлицо
435,3906134785,"ООО ""БЕНТЕК""",53300.00,1,31.10.2025,31.10.2025,юрлицо
436,6682022439,"ООО ""ЛОДЖИКРУФ-УРАЛ"";",53200.00,2,05.09.2025,17.12.2025,юрлицо
437,3808226075,"ООО ""СИБМЕТУПАК""",53166.67,1,11.03.2025,11.03.2025,юрлицо
438,5433150823,"АО ""ВЕКТОР-БИАЛЬГАМ""",52400.00,1,14.07.2025,14.07.2025,юрлицо
439,5427107812,"ООО ПК ""ИНВЕСТСТРОЙПРОЕКТ""",47800.01,2,16.06.2025,29.07.2025,юрлицо
440,5603035933,"ООО ""РЦСУ""",47400.00,1,04.02.2025,04.02.2025,юрлицо
441,6345012488,"АО ""ГИДРОРЕМОНТ-ВКК""",46666.67,1,05.05.2025,05.05.2025,юрлицо
442,6670431469,"ООО ЗАВОД ""БЕРИТ""",46200.00,1,01.09.2025,01.09.2025,юрлицо
443,8603118208,"АО""СНПХ""",45000.00,1,04.04.2025,04.04.2025,юрлицо
444,6672305484,"ООО ""ШТОРМ""",43750.00,1,14.01.2025,14.01.2025,юрлицо
445,1841032147,"ООО ""ТДС""",43500.00,1,04.09.2025,04.09.2025,юрлицо
446,720316359790,ПУГАЧЕВ БОРИС АЛЕКСАНДРОВИЧ,43333.34,2,10.04.2025,19.06.2025,ИП
447,6670257154,"ООО ""ЦМИ""",42988.00,1,20.11.2025,20.11.2025,юрлицо
448,7709014944,"АО ""ГАЗПРОМ БЫТОВЫЕ СИСТЕМЫ""",42525.00,1,10.12.2025,10.12.2025,юрлицо
449,5410003420,"ООО ""ЦЕХ ШТАМПОВКИ""",42000.00,1,17.09.2025,17.09.2025,юрлицо
450,7842186870,"ООО ""НОРД ВЕСТ""",41900.00,1,19.08.2025,19.08.2025,юрлицо
451,6659162847,"ООО ""ХИМЭНЕРГО""",41250.00,1,09.01.2025,09.01.2025,юрлицо
452,1650211040,"ООО ""ПКФ ""АВТОКОМПОНЕНТЫ-ТРЕЙД""",41000.00,1,29.01.2025,29.01.2025,юрлицо
453,1121022547,"ООО ""ПАЛЛЕТ СЕВЕР""",40800.00,1,24.10.2025,24.10.2025,юрлицо
454,1684017410,"ООО ""КОМПРЕССОР СЕРВИС""",40600.00,1,26.08.2025,26.08.2025,юрлицо
455,6670106476,"ООО НПП ""ПНМ""",34500.00,1,10.04.2025,10.04.2025,юрлицо
456,2456011468,"ООО ""НММКК""",34375.00,1,14.05.2025,14.05.2025,юрлицо
457,8604056145,"ООО ""ЭТС-1""",33900.00,1,19.12.2025,19.12.2025,юрлицо
458,3849070878,"ООО ""НОВЫЙ БЕТОН""",32041.67,1,19.06.2025,19.06.2025,юрлицо
459,4221017793,"ООО ""КАМСС-СЕРВИС""",32000.00,1,26.08.2025,26.08.2025,юрлицо
460,7811518357,"ООО ""КОМАИР СПБ""",31666.67,1,18.03.2025,18.03.2025,юрлицо
461,6626019584,"ООО ""ЦЕНТР - ОЙЛ""",30250.00,1,24.03.2025,24.03.2025,юрлицо
462,7451205807,"ООО ""ПРОМИНЖИНИРИНГ""",30000.00,1,15.12.2025,15.12.2025,юрлицо
463,6658456643,"ООО ""КИСЛОРОДМОНТАЖ""",29900.00,1,30.12.2025,30.12.2025,юрлицо
464,6672267630,"ООО ""ПРОМСЫРЬЕ""",28500.00,1,29.10.2025,29.10.2025,юрлицо
465,7448025642,"АО ""ГК ""РОСМОЛ""",27500.00,1,22.08.2025,22.08.2025,юрлицо
466,665801787312,ОБУХОВ КОНСТАНТИН ГЕННАДЬЕВИЧ,25833.33,1,05.03.2025,05.03.2025,ИП
467,6670225868,"ООО ""НПП ""ТСП""",24850.00,1,28.10.2025,28.10.2025,юрлицо
468,5501236824,"ООО ""СТРОЙТРАСТ""",24824.00,1,11.07.2025,11.07.2025,юрлицо
469,6672315309,"ООО ""УРАЛТРЕЙД""",24800.00,1,20.08.2025,20.08.2025,юрлицо
470,6685030519,"ООО ТД ""ФПК""",23666.67,1,22.01.2025,22.01.2025,юрлицо
471,4345323627,"ООО ""СТТ-СТРОЙ""",22000.00,1,13.10.2025,13.10.2025,юрлицо
472,3807000276,"МУП ""ВОДОКАНАЛ"" Г.ИРКУТСКА",20333.33,1,28.02.2025,28.02.2025,юрлицо
473,5905011590,"ООО ""ИНТРАСТ""",19550.00,1,21.08.2025,21.08.2025,юрлицо
474,6625040150,"ООО ""АЛЬТАИР""",19450.00,1,09.07.2025,09.07.2025,юрлицо
475,5410778210,"ООО ""ПМК""",18570.00,1,26.11.2025,26.11.2025,юрлицо
476,6669002747,"АО ""СА""",16800.00,1,21.07.2025,21.07.2025,юрлицо
477,3810023308,"АО ""ФАРМАСИНТЕЗ""",14000.00,1,18.11.2025,18.11.2025,юрлицо
478,6150040275,"ООО ""СИНТЕЗ-ДОН""",12000.00,1,12.12.2025,12.12.2025,юрлицо
479,7727159340,"ООО ""НОРГАУ РУССЛАНД""",10583.34,1,13.05.2025,13.05.2025,юрлицо
480,2222849374,"ООО ""НОВОСИБИРСКИЙ МЕЛЬКОМБИНАТ № 1""",8950.00,1,01.09.2025,01.09.2025,юрлицо
481,667323156718,АФАНАСЬЕВ АЛЕКСЕЙ ВАЛЕРЬЕВИЧ,8333.34,2,14.05.2025,22.05.2025,ИП
482,245305206479,КОЗЛОВА ЕЛЕНА АЛЕКСАНДРОВНА,8000.00,1,29.08.2025,29.08.2025,ИП
483,662104669362,ФОМИНЫХ ЮРИЙ ВЛАДИМИРОВИЧ,8000.00,1,20.11.2025,20.11.2025,ИП
484,5902066062,"ООО ""ФЛАМЕНГО""",6958.33,1,06.06.2025,06.06.2025,юрлицо
485,6623029538,"АО ""НАУЧНО-ПРОИЗВОДСТВЕННАЯ КОРПОРАЦИЯ ""УРАЛВАГОНЗАВОД""",6200.00,1,21.07.2025,21.07.2025,юрлицо
486,666102855642,МИХАЙЛОВ ОЛЕГ ВАДИМОВИЧ,5916.66,1,20.06.2025,20.06.2025,ИП
487,7017156263,"ООО ""ГАЗПРОМ МЕТАНОЛ""",5833.33,1,28.02.2025,28.02.2025,юрлицо
488,6671098732,"ООО ""ГОРЫ УРАЛА""",5250.00,1,13.01.2025,13.01.2025,юрлицо
489,7802762006,"ООО ""ПРОМЫШЛЕННЫЕ СИСТЕМЫ""",4000.00,1,09.07.2025,09.07.2025,юрлицо
490,9702030651,"ООО ""ПНЕВМОПРОГРЕСС""",2916.67,1,03.02.2025,03.02.2025,юрлицо
491,3123216598,"ООО ""ФАБРИКА КОМПРЕССОРОВ""",1550.00,1,16.12.2025,16.12.2025,юрлицо
