slovo_pered_markoj;skolko_raz
воздухосборник;3022
компрессор;1034
компрессор марки;830
ресивер;803
поршневой компрессор;689
компрессорной станции;599
компрессор типа;442
компрессор поршневой;409
компрессорная установка;400
ступени компрессора;386
воздушный компрессор;329
винтовой компрессор;293
центробежный компрессор;288
газа типа;232
воздухоразделительной установки;219
компрессора;203
арматура нагнетательная;203
воздуходувка;202
воздухоразделительная установка;196
турбокомпрессор;165
компрессор винтовой;162
поршневой марки;159
сжатого воздуха;145
нагнетатель;145
компрессор воздушный;138
компрессор центробежный;132
воздуходувка марки;124
дренажный вертикальный;122
давлением воздухосборник;119
газодувка;117
ресивер дренажный;116
нагнетатель типа;115
компрессорную установку;114
аммиачный компрессор;110
ресивер воздуха;107
установка компрессорная;106
марка;100
линейный ресивер;97
нагнетательная;96
ресивер линейный;95
установки типа;95
турбовоздуходувка;88
воздуходувка типа;88
цех;85
центробежный нагнетатель;80
copco;75
газодувка типа;75
компрессорная винтовая;73
циркуляционный ресивер;72
турбокомпрессор газовый;72
тип;69
арматуру нагнетательную;68
винтовой марки;62
кип;58
устройство воздухосборник;58
центробежный типа;57
компрессорная станция;55
винтовой холодильный;53
компрессорной установки;53
установка воздухоразделительная;53
турбовоздуходувка марки;52
осушитель воздуха;50
аммиачный горизонтальный;49
аммиачный холодильный;49
типа;48
турбокомпрессор типа;48
газовый марки;47
установка;47
ресивер циркуляционный;45
вру;44
природного газа;42
нагнетательную;42
кислородный компрессор;41
центробежный марки;41
центробежного нагнетателя;41
сургутскому;40
турбокомпрессор марки;40
радиальный типа;40
компрессорный агрегат;39
установка типа;38
турбокомпрессор двухступенчатый;38
центробежный воздушный;37
газомотокомпрессор;37
баллон;37
установки воздухоразделительной;36
газодувка марки;36
турбокомпрессора;36
центробежным нагнетателем;36
воздушный поршневой;35
ресивер компрессора;33
н компрессора;33
исполнения тип;33
холодильный марки;32
воздушного компрессора;32
компрессора марки;32
компрессор тип;30
нагнетательной линии;30
турбокомпрессор воздушный;30
нагнетатель центробежный;30
высокого давления;30
шахтная передвижная;29
нагнетатель марки;29
от компрессоров;28
насос марки;28
воздухосборника;28
винтовая типа;27
воздуха адсорбционный;27
ротационная газодувка;27
коксового газа;27
газовый компрессор;26
модель;26
воздушный ресивер;25
осушителя воздуха;25
с нагнетателем;25
мембранный компрессор;24
воздухоразделительную установку;24
центробежный кислородный;23
разделения воздуха;23
компрессорный винтовой;23
устройство компрессор;23
цбк тип;23
с электроприводом;23
дренажный ресивер;22
до компрессора;22
марки;22
burchardt;22
нагнетателем типа;22
адсорбционный левый;21
компрессорной воздуха;21
радиальный марки;20
поршневой оппозитный;20
поршневой холодильный;20
от компрессора;20
осушитель адсорбционный;20
цбн тип;20
адсорбционный правый;20
центробежная воздуходувка;20
подачи добавки;20
grasso;19
ii каскада;19
уфимская;19
установку компрессорную;19
поршневой воздушный;18
ной станции;18
агрегат компрессорный;18
маслохолодильник компрессора;18
воздуходувку;18
ротационная воздуходувка;17
винтовая переносная;17
компрессорная поршневая;17
турбовоздуходувки;17
центробежного компрессора;17
воздуходувка ротационная;17
компрессорные установки;16
ресивер азота;16
азотная установка;16
поршневой типа;16
denver;16
воздуходувку типа;16
boge;15
на воздухосборник;15
винтовой воздушный;15
газоосушитель;15
шахтные передвижные;15
холодильник компрессора;15
цилиндра компрессора;15
нагнетательные;15
воздушный турбокомпрессор;15
передвижная шахтная;15
компрессор шестеренчатый;14
холодильный компрессор;14
дренажного вертикального;14
цилиндров компрессора;14
центробежный турбокомпрессор;14
цбн типа;14
компрессорную винтовую;14
кнд тип;14
центробежная газодувка;14
газодувку;14
циркуляционная газодувка;14
ресивера;13
давлением ресивер;13
котельная;13
винтовой;13
воздуходувка центробежная;13
обвязки нагнетателя;13
контейнерная;13
компрессор мембранный;13
кислородной установки;13
компрессоры;12
kaeser;12
компрессорная типа;12
дренажный горизонтальный;12
осушитель;12
шахтную передвижную;12
предварительного сжатия;12
азотную установку;12
электродвигатель тип;12
ресиверы;11
агрегата;11
