inn;predpriyatie;u_nas;u_cheko;chey_nash
2623026057;"ООО ""КОМПРЕССОР-ТЕХЦЕНТР""";magnus-prom.ru;kompressor-centr.ru;находка соседних сессий
5103070023;"АО ""АПАТИТ""";phosagro.ru;bmu.ru;находка соседних сессий
6310000160;"АО ""СМЗ""";smw.ru;aluzone.ru;мой залив из чеко разошёлся с текущей карточкой чеко
7702691545;"ООО ""ЛАБ ИНДАСТРИЗ""";lab-industries.ru;velutte.ru;находка соседних сессий
2434000335;"АО ""ПОЛЮС КРАСНОЯРСК""";polyus.com;sportogok.ru;находка соседних сессий
6230051360;"ООО ""ЗАВОД ТЕХНО""";tn.ru;tungstone.ru;мой залив из чеко разошёлся с текущей карточкой чеко
4725001168;"ООО ""ЯКОБС ДАУ ЭГБЕРТС РУС""";jacobsdouweegberts.com;maximcoffee.ru;находка соседних сессий
1674002165;"ООО ""СОЛЛЕРС АЛАБУГА""";sollers-cargo.ru;sollers-auto.com;мой залив из чеко разошёлся с текущей карточкой чеко
2462004363;"АО ""КЗСК""";sibur.ru;kzsk.ru;мой залив из чеко разошёлся с текущей карточкой чеко
3321005528;"АО ""ЛЕККО""";pharmstd.ru;masterpharm.ru;мой залив из чеко разошёлся с текущей карточкой чеко
4631002737;"ОАО  ""ФАРМСТАНДАРТ-ЛЕКСРЕДСТВА""";pharmstd.ru;consalting.ru;мой залив из чеко разошёлся с текущей карточкой чеко
7705739450;"ООО ""НЕСТЛЕ РОССИЯ""";nestle.ru;nestlehealthscience.ru;находка соседних сессий
6603014413;"ООО ""ПСО ""ТЕПЛИТ""";twinblock.ru;teplit.ru;мой залив из чеко разошёлся с текущей карточкой чеко
7452075043;"ООО ""ПРОМТЭКС-ЭНЕРГО""";chelyabinsk.jsprav.ru;compressors-service.ru;мой залив из чеко разошёлся с текущей карточкой чеко
6612001971;"ФГУП ""ПО ""ОКТЯБРЬ""";neywa.ru;mebel-neywa.ru;мой залив из чеко разошёлся с текущей карточкой чеко
6664006956;"АО ""ЗКИ""";uralceramica.ru;almaceramica.ru;находка соседних сессий
7455010284;"ООО ""АЛЬКОР""";alikor.com;alkor-plastik.ru;находка соседних сессий
6635000195;"НАО ""СВЕЗА ВЕРХНЯЯ СИНЯЧИХА""";sveza.ru;fankom.ru;мой залив из чеко разошёлся с текущей карточкой чеко
1650157635;"ООО ""КАМАЗ-ЭНЕРГО""";new.kamaz-energo.ru;kamaz-energo.ru;находка соседних сессий
7702583250;"ООО ""ЛЛК-ИНТЕРНЕШНЛ""";lukoil-masla.ru;ru.lukoil-shop.com;находка соседних сессий
7204205739;"ООО ""ТЭО""";teo.ecotko.ru;ecoteo.ru;мой залив из чеко разошёлся с текущей карточкой чеко
7814370998;"ООО  ""ГИПЕРТЕХНОЛОДЖИ """;hyptec.ru;sweet-life.net;находка соседних сессий
5003026493;"ООО ""ГАЗПРОМ БУРЕНИЕ""";burgaz.ru;ekogeos.ru;находка соседних сессий
6664003916;"АО ""НИЗМК""";psaonline.ru;a-modul.ru;мой залив из чеко разошёлся с текущей карточкой чеко
6686095452;"ООО ""СИНЕРГИЯ""";synergy.ru;snerg.ru;находка соседних сессий
6671156423;"ПАО ""ЭЛ5-ЭНЕРГО""";el5-energo.ru;pfc.ru;находка соседних сессий
5905018998;"АО ""СИБУР-ХИМПРОМ""";sibur.ru;siburperm.ru;находка соседних сессий
1651031226;"ООО ""ПРЕКАБ""";precab.ru;prettl.ru;находка соседних сессий
6685148334;"ООО ""ГОТЭК-ПОЛИПАК АРАМИЛЬ""";gotek.ru;mondigroup.com;мой залив из чеко разошёлся с текущей карточкой чеко
1651057721;"ООО ""АЙ-ПЛАСТ""";iplast.com;sedon.ru;находка соседних сессий
7705183476;"ООО ""АРНЕСТ ЮНИРУСЬ""";unirusgroup.ru;unilever.ru;находка соседних сессий
6820018800;"ООО ""АГРОСОЮЗ""";agrosoyuznsk.ru;agrosouz.org;мой залив из чеко разошёлся с текущей карточкой чеко
9705101614;"ПАО ""ЛК ""ЕВРОПЛАН""";lk.europlan.ru;europlan.ru;мой залив из чеко разошёлся с текущей карточкой чеко
5403232532;"ОАО ""НОВОСИБХОЛОД""";novosibholod.ru;polaris.su;мой залив из чеко разошёлся с текущей карточкой чеко
4906000960;"АО ""ПОЛЮС МАГАДАН""";polyus.com;wa.me;мой залив из чеко разошёлся с текущей карточкой чеко
6663005798;"ПАО ""УРАЛМАШЗАВОД""";uralmash-kartex.ru;uralmash.ru;мой залив из чеко разошёлся с текущей карточкой чеко
0277077282;"ООО ""БГК""";bgkrb.ru;bashrts-rb.ru;мой залив из чеко разошёлся с текущей карточкой чеко
4720022460;"ООО ""ММПОФ ПЭКЭДЖИНГ""";mm-pof.ru;mm-packaging.com;мой залив из чеко разошёлся с текущей карточкой чеко
7838387574;"ООО ""ПОСМ С-З""";posm-spb.ru;pvg.ru;мой залив из чеко разошёлся с текущей карточкой чеко
4214002316;"ПАО ""РАСПАДСКАЯ""";raspadskaya.com;idkontakt.ru;мой залив из чеко разошёлся с текущей карточкой чеко
7708508323;"ООО ""ОМИА УРАЛ""";omyalgol.com;omya.com;мой залив из чеко разошёлся с текущей карточкой чеко
2454003302;"АО ""ЛЕСОСИБИРСКИЙ ЛДК № 1""";segezha-group.com;ldk1.ru;мой залив из чеко разошёлся с текущей карточкой чеко
2463077325;"АО ""ГОРНЫЕ МАШИНЫ""";aogm.ru;gm-modul.ru;мой залив из чеко разошёлся с текущей карточкой чеко
6660091703;"ООО ""НПФ""БИТЕК""";bitek-e.ru;npfbitec.ru;мой залив из чеко разошёлся с текущей карточкой чеко
6629012040;"ООО ""ЗАВОД МЕДСИНТЕЗ""";medsintez.com;triazavirin.ru;мой залив из чеко разошёлся с текущей карточкой чеко
5011020537;"ООО ""СЕН-ГОБЕН СТРОИТЕЛЬНАЯ ПРОДУКЦИЯ РУС""";saint-gobain.ru;sgcp.ru;мой залив из чеко разошёлся с текущей карточкой чеко
7724053916;АО ЦВ ПРОТЕК;protek.ru;www-tabletka.ru;мой залив из чеко разошёлся с текущей карточкой чеко
6658019241;"ПАО ""ВИЗ""";viz.ru;shop.viz.ru;мой залив из чеко разошёлся с текущей карточкой чеко
6625021894;"ООО ""ПОЛИПЛАСТ-УРАЛСИБ""";pervouralsk.polyplast-un.ru;polyplast-un.ru;мой залив из чеко разошёлся с текущей карточкой чеко
4713000120;"ОАО ""ЦЕСЛА""";heidelbergcement.ru;heidelbergcement.de;мой залив из чеко разошёлся с текущей карточкой чеко
7203162698;"ПАО ""ФОРВАРД ЭНЕРГО""";frwd.energy;forward-energo.ru;мой залив из чеко разошёлся с текущей карточкой чеко
4401006864;"НАО ""СВЕЗА КОСТРОМА""";sveza.ru;fanplit.ru;мой залив из чеко разошёлся с текущей карточкой чеко
2225123485;"ООО ""ЭССИБ""";essib.ru;oooelsib.ru;мой залив из чеко разошёлся с текущей карточкой чеко
5904007312;"АО ""ОДК-ПМ""";perm-motors.ru;pmz.ru;мой залив из чеко разошёлся с текущей карточкой чеко
3321027747;"АО ""ГЕНЕРИУМ""";generium.ru;generiumzao.ru;мой залив из чеко разошёлся с текущей карточкой чеко
5408156204;"ООО ""ГЕРКУЛЕС-СИБИРЬ""";gerkules.com;gerkules.ru;мой залив из чеко разошёлся с текущей карточкой чеко
6678093250;"ООО ""ЖЕЛЕЗНЫЙ АРГУМЕНТ""";ironargument.com;f-argo.ru;мой залив из чеко разошёлся с текущей карточкой чеко
4253002711;"ООО ""СИБИРЬ-ЭНЕРГО""";sibir-energo.com;sibir-energo.ru;мой залив из чеко разошёлся с текущей карточкой чеко
6623049453;"АО ""УКБТМ""";uralfm.ru;ukbtm.ru;мой залив из чеко разошёлся с текущей карточкой чеко
6664002550;"ПАО ""УРАЛЬСКИЙ ЗАВОД РТИ""";uralrti.ru;znak-k.net;мой залив из чеко разошёлся с текущей карточкой чеко
6659059688;"ООО ""ХЛАДОКОМБИНАТ № 3""";xk3.ru;xk3.info;мой залив из чеко разошёлся с текущей карточкой чеко
6604029211;"ООО ""ПРОМСОРТ-МЕТИЗ""";promsort.ru;maxi-group.ru;мой залив из чеко разошёлся с текущей карточкой чеко
7203372409;"ООО ""АБСОЛЮТ-АГРО""";absolutagro.com;indiufo.ru;мой залив из чеко разошёлся с текущей карточкой чеко
4221011880;"ООО ""СИБЭЛЕКТРО""";sibelectro.com;ksht-mining.com;мой залив из чеко разошёлся с текущей карточкой чеко
3618003426;"ЗАО ""АВС ФАРБЕН""";abcfarben.ru;olhkultura.ru;мой залив из чеко разошёлся с текущей карточкой чеко
6679089063;"ООО ИПК ""ЛАЗУРЬ""";lazurprint.ru;books96.ru;мой залив из чеко разошёлся с текущей карточкой чеко
6608002732;"ЕМУП ""ГОРТРАНС""";ekatgortrans.ru;ettu.ru;мой залив из чеко разошёлся с текущей карточкой чеко
5404148844;"ООО ""СИБКОР-Н""";gotovo.shop;lu-ka.ru;мой залив из чеко разошёлся с текущей карточкой чеко
7813252159;"АО ""ГОЗНАК""";goznak.ru;goznakinvest.ru;мой залив из чеко разошёлся с текущей карточкой чеко
6672267630;"ООО ""ПРОМСЫРЬЕ""";promsyrie.ru;infoplastik.ru;мой залив из чеко разошёлся с текущей карточкой чеко
3807000276;"МУП ""ВОДОКАНАЛ"" Г.ИРКУТСКА";irkvkx.ru;uralmarka.ru;мой залив из чеко разошёлся с текущей карточкой чеко
7727159340;"ООО ""НОРГАУ РУССЛАНД""";norgau.com;tyumen.norgau.com;мой залив из чеко разошёлся с текущей карточкой чеко
