Файл;H1;Title;Description;Знаков;Кнопок;Источник
ekomak-kompressor--azotnaya-stanciya.html;азотные станции на базе компрессоров Ekomak;Азотная станция на базе компрессора Ekomak - расчёт под чистоту и расход;Собираем азотные станции на компрессорах Ekomak от 2.2 до 315 кВт. Расчёт по чистоты азота, расходу и графику потребления. Подбор компрессора, генератора и ресивера под конкретную задачу.;26119;0;ekomak-kompressor--azotnaya-stanciya.RUCHNOY.html
ekomak-kompressor--azotnaya-stanciya-modulnaya.html;Модульная азотная станция на базе компрессора Ekomak: расчет под параметры газа и график потребителя;Модульная азотная станция Ekomak в контейнере - расчёт под параметры газа;Собираем модульную азотную станцию на базе компрессора Ekomak 2.2-315 кВт. Расчёт ресивера, датчик кислорода, зимняя эксплуатация. Заявка на КП по данным площадки;19479;3;ekomak-kompressor--azotnaya-stanciya-modulnaya.RUCHNOY.html
ekomak-kompressor--kislorodnaya-stanciya.html;Кислородные станции Ekomak;Кислородная станция на базе компрессора Ekomak - расчёт под расход и чистоту;Собираем кислородные станции на винтовых компрессорах Ekomak 2.2-315 кВт. Расчёт ресивера под график потребления, подбор генератора Enger. Заявка на КП по параметрам объекта.;26074;8;ekomak-kompressor--kislorodnaya-stanciya.RUCHNOY.html
ekomak-kompressor--kislorodnaya-stanciya-modulnaya.html;Модульная кислородная станция на базе компрессора Ekomak;Модульная кислородная станция Ekomak - расчёт и поставка под параметры объекта;Собираем кислородные станции в контейнере на базе компрессоров Ekomak 2.2-315 кВт. Принудительная вентиляция, контроль концентрации, безопасный вывод сбросов. Расчёт по данным площадки.;21570;0;ekomak-kompressor--kislorodnaya-stanciya-modulnaya.RUCHNOY.html
ekomak-kompressor--kompressornaya-stanciya.html;Компрессорная станция Ekomak;Компрессорная станция Ekomak - расчёт под фактический расход цеха;Собираем компрессорную станцию на базе винтовых компрессоров Ekomak от 2,2 до 315 кВт. Подбираем ресивер, осушение и фильтрацию под график потребления. Расчёт состава оборудования и компоновка.;18380;0;ekomak-kompressor--kompressornaya-stanciya.final.html
ekomak-kompressor--mks.html;Модульная компрессорная станция Ekomak;Модульная компрессорная станция Ekomak - расчёт и поставка контейнерной станции;Собираем модульные компрессорные станции на базе компрессоров Ekomak 2.2-315 кВт. Контейнер заводской готовности с вентиляцией, утеплением, автоматикой. Расчёт под параметры площадки.;20874;0;ekomak-kompressor--mks.RUCHNOY.html
ekomak-kompressor--osushiteli.html;Осушители сжатого воздуха Ekomak;Осушители Ekomak: 99 моделей 0,13-12,3 кВт, подбор от объёма ресивера;Холодильные осушители Ekomak 9-16 бар для компрессорных станций. Подбираем по литражу бака и производительности. Расчёт, поставка, монтаж.;15947;0;ekomak-kompressor--osushiteli.RUCHNOY.html
ekomak-kompressor--porshnevye-kompressory.html;Поршневые компрессоры Ekomak 1-7,5 кВт с ресивером;Поршневые компрессоры Ekomak: 20 безмасляных моделей 125-930 л/мин;Безмасляные поршневые компрессоры Ekomak 1-7,5 кВт. 18 моделей со встроенным ресивером 25-500 л. Расчёт станции под расход цеха. Поставка, пусконаладка.;21459;3;ekomak-kompressor--porshnevye-kompressory.RUCHNOY.html
ekomak-kompressor--resivery.html;Станции со встроенным ресивером Ekomak;Станции Ekomak с ресивером: расчет, подбор, поставка под ключ;Подбираем компрессорные станции Ekomak с интегрированным ресивером под фактический расход и режим работы. Расчет объема, комплектация, монтаж на объекте.;18966;0;ekomak-kompressor--resivery.RUCHNOY.html
ekomak-kompressor--spiralnye-kompressory.html;Спиральные безмасляные компрессоры Ekomak;Спиральные безмасляные компрессоры Ekomak: 39 моделей от 110 до 2450 л/мин;Безмасляные спиральные компрессоры Ekomak от 1,5 до 22 кВт. 39 позиций в наличии, 18 моделей со встроенным осушителем. Расчёт станции под требования объекта.;16436;1;ekomak-kompressor--spiralnye-kompressory.RUCHNOY.html
ekomak-kompressor--vintovye-kompressory.html;Винтовые компрессоры Ekomak - каталог оборудования от 2.2 до 315 кВт - каталог оборудования от 2.2 до 315 кВт: 358 моделей от 2.2 до 315 кВт;Винтовые компрессоры Ekomak - 358 моделей от 2.2 до 315 кВт, безмасляные и с частотником;358 винтовых компрессоров Ekomak с давлением до 13 бар. 49 безмасляных моделей Class 0, 149 с частотником, 88 станций с ресивером. Подбор под расход воздуха объекта.;21317;0;ekomak-kompressor--vintovye-kompressory.final.html
