Файл;H1;Title;Description;Знаков;Призывов;Кнопок;Источник
berg-kompressor--azotnaya-stanciya.html;Азотная станция на базе компрессора BERG;Азотная станция на компрессоре BERG - расчёт под чистоту и расход;Собираем азотные станции на базе компрессоров BERG: от 95% до 99,999% чистоты, расход от 30 до 20 000 л/мин. В каталоге 51 позиция расходников - больше, чем у других брендов. Рассчитаем станцию под параметры вашего объекта;23103;5;5;berg-kompressor--azotnaya-stanciya.RUCHNOY.html
berg-kompressor--azotnaya-stanciya-modulnaya.html;Модульная азотная станция на базе компрессора BERG;Модульная азотная станция BERG: расчёт под параметры газа и площадки;Собираем азотные станции в блок-контейнере на базе компрессора BERG 4-355 кВт. Датчик кислорода, обогрев контура, периодичность замены фильтров. Расчёт по данным площадки;20926;2;2;berg-kompressor--azotnaya-stanciya-modulnaya.RUCHNOY.html
berg-kompressor--dizelnye-kompressory.html;Дизельные компрессоры BERG;Дизельные компрессоры BERG - 15 моделей от 41 до 162 кВт, 5000-31000 л/мин;Дизельные компрессоры BERG: 15 моделей от 41 до 162 кВт, производительность 5000-31000 л/мин, давление 8-23 бар. Подбор под параметры объекта, расчёт станции, поставка и пусконаладка.;22192;8;6;berg-kompressor--dizelnye-kompressory.RUCHNOY.html
berg-kompressor--filtry-magistralnye.html;Магистральные фильтры BERG;Магистральные фильтры BERG - подбор под компрессор, артикулы и классы очистки;Магистральные фильтры BERG для компрессорных установок: расшифровка артикулов, классы очистки картриджей, алюминиевый и чугунный корпус. В наличии более 140 позиций. Подбор под производительность и давление.;19953;6;6;berg-kompressor--filtry-magistralnye.RUCHNOY.html
berg-kompressor--kislorodnaya-stanciya.html;Кислородная станция на базе компрессоров BERG;Кислородная станция на базе компрессора BERG: расчёт под расход и чистоту газа;Собираем кислородные станции на базе винтовых компрессоров BERG 4-355 кВт и генераторов Enger. Расчёт под график потребления. 51 позиция расходников на складе.;25414;3;3;berg-kompressor--kislorodnaya-stanciya.final.html
berg-kompressor--kislorodnaya-stanciya-modulnaya.html;Модульная кислородная станция на базе компрессора BERG: собираем под ваши параметры;Модульная кислородная станция на базе компрессора BERG - расчёт под параметры площадки;Модульная кислородная станция в блок-контейнере: компрессор BERG 4-355 кВт, генератор кислорода, подготовка воздуха. Расчёт состава, компоновки и КП по данным площадки;20510;3;3;berg-kompressor--kislorodnaya-stanciya-modulnaya.RUCHNOY.html
berg-kompressor--kompressornaya-stanciya.html;Компрессорная станция BERG;Компрессорная станция BERG: расчёт и поставка под параметры цеха - купить стационарную станцию с осушением и фильтрацией;Компрессорная станция BERG 4-355 кВт: расчёт производительности, подбор ресивера и осушителя под график цеха. Стоимость станции, комплектация, сроки поставки. 598 позиций компрессоров, 51 позиция расходников в каталоге.;20400;7;6;berg-kompressor--kompressornaya-stanciya.RUCHNOY.html
berg-kompressor--mks.html;Модульная компрессорная станция BERG;Модульная компрессорная станция BERG: расчёт контейнерного исполнения под параметры площадки;Модульная компрессорная станция на базе компрессора BERG: контейнер заводской готовности с системами вентиляции, отопления и автоматики. Расчёт станции под условия объекта, подготовка площадки, внешние подключения.;19141;3;3;berg-kompressor--mks.RUCHNOY.html
berg-kompressor--osushiteli.html;Осушители сжатого воздуха BERG;Осушители BERG: 86 моделей от 0,1 до 18 кВт, подбор под компрессор;Осушители BERG 10-16 бар для цеховых компрессоров. Расшифровка маркировки, таблица подбора по мощности, наличие запчастей. Расчёт под ваш расход и точку росы.;24410;5;5;berg-kompressor--osushiteli.RUCHNOY.html
berg-kompressor--tsiklonnye-separatory.html;Циклонные сепараторы BERG для компрессорных установок: подбор и поставка под параметры компрессора;Циклонные сепараторы BERG: 30 моделей 12-16 бар, расшифровка маркировки, подбор под компрессор;Циклонные влагоотделители BERG для защиты компрессоров от конденсата. 30 моделей на давление 12-16 бар. Расшифровка маркировки, подбор под мощность, сервисные комплекты в России. Заявка на расчёт комплекта.;15149;6;6;berg-kompressor--tsiklonnye-separatory.RUCHNOY.html
berg-kompressor--vintovye-kompressory.html;Винтовые компрессоры BERG: 598 моделей от 4 до 355 кВт;Винтовые компрессоры BERG - каталог 598 моделей с ценами, подбор по параметрам;Винтовые компрессоры BERG от 4 до 355 кВт: 203 модели с частотником, 205 станций с ресивером, 100 комплектов с осушителем. Подбор под фактический расход, монтаж, сервис.;17000;6;6;berg-kompressor--vintovye-kompressory.RUCHNOY.html
