klyuch;tender_id;predmet;sozdan;do;company_id;company
компрессор;1224770;"Запрос предложений на выполнение работ по ремонту коленчатого вала №3 компрессора ДАО-550 поз.1/2 цеха № 56 ПАО ""Химпром"" в 2026 г. (id1216996) (2-й этап торгов) (id1224770)";31.07.2026;05.08.2026 в 16:00;51053;Химпром (Новочебоксарск)
компрессор;1224262;Запрос предложений на выполнение работ по восстановлению шатунных шеек коленчатого вала компрессора ФУН-200 в 2026г. (id1224262);30.07.2026;07.08.2026 в 13:00;51053;Химпром (Новочебоксарск)
компрессор;1221858;Закупка водородного компрессора поршневого двухступенчатого (согласно ОЛ №1352 от 02.07.2026) в 2026г. (id1221858);24.07.2026;05.08.2026 в 17:00;51053;Химпром (Новочебоксарск)
компрессор;1218472;Выполнение работ по сервисному обслуживанию компрессора АА-108/7,5 поз. 88/5 (id1200900) (5-й этап торгов) (id1218472);16.07.2026;21.07.2026 в 12:00;51053;Химпром (Новочебоксарск)
компрессор;1216996;"Запрос предложений на выполнение работ по ремонту коленчатого вала №3 компрессора ДАО-550 поз.1/2 цеха № 56 ПАО ""Химпром"" в 2026 г. (id1216996)";13.07.2026;23.07.2026 в 17:00;51053;Химпром (Новочебоксарск)
компрессор;1214258;Выполнение работ по сервисному обслуживанию компрессора АА-108/7,5 поз. 88/5 (id1200900) (4-й этап торгов) (id1214258);07.07.2026;14.07.2026 в 17:00;51053;Химпром (Новочебоксарск)
компрессор;1211459;Закупка водородного компрессора поршневого двухступенчатого (id1198644) (2-й этап торгов) (id1211459);30.06.2026;07.07.2026 в 16:00;51053;Химпром (Новочебоксарск)
компрессор;1211108;Выполнение работ по сервисному обслуживанию компрессора АА-108/7,5 поз. 88/5 (id1200900) (3-й этап торгов) (id1211108);29.06.2026;30.06.2026 в 16:00;51053;Химпром (Новочебоксарск)
компрессор;1208389;Выполнение работ по сервисному обслуживанию компрессора АА-108/7,5 поз. 88/5 (id1200900) (2-й этап торгов) (id1208389);22.06.2026;28.06.2026 в 16:00;51053;Химпром (Новочебоксарск)
компрессор;1202340;Закупка вала коленчатого (коленвала) компрессора ДАО-550 в 2026 году (id1199853) (2-й этап торгов) (id1202340);08.06.2026;09.06.2026 в 16:00;51053;Химпром (Новочебоксарск)
компрессор;1200900;Выполнение работ по сервисному обслуживанию компрессора АА-108/7,5 поз. 88/5 (id1200900);04.06.2026;20.06.2026 в 16:00;51053;Химпром (Новочебоксарск)
компрессор;1200145;Запрос предложений на выполнение работ по ремонту коленчатого вала компрессора ДАО-550 поз.1/2 цеха № 56. (id1173065) (5-й этап торгов) (id1200145);03.06.2026;03.06.2026 в 15:00;51053;Химпром (Новочебоксарск)
компрессор;1199853;Закупка вала коленчатого (коленвала) компрессора ДАО-550 в 2026 году (id1199853);02.06.2026;04.06.2026 в 16:00;51053;Химпром (Новочебоксарск)
компрессор;1198644;Закупка водородного компрессора поршневого двухступенчатого (id1198644);29.05.2026;15.06.2026 в 12:30;51053;Химпром (Новочебоксарск)
компрессор;1193508;Запрос предложений на выполнение работ по ремонту коленчатого вала компрессора ДАО-550 поз.1/2 цеха № 56. (id1173065) (4-й этап торгов) (id1193508);18.05.2026;19.05.2026 в 12:00;51053;Химпром (Новочебоксарск)
компрессор;1191682;Закупка коленвала компрессора ФУН-200 в 2026 г. (id1188375) (2-й этап торгов) (id1191682);13.05.2026;15.05.2026 в 08:00;51053;Химпром (Новочебоксарск)
компрессор;1188375;Закупка коленвала компрессора ФУН-200 в 2026 г. (id1188375);06.05.2026;12.05.2026 в 16:00;51053;Химпром (Новочебоксарск)
компрессор;1183798;Запрос предложений на выполнение работ по ремонту коленчатого вала компрессора ДАО-550 поз.1/2 цеха № 56. (id1173065) (3-й этап торгов) (id1183798);23.04.2026;30.04.2026 в 12:00;51053;Химпром (Новочебоксарск)
компрессор;1183706;Выполнение работ по восстановлению коленвала компрессора ФУН-200 в 2026 г. (id1178078) (2-й этап торгов) (id1183706);23.04.2026;28.04.2026 в 17:00;51053;Химпром (Новочебоксарск)
компрессор;1179996;Запрос предложений на выполнение работ по ремонту коленчатого вала компрессора ДАО-550 поз.1/2 цеха № 56. (id1173065) (2-й этап торгов) (id1179996);15.04.2026;17.04.2026 в 12:00;51053;Химпром (Новочебоксарск)
компрессор;1178078;Выполнение работ по восстановлению коленвала компрессора ФУН-200 в 2026 г. (id1178078);10.04.2026;20.04.2026 в 17:00;51053;Химпром (Новочебоксарск)
компрессор;1173065;Запрос предложений на выполнение работ по ремонту коленчатого вала компрессора ДАО-550 поз.1/2 цеха № 56. (id1173065);01.04.2026;10.04.2026 в 16:00;51053;Химпром (Новочебоксарск)
компрессор;1172458;Выполнение работ по восстановлению коленвала компрессора ФУН-200 (id1167691) (2-й этап торгов) (id1172458);31.03.2026;03.04.2026 в 16:00;51053;Химпром (Новочебоксарск)
компрессор;1167691;Выполнение работ по восстановлению коленвала компрессора ФУН-200 (id1167691);20.03.2026;30.03.2026 в 16:00;51053;Химпром (Новочебоксарск)
компрессор;1141316;Закупка вала коленчатого (коленвала) компрессора АО-1200 в 2026 году (id1141316);26.01.2026;29.01.2026 в 16:00;51053;Химпром (Новочебоксарск)
компрессор;1123379;Квалификационный отбор в целях формирования реестра квалифицированных исполнителей услуг по проведению работ по экспертизе промышленной безопасности (ЭПБ), технической диагностики (ТД), составлению паспортов динамического оборудования (насосы, компрессоры, центрифуги, шнеки и прочего динамического оборудования) для участия в соответствующих закупках в 2026 г. (id1123379);04.12.2025;15.12.2025 в 17:00;51053;Химпром (Новочебоксарск)
компрессор;1121463;Закупка поршневого компрессора (id1120011) (2-й этап торгов) (id1121463);01.12.2025;02.12.2025 в 12:00;51053;Химпром (Новочебоксарск)
компрессор;1120011;Закупка поршневого компрессора (id1120011);27.11.2025;01.12.2025 в 12:00;51053;Химпром (Новочебоксарск)
компрессор;1115240;Закупка поршневого компрессора в 2025 году (id1112750) (2-й этап торгов) (id1115240);17.11.2025;18.11.2025 в 16:00;51053;Химпром (Новочебоксарск)
компрессор;1114527;"Запрос предложений на выполнение комплекса работ по сервисному обслуживанию и ремонту компрессора КТК-12,5/35 поз. &#189; в корпусе 534 цеха № 50 ПАО «Химпром» в 2025г. (id1086031) (3-й этап торгов) (id1114527)";14.11.2025;17.11.2025 в 14:00;51053;Химпром (Новочебоксарск)
компрессор;1112750;Закупка поршневого компрессора в 2025 году (id1112750);11.11.2025;14.11.2025 в 16:00;51053;Химпром (Новочебоксарск)
компрессор;1101562;"Запрос предложений на выполнение работ по монтажу и обвязке хлорного турбокомпрессора, маслостанции компрессора, аппарата воздушного охлаждения, устройству временного монтажного стола для подъема оборудования ПАО ""Химпром"" в 2025 году (id1089009) (4-й этап торгов) (id1101562)";14.10.2025;17.10.2025 в 12:00;51053;Химпром (Новочебоксарск)
компрессор;1099442;"Запрос предложений на выполнение работ по монтажу и обвязке хлорного турбокомпрессора, маслостанции компрессора, аппарата воздушного охлаждения, устройству временного монтажного стола для подъема оборудования ПАО ""Химпром"" в 2025 году (id1089009) (3-й этап торгов) (id1099442)";08.10.2025;13.10.2025 в 17:00;51053;Химпром (Новочебоксарск)
компрессор;1097704;"Запрос предложений на выполнение работ по монтажу и обвязке хлорного турбокомпрессора, маслостанции компрессора, аппарата воздушного охлаждения, устройству временного монтажного стола для подъема оборудования ПАО ""Химпром"" в 2025 году (id1089009) (2-й этап торгов) (id1097704)";03.10.2025;06.10.2025 в 16:00;51053;Химпром (Новочебоксарск)
компрессор;1089227;"Запрос предложений на выполнение комплекса работ по сервисному обслуживанию и ремонту компрессора КТК-12,5/35 поз. &#189; в корпусе 534 цеха № 50 ПАО «Химпром» в 2025г. (id1086031) (2-й этап торгов) (id1089227)";11.09.2025;16.09.2025 в 16:00;51053;Химпром (Новочебоксарск)
компрессор;1089009;"Запрос предложений на выполнение работ по монтажу и обвязке хлорного турбокомпрессора, маслостанции компрессора, аппарата воздушного охлаждения, устройству временного монтажного стола для подъема оборудования ПАО ""Химпром"" в 2025 году (id1089009)";11.09.2025;03.10.2025 в 12:00;51053;Химпром (Новочебоксарск)
компрессор;1086031;"Запрос предложений на выполнение комплекса работ по сервисному обслуживанию и ремонту компрессора КТК-12,5/35 поз. &#189; в корпусе 534 цеха № 50 ПАО «Химпром» в 2025г. (id1086031)";03.09.2025;11.09.2025 в 12:00;51053;Химпром (Новочебоксарск)
компрессор;1072251;Проведение ЭПБ проектной документации № 5713-ПД/2024 «Монтаж нового хлорного компрессора в корпусе 411 в 2024 году» (id1072251);24.07.2025;13.08.2025 в 16:00;51053;Химпром (Новочебоксарск)
компрессор;1070134;Запрос предложений на выполнение работ по подключению пуско-регулирующей аппаратуры, электротехнических устройств, прокладке силовых и контрольных кабелей в рамках проекта по монтажу хлорного компрессора в корпусе 411 цеха 110 и подключению систем автоматизации хлорного компрессора в корпусе 411 цеха 110 (id1066442) (2-й этап торгов) (id1070134);18.07.2025;21.07.2025 в 17:00;51053;Химпром (Новочебоксарск)
компрессор;1069769;Закупка запчастей для хлорного компрессора АА-108/7,5Х в 2025г. (id1063992) (3-й этап торгов) (id1069769);17.07.2025;21.07.2025 в 10:00;51053;Химпром (Новочебоксарск)
компрессор;1066442;Запрос предложений на выполнение работ по подключению пуско-регулирующей аппаратуры, электротехнических устройств, прокладке силовых и контрольных кабелей в рамках проекта по монтажу хлорного компрессора в корпусе 411 цеха 110 и подключению систем автоматизации хлорного компрессора в корпусе 411 цеха 110 (id1066442);09.07.2025;17.07.2025 в 15:00;51053;Химпром (Новочебоксарск)
компрессор;1066347;Закупка запчастей для хлорного компрессора АА-108/7,5Х в 2025г. (id1063992) (2-й этап торгов) (id1066347);09.07.2025;11.07.2025 в 17:00;51053;Химпром (Новочебоксарск)
компрессор;1063992;Закупка запчастей для хлорного компрессора АА-108/7,5Х в 2025г. (id1063992);03.07.2025;08.07.2025 в 17:00;51053;Химпром (Новочебоксарск)
компрессор;1063500;Выполнение работ по подключению пуско-регулирующей аппаратуры, электротехнических устройств, прокладке силовых и контрольных кабелей в рамках проекта 5713-ПД2024-ЭМ по монтажу хлорного компрессора в корпусе 411 цеха 110 (id1050946) (4-й этап торгов) (id1063500);02.07.2025;02.07.2025 в 17:00;51053;Химпром (Новочебоксарск)
компрессор;1059745;Выполнение работ по подключению пуско-регулирующей аппаратуры, электротехнических устройств, прокладке силовых и контрольных кабелей в рамках проекта 5713-ПД2024-ЭМ по монтажу хлорного компрессора в корпусе 411 цеха 110 (id1050946) (3-й этап торгов) (id1059745);23.06.2025;25.06.2025 в 12:00;51053;Химпром (Новочебоксарск)
компрессор;1059700;Запрос предложений на выполнение работ по подключению систем автоматизации хлорного компрессора в корпусе 411 цеха 110 в 2025г. (id1043168) (2-й этап торгов) (id1059700);23.06.2025;30.06.2025 в 15:00;51053;Химпром (Новочебоксарск)
компрессор;1057509;Закупка маслонасосов ТИП Б-Г 11-27 на компрессор в 2025 году (id1054902) (2-й этап торгов) (id1057509);17.06.2025;20.06.2025 в 12:00;51053;Химпром (Новочебоксарск)
компрессор;1055499;Выполнение работ по подключению пуско-регулирующей аппаратуры, электротехнических устройств, прокладке силовых и контрольных кабелей в рамках проекта 5713-ПД2024-ЭМ по монтажу хлорного компрессора в корпусе 411 цеха 110 (id1050946) (2-й этап торгов) (id1055499);10.06.2025;20.06.2025 в 17:00;51053;Химпром (Новочебоксарск)
компрессор;1054902;Закупка маслонасосов ТИП Б-Г 11-27 на компрессор в 2025 году (id1054902);09.06.2025;13.06.2025 в 17:00;51053;Химпром (Новочебоксарск)
компрессор;1050946;Выполнение работ по подключению пуско-регулирующей аппаратуры, электротехнических устройств, прокладке силовых и контрольных кабелей в рамках проекта 5713-ПД2024-ЭМ по монтажу хлорного компрессора в корпусе 411 цеха 110 (id1050946);30.05.2025;06.06.2025 в 17:00;51053;Химпром (Новочебоксарск)
компрессор;1050206;Закупка мембранного компрессора и антивибрационного кабеля (id1048793) (2-й этап торгов) (id1050206);29.05.2025;03.06.2025 в 17:00;51053;Химпром (Новочебоксарск)
компрессор;1048793;Закупка мембранного компрессора и антивибрационного кабеля (id1048793);26.05.2025;28.05.2025 в 17:00;51053;Химпром (Новочебоксарск)
компрессор;1048488;Закупка фильтров воздушных первичных и вторичных для компрессора Cameron NX 12000 (id1048488);26.05.2025;29.05.2025 в 17:00;51053;Химпром (Новочебоксарск)
компрессор;1045435;Выполнение работ по подключению пуско-регулирующей аппаратуры, электротехнических устройств, прокладке силовых и контрольных кабелей в рамках проекта по монтажу хлорного компрессора в корпусе 411 цеха 110 (id1017313) (3-й этап торгов) (id1045435);19.05.2025;30.05.2025 в 09:00;51053;Химпром (Новочебоксарск)
компрессор;1044278;Проведение ЭПБ проектной документации № 27123-851 «Монтаж фильтров системы охлаждения компрессоров К-905» (id1037593) (2-й этап торгов) (id1044278);15.05.2025;22.05.2025 в 17:00;51053;Химпром (Новочебоксарск)
компрессор;1043168;Запрос предложений на выполнение работ по подключению систем автоматизации хлорного компрессора в корпусе 411 цеха 110 в 2025г. (id1043168);13.05.2025;30.05.2025 в 15:00;51053;Химпром (Новочебоксарск)
компрессор;1042254;Выполнение комплекса работ согласно ДВ 51985 по восстановлению работоспособности компрессора АА-108/7,5 п.88/5 корпус 411 цеха №110 ПАО «Химпром» в 2025 году. (id1037226) (3-й этап торгов) (id1042254);12.05.2025;14.05.2025 в 17:00;51053;Химпром (Новочебоксарск)
компрессор;1040448;Выполнение комплекса работ согласно ДВ 51985 по восстановлению работоспособности компрессора АА-108/7,5 п.88/5 корпус 411 цеха №110 ПАО «Химпром» в 2025 году. (id1037226) (2-й этап торгов) (id1040448);05.05.2025;07.05.2025 в 17:00;51053;Химпром (Новочебоксарск)
компрессор;1039310;Выполнение работ по реконструкции компрессорного агрегата и опорных систем трубопроводов компрессора №5 ПАО Химпром в 2025 году (id994701) (3-й этап торгов) (id1039310);29.04.2025;30.04.2025 в 12:00;51053;Химпром (Новочебоксарск)
компрессор;1038108;Выполнение работ по электроснабжению компрессоров подачи технологического воздуха и воздуха КИПиА в цехе №70 ПАО «Химпром» в 2025 году (id1024495) (4-й этап торгов) (id1038108);25.04.2025;25.04.2025 в 17:00;51053;Химпром (Новочебоксарск)
компрессор;1037688;Закупка электродвигателей А2К85/24-8/16 УХЛ4 IM5210 IP44 на компрессор в 2025 году (id1035553) (2-й этап торгов) (id1037688);24.04.2025;25.04.2025 в 11:00;51053;Химпром (Новочебоксарск)
компрессор;1037593;Проведение ЭПБ проектной документации № 27123-851 «Монтаж фильтров системы охлаждения компрессоров К-905» (id1037593);24.04.2025;13.05.2025 в 17:00;51053;Химпром (Новочебоксарск)
компрессор;1037226;Выполнение комплекса работ согласно ДВ 51985 по восстановлению работоспособности компрессора АА-108/7,5 п.88/5 корпус 411 цеха №110 ПАО «Химпром» в 2025 году. (id1037226);23.04.2025;30.04.2025 в 17:00;51053;Химпром (Новочебоксарск)
компрессор;1036961;Выполнение работ по чистке трубопроводов хлора к компрессорам поз. 86 1-3 в корпусе 411 цеха № 110 (id1036961);23.04.2025;07.05.2025 в 17:00;51053;Химпром (Новочебоксарск)
компрессор;1035553;Закупка электродвигателей А2К85/24-8/16 УХЛ4 IM5210 IP44 на компрессор в 2025 году (id1035553);21.04.2025;23.04.2025 в 17:00;51053;Химпром (Новочебоксарск)
компрессор;1035044;Закупка электродвигателей А2КП85-24-8/16 (мощность 160/75 кВт на компрессор) в 2025 году (id1032437) (2-й этап торгов) (id1035044);18.04.2025;21.04.2025 в 12:00;51053;Химпром (Новочебоксарск)
компрессор;1034681;"Монтаж компрессоров подачи технологического воздуха и воздуха КИПиА в цехе №70 ПАО ""Химпром"" (id1020116) (2-й этап торгов) (id1034681)";17.04.2025;18.04.2025 в 17:00;51053;Химпром (Новочебоксарск)
компрессор;1032571;Выполнение работ по электроснабжению компрессоров подачи технологического воздуха и воздуха КИПиА в цехе №70 ПАО «Химпром» в 2025 году (id1024495) (3-й этап торгов) (id1032571);14.04.2025;15.04.2025 в 12:00;51053;Химпром (Новочебоксарск)
компрессор;1032437;Закупка электродвигателей А2КП85-24-8/16 (мощность 160/75 кВт на компрессор) в 2025 году (id1032437);14.04.2025;17.04.2025 в 17:00;51053;Химпром (Новочебоксарск)
компрессор;1029209;Выполнение работ по электроснабжению компрессоров подачи технологического воздуха и воздуха КИПиА в цехе №70 ПАО «Химпром» в 2025 году (id1024495) (2-й этап торгов) (id1029209);07.04.2025;11.04.2025 в 17:00;51053;Химпром (Новочебоксарск)
компрессор;1024495;Выполнение работ по электроснабжению компрессоров подачи технологического воздуха и воздуха КИПиА в цехе №70 ПАО «Химпром» в 2025 году (id1024495);27.03.2025;03.04.2025 в 17:00;51053;Химпром (Новочебоксарск)
компрессор;1022177;Выполнение работ по подключению пуско-регулирующей аппаратуры, электротехнических устройств, прокладке силовых и контрольных кабелей в рамках проекта по монтажу хлорного компрессора в корпусе 411 цеха 110 (id1017313) (2-й этап торгов) (id1022177);21.03.2025;16.05.2025 в 16:00;51053;Химпром (Новочебоксарск)
компрессор;1020116;"Монтаж компрессоров подачи технологического воздуха и воздуха КИПиА в цехе №70 ПАО ""Химпром"" (id1020116)";18.03.2025;26.03.2025 в 17:00;51053;Химпром (Новочебоксарск)
компрессор;1017313;Выполнение работ по подключению пуско-регулирующей аппаратуры, электротехнических устройств, прокладке силовых и контрольных кабелей в рамках проекта по монтажу хлорного компрессора в корпусе 411 цеха 110 (id1017313);12.03.2025;19.03.2025 в 17:00;51053;Химпром (Новочебоксарск)
компрессор;1011798;Проведение ЭПБ проектной документации № 26275-411 «Замена водородных компрессоров поз.121-1,2» (id1011798);28.02.2025;09.03.2025 в 17:00;51053;Химпром (Новочебоксарск)
компрессорная;1221324;Закупка запчастей для компрессорного оборудования в 2026 году (id1218498) (2-й этап торгов) (id1221324);23.07.2026;24.07.2026 в 18:00;51053;Химпром (Новочебоксарск)
компрессорная;1218498;Закупка запчастей для компрессорного оборудования в 2026 году (id1218498);16.07.2026;21.07.2026 в 09:00;51053;Химпром (Новочебоксарск)
компрессорная;1213693;Закупка масла компрессорного полусинтетического Dacnis LD 46 (id1213693);06.07.2026;08.07.2026 в 16:00;51053;Химпром (Новочебоксарск)
компрессорная;1209797;Закупка масла компрессорного КС-19П (Торгвые марки Лукойл, Газапромнефть, Роснефть) (2-й этап торгов) (id1209797);25.06.2026;25.06.2026 в 16:00;51053;Химпром (Новочебоксарск)
компрессорная;1207831;Закупка масла компрессорного КС-19П (Торгвые марки Лукойл, Газапромнефть, Роснефть);19.06.2026;24.06.2026 в 16:00;51053;Химпром (Новочебоксарск)
компрессорная;1173951;Закупка запчастей для компрессорного оборудования в 2026 году (id1172147) (2-й этап торгов) (id1173951);03.04.2026;06.04.2026 в 09:00;51053;Химпром (Новочебоксарск)
компрессорная;1172147;Закупка запчастей для компрессорного оборудования в 2026 году (id1172147);31.03.2026;01.04.2026 в 16:00;51053;Химпром (Новочебоксарск)
компрессорная;1171078;Закупка запчастей для компрессорного оборудования в 2026г. (id1162346) (3-й этап торгов) (id1171078);27.03.2026;28.03.2026 в 11:00;51053;Химпром (Новочебоксарск)
компрессорная;1164965;Закупка запчастей для компрессорного оборудования в 2026г. (id1162346) (2-й этап торгов) (id1164965);16.03.2026;17.03.2026 в 10:00;51053;Химпром (Новочебоксарск)
компрессорная;1162346;Закупка запчастей для компрессорного оборудования в 2026г. (id1162346);10.03.2026;13.03.2026 в 13:00;51053;Химпром (Новочебоксарск)
компрессорная;1153495;Закупка запчастей для компрессорного оборудования в 2026г. (id1149660) (2-й этап торгов) (id1153495);17.02.2026;18.02.2026 в 09:00;51053;Химпром (Новочебоксарск)
компрессорная;1149660;Закупка запчастей для компрессорного оборудования в 2026г. (id1149660);10.02.2026;16.02.2026 в 10:00;51053;Химпром (Новочебоксарск)
компрессорная;1143885;Закупка запчастей для компрессорного оборудования в 2026 г. (id1143885);29.01.2026;03.02.2026 в 13:00;51053;Химпром (Новочебоксарск)
компрессорная;1141261;Запрос предложений с квалификационным отбором на выполнение работ по техническому обслуживанию компрессорной установки для подачи сжатого воздуха SEV 185D-10.1 в ПАО «Химпром». (id1121453) (3-й этап торгов) (id1141261);26.01.2026;27.01.2026 в 12:00;51053;Химпром (Новочебоксарск)
компрессорная;1135606;Запрос предложений с квалификационным отбором на выполнение работ по техническому обслуживанию компрессорной установки для подачи сжатого воздуха SEV 185D-10.1 в ПАО «Химпром». (id1121453) (2-й этап торгов) (id1135606);14.01.2026;23.01.2026 в 17:00;51053;Химпром (Новочебоксарск)
компрессорная;1121453;Запрос предложений с квалификационным отбором на выполнение работ по техническому обслуживанию компрессорной установки для подачи сжатого воздуха SEV 185D-10.1 в ПАО «Химпром». (id1121453);01.12.2025;11.12.2025 в 12:00;51053;Химпром (Новочебоксарск)
компрессорная;1109692;Запрос предложений на выполнение работ по разработке рабочей и сметной документации по объекту: «Мероприятия по обеспечению пожарной безопасности помещения компрессорной корпуса 411 цеха №110 ПАО «Химпром» в 2025 году. (id1093182) (4-й этап торгов) (id1109692);01.11.2025;07.11.2025 в 16:00;51053;Химпром (Новочебоксарск)
компрессорная;1108501;Закупка запчастей для компрессорного оборудования в 2025 г. (id1106307) (2-й этап торгов) (id1108501);30.10.2025;31.10.2025 в 17:00;51053;Химпром (Новочебоксарск)
компрессорная;1107750;Закупка пружин для компрессорного оборудования АО-1200 в 2025 г. (id1102125) (3-й этап торгов) (id1107750);28.10.2025;30.10.2025 в 17:00;51053;Химпром (Новочебоксарск)
компрессорная;1106392;Закупка пружин для компрессорного оборудования АО-1200 в 2025 г. (id1102125) (2-й этап торгов) (id1106392);24.10.2025;28.10.2025 в 08:00;51053;Химпром (Новочебоксарск)
компрессорная;1106307;Закупка запчастей для компрессорного оборудования в 2025 г. (id1106307);24.10.2025;28.10.2025 в 17:00;51053;Химпром (Новочебоксарск)
компрессорная;1105014;Запрос предложений на выполнение работ по разработке рабочей и сметной документации по объекту: «Мероприятия по обеспечению пожарной безопасности помещения компрессорной корпуса 411 цеха №110 ПАО «Химпром» в 2025 году. (id1093182) (3-й этап торгов) (id1105014);22.10.2025;28.10.2025 в 17:00;51053;Химпром (Новочебоксарск)
компрессорная;1103947;Закупка запчастей для компрессорного оборудования Becker в 2025г. (id1102146) (2-й этап торгов) (id1103947);20.10.2025;21.10.2025 в 08:00;51053;Химпром (Новочебоксарск)
компрессорная;1102805;Закупка запчастей компрессорного оборудования в 2025г. (id1098603) (3-й этап торгов) (id1102805);16.10.2025;17.10.2025 в 12:00;51053;Химпром (Новочебоксарск)
компрессорная;1102146;Закупка запчастей для компрессорного оборудования Becker в 2025г. (id1102146);15.10.2025;20.10.2025 в 08:00;51053;Химпром (Новочебоксарск)
компрессорная;1102125;Закупка пружин для компрессорного оборудования АО-1200 в 2025 г. (id1102125);15.10.2025;20.10.2025 в 17:00;51053;Химпром (Новочебоксарск)
компрессорная;1101290;Закупка запчастей компрессорного оборудования в 2025г. (id1098603) (2-й этап торгов) (id1101290);13.10.2025;15.10.2025 в 08:00;51053;Химпром (Новочебоксарск)
компрессорная;1098603;Закупка запчастей компрессорного оборудования в 2025г. (id1098603);07.10.2025;10.10.2025 в 16:00;51053;Химпром (Новочебоксарск)
компрессорная;1097150;Запрос предложений на выполнение работ по разработке рабочей и сметной документации по объекту: «Мероприятия по обеспечению пожарной безопасности помещения компрессорной корпуса 411 цеха №110 ПАО «Химпром» в 2025 году. (id1093182) (2-й этап торгов) (id1097150);02.10.2025;07.10.2025 в 16:00;51053;Химпром (Новочебоксарск)
компрессорная;1093182;Запрос предложений на выполнение работ по разработке рабочей и сметной документации по объекту: «Мероприятия по обеспечению пожарной безопасности помещения компрессорной корпуса 411 цеха №110 ПАО «Химпром» в 2025 году. (id1093182);23.09.2025;01.10.2025 в 16:00;51053;Химпром (Новочебоксарск)
компрессорная;1088096;Закупка запчастей для компрессорного оборудования в 2025 г. (id1086331) (2-й этап торгов) (id1088096);09.09.2025;11.09.2025 в 13:00;51053;Химпром (Новочебоксарск)
компрессорная;1086331;Закупка запчастей для компрессорного оборудования в 2025 г. (id1086331);03.09.2025;08.09.2025 в 17:00;51053;Химпром (Новочебоксарск)
компрессорная;1082062;Закупка запчастей для компрессорного оборудования Cameron в 2025 г. (id1076653) (3-й этап торгов) (id1082062);21.08.2025;25.08.2025 в 09:00;51053;Химпром (Новочебоксарск)
компрессорная;1080389;Запрос котировок на запасные части к компрессорному оборудованию в 2025г. (id1080389);18.08.2025;25.08.2025 в 12:00;51053;Химпром (Новочебоксарск)
компрессорная;1077532;Закупка запчастей для компрессорного оборудования Cameron в 2025 г. (id1076653) (2-й этап торгов) (id1077532);12.08.2025;13.08.2025 в 10:00;51053;Химпром (Новочебоксарск)
компрессорная;1076653;Закупка запчастей для компрессорного оборудования Cameron в 2025 г. (id1076653);07.08.2025;11.08.2025 в 17:00;51053;Химпром (Новочебоксарск)
компрессорная;1073992;Закупка запчастей для компрессорного оборудования в 2025 году (id1058065) (3-й этап торгов) (id1073992);30.07.2025;31.07.2025 в 13:00;51053;Химпром (Новочебоксарск)
компрессорная;1069819;Закупка запчастей для компрессорного оборудования в 2025 году (согласно Приложению 1) (id1055554) (6-й этап торгов) (id1069819);17.07.2025;21.07.2025 в 09:00;51053;Химпром (Новочебоксарск)
компрессорная;1069749;Закупка запчастей для компрессорного оборудования в 2025г. (id1064633) (2-й этап торгов) (id1069749);17.07.2025;18.07.2025 в 23:59;51053;Химпром (Новочебоксарск)
компрессорная;1069306;Закупка запчастей для компрессорного оборудования Cameron в 2025 году. (id1062871) (4-й этап торгов) (id1069306);16.07.2025;17.07.2025 в 08:00;51053;Химпром (Новочебоксарск)
компрессорная;1068305;Закупка запчастей для компрессорного оборудования Cameron в 2025 году. (id1062871) (3-й этап торгов) (id1068305);14.07.2025;15.07.2025 в 16:00;51053;Химпром (Новочебоксарск)
компрессорная;1067038;Закупка запчастей для компрессорного оборудования в 2025 году (согласно Приложению 1) (id1055554) (5-й этап торгов) (id1067038);10.07.2025;11.07.2025 в 23:59;51053;Химпром (Новочебоксарск)
компрессорная;1065346;Закупка запчастей для компрессорного оборудования Cameron в 2025 году. (id1062871) (2-й этап торгов) (id1065346);07.07.2025;09.07.2025 в 23:00;51053;Химпром (Новочебоксарск)
компрессорная;1064633;Закупка запчастей для компрессорного оборудования в 2025г. (id1064633);04.07.2025;11.07.2025 в 15:00;51053;Химпром (Новочебоксарск)
компрессорная;1063615;Закупка запчастей для компрессорного оборудования в 2025 году (согласно Приложению 1) (id1055554) (4-й этап торгов) (id1063615);02.07.2025;04.07.2025 в 23:59;51053;Химпром (Новочебоксарск)
компрессорная;1062871;Закупка запчастей для компрессорного оборудования Cameron в 2025 году. (id1062871);01.07.2025;04.07.2025 в 17:00;51053;Химпром (Новочебоксарск)
компрессорная;1062866;Закупка запчастей для компрессорного оборудования Cameron в 2025 году. (id1062866);01.07.2025;04.07.2025 в 17:00;51053;Химпром (Новочебоксарск)
компрессорная;1061694;Закупка запчастей для компрессорного оборудования в 2025 году (id1058065) (2-й этап торгов) (id1061694);27.06.2025;04.07.2025 в 17:00;51053;Химпром (Новочебоксарск)
компрессорная;1061690;Закупка запчастей для компрессорного оборудования в 2025 году (согласно Приложению 1) (id1055554) (3-й этап торгов) (id1061690);27.06.2025;01.07.2025 в 17:00;51053;Химпром (Новочебоксарск)
компрессорная;1059515;Закупка масла компрессорного КП-8С в бочках завода-изготовителя (Роснефть, Лукойл, Газпромнефть) (id1058088) (2-й этап торгов) (id1059515);23.06.2025;27.06.2025 в 17:00;51053;Химпром (Новочебоксарск)
компрессорная;1058446;Закупка запчастей для компрессорного оборудования в 2025 году (согласно Приложению 1) (id1055554) (2-й этап торгов) (id1058446);19.06.2025;24.06.2025 в 17:00;51053;Химпром (Новочебоксарск)
компрессорная;1058138;Закупка запчастей для компрессорного оборудования Cameron в 2025г. (id1058138);18.06.2025;25.06.2025 в 17:00;51053;Химпром (Новочебоксарск)
компрессорная;1058088;Закупка масла компрессорного КП-8С в бочках завода-изготовителя (Роснефть, Лукойл, Газпромнефть) (id1058088);18.06.2025;20.06.2025 в 17:00;51053;Химпром (Новочебоксарск)
компрессорная;1058065;Закупка запчастей для компрессорного оборудования в 2025 году (id1058065);18.06.2025;23.06.2025 в 17:00;51053;Химпром (Новочебоксарск)
компрессорная;1055554;Закупка запчастей для компрессорного оборудования в 2025 году (согласно Приложению 1) (id1055554);10.06.2025;18.06.2025 в 17:00;51053;Химпром (Новочебоксарск)
компрессорная;1053585;Закупка запчастей для компрессорного оборудования 5С5ГП 12/35, З02ГП, 205ГП, ФУН-200, АО-600П-2 в 2025 году (id1028341) (3-й этап торгов) (id1053585);05.06.2025;06.06.2025 в 16:00;51053;Химпром (Новочебоксарск)
компрессорная;1045591;Закупка запчастей для компрессорного оборудования в 2025 году (id1041531) (2-й этап торгов) (id1045591);19.05.2025;22.05.2025 в 17:00;51053;Химпром (Новочебоксарск)
компрессорная;1041743;Закупка запчастей для компрессорного оборудования в 2025 году (id1041743);07.05.2025;16.05.2025 в 17:00;51053;Химпром (Новочебоксарск)
компрессорная;1041531;Закупка запчастей для компрессорного оборудования в 2025 году (id1041531);07.05.2025;14.05.2025 в 17:00;51053;Химпром (Новочебоксарск)
компрессорная;1037680;Закупка запчастей для компрессорного оборудования З02ГП в 2025 году (id1028045) (3-й этап торгов) (id1037680);24.04.2025;25.04.2025 в 17:00;51053;Химпром (Новочебоксарск)
компрессорная;1035938;Закупка запчастей для компрессорного оборудования 5С5ГП 12/35, З02ГП, 205ГП, ФУН-200, АО-600П-2 в 2025 году (id1028341) (2-й этап торгов) (id1035938);21.04.2025;24.04.2025 в 16:00;51053;Химпром (Новочебоксарск)
компрессорная;1034514;Закупка масла компрессорного КС-19П в апреле 2025г. (id1034514);17.04.2025;21.04.2025 в 17:00;51053;Химпром (Новочебоксарск)
компрессорная;1033071;Закупка запчастей для компрессорного оборудования З02ГП в 2025 году (id1028045) (2-й этап торгов) (id1033071);15.04.2025;16.04.2025 в 17:00;51053;Химпром (Новочебоксарск)
компрессорная;1032662;Закупка запчастей для компрессорного оборудования 2ГМ4-15/25 в 2025 году (id1028716) (3-й этап торгов) (id1032662);14.04.2025;15.04.2025 в 17:00;51053;Химпром (Новочебоксарск)
компрессорная;1030561;Закупка запчастей для компрессорного оборудования 2ГМ4-15/25 в 2025 году (id1028716) (2-й этап торгов) (id1030561);09.04.2025;10.04.2025 в 17:00;51053;Химпром (Новочебоксарск)
компрессорная;1028716;Закупка запчастей для компрессорного оборудования 2ГМ4-15/25 в 2025 году (id1028716);04.04.2025;08.04.2025 в 17:00;51053;Химпром (Новочебоксарск)
компрессорная;1028341;Закупка запчастей для компрессорного оборудования 5С5ГП 12/35, З02ГП, 205ГП, ФУН-200, АО-600П-2 в 2025 году (id1028341);04.04.2025;10.04.2025 в 17:00;51053;Химпром (Новочебоксарск)
компрессорная;1028045;Закупка запчастей для компрессорного оборудования З02ГП в 2025 году (id1028045);03.04.2025;08.04.2025 в 17:00;51053;Химпром (Новочебоксарск)
компрессорная;1019987;Закупка масла компрессорного КС-19П Торговые марки: Лукойл, Газпромнефть, Роснефть (id1018162) (2-й этап торгов) (id1019987);18.03.2025;19.03.2025 в 15:00;51053;Химпром (Новочебоксарск)
компрессорная;1018162;Закупка масла компрессорного КС-19П Торговые марки: Лукойл, Газпромнефть, Роснефть (id1018162);13.03.2025;17.03.2025 в 17:00;51053;Химпром (Новочебоксарск)
компрессорная;1000924;Выполнение работ по реконструкции компрессорного агрегата и опорных систем трубопроводов компрессора №5 ПАО Химпром в 2025 году (id994701) (2-й этап торгов) (id1000924);06.02.2025;11.02.2025 в 17:00;51053;Химпром (Новочебоксарск)
компрессорная;994701;Выполнение работ по реконструкции компрессорного агрегата и опорных систем трубопроводов компрессора №5 ПАО Химпром в 2025 году (id994701);27.01.2025;04.02.2025 в 17:00;51053;Химпром (Новочебоксарск)
компрессорная;981060;Закупка масла компрессорного КС-19П в декабре 2024г. (id979278) (2-й этап торгов) (id981060);13.12.2024;16.12.2024 в 15:00;51053;Химпром (Новочебоксарск)
компрессорная;979278;Закупка масла компрессорного КС-19П в декабре 2024г. (id979278);10.12.2024;13.12.2024 в 13:00;51053;Химпром (Новочебоксарск)
центробежный;1221824;Закупка центробежного насосного агрегата водооборотного цикла (id1221824);24.07.2026;05.08.2026 в 14:00;51053;Химпром (Новочебоксарск)
центробежный;1178540;Закупка центробежного насоса в 2026 г. (id1167598) (2-й этап торгов) (id1178540);13.04.2026;14.04.2026 в 15:00;51053;Химпром (Новочебоксарск)
центробежный;1167598;Закупка центробежного насоса в 2026 г. (id1167598);20.03.2026;26.03.2026 в 17:00;51053;Химпром (Новочебоксарск)
центробежный;1164380;Закупка насосных агрегатов центробежных (id1157740) (2-й этап торгов) (id1164380);13.03.2026;16.03.2026 в 16:00;51053;Химпром (Новочебоксарск)
центробежный;1162529;Закупка центробежного насоса в 2026 г. (id1162529);10.03.2026;18.03.2026 в 17:00;51053;Химпром (Новочебоксарск)
центробежный;1157740;Закупка насосных агрегатов центробежных (id1157740);26.02.2026;04.03.2026 в 16:00;51053;Химпром (Новочебоксарск)
центробежный;1157739;Закупка насосных агрегатов центробежных (id1157739);26.02.2026;04.03.2026 в 16:00;51053;Химпром (Новочебоксарск)
центробежный;1157735;Закупка насосных агрегатов центробежных (id1157735);26.02.2026;04.03.2026 в 16:00;51053;Химпром (Новочебоксарск)
центробежный;1147359;Закупка центробежного насоса в 2026 году (id1147359);05.02.2026;13.02.2026 в 14:00;51053;Химпром (Новочебоксарск)
центробежный;1147266;Закупка центробежного насоса в 2026 году (id1147266);05.02.2026;10.02.2026 в 16:00;51053;Химпром (Новочебоксарск)
центробежный;1097743;Закупка насоса центробежного химического АХ50-32-160К-СД в 2025 г. (id1094497) (2-й этап торгов) (id1097743);03.10.2025;06.10.2025 в 17:00;51053;Химпром (Новочебоксарск)
центробежный;1094497;Закупка насоса центробежного химического АХ50-32-160К-СД в 2025 г. (id1094497);25.09.2025;30.09.2025 в 17:00;51053;Химпром (Новочебоксарск)
центробежный;1047084;Закупка центробежного насоса (P-5006) в 2025г. (id1028047) (3-й этап торгов) (id1047084);21.05.2025;22.05.2025 в 13:00;51053;Химпром (Новочебоксарск)
центробежный;1040878;Закупка центробежного насоса (P-5006) в 2025г. (id1028047) (2-й этап торгов) (id1040878);06.05.2025;06.05.2025 в 17:00;51053;Химпром (Новочебоксарск)
центробежный;1034003;Закупка насоса (горизонтальный центробежный Д200-36) в 2025г. (id1014330) (2-й этап торгов) (id1034003);16.04.2025;25.04.2025 в 17:00;51053;Химпром (Новочебоксарск)
центробежный;1030776;Закупка насосов центробежных герметичных в 2025 году (id1020601) (2-й этап торгов) (id1030776) (id1030776);09.04.2025;09.04.2025 в 17:00;51053;Химпром (Новочебоксарск)
центробежный;1028047;Закупка центробежного насоса (P-5006) в 2025г. (id1028047);03.04.2025;11.04.2025 в 17:00;51053;Химпром (Новочебоксарск)
центробежный;1020601;Закупка насосов центробежных герметичных в 2025 году (id1020601);19.03.2025;07.04.2025 в 17:00;51053;Химпром (Новочебоксарск)
центробежный;1014540;Закупка насосного агрегата химического центробежного в 2025 году (id1007875) (2-й этап торгов) (id1014540);06.03.2025;13.03.2025 в 17:00;51053;Химпром (Новочебоксарск)
центробежный;1014330;Закупка насоса (горизонтальный центробежный Д200-36) в 2025г. (id1014330);05.03.2025;12.03.2025 в 12:00;51053;Химпром (Новочебоксарск)
центробежный;1007875;Закупка насосного агрегата химического центробежного в 2025 году (id1007875);20.02.2025;04.03.2025 в 17:00;51053;Химпром (Новочебоксарск)
центробежный;1006003;Закупка насосов центробежных герметичных в2025г. (id1006003);17.02.2025;21.02.2025 в 13:00;51053;Химпром (Новочебоксарск)
центробежный;987463;Закупка насосов центробежных консольных в 2025 году (id984058) (2-й этап торгов) (id987463);13.01.2025;27.01.2025 в 17:00;51053;Химпром (Новочебоксарск)
центробежный;984058;Закупка насосов центробежных консольных в 2025 году (id984058);23.12.2024;27.12.2024 в 17:00;51053;Химпром (Новочебоксарск)
центробежный;964563;Закупка насосов центробежных в 2024 году (id939324) (2-й этап торгов) (id964563);06.11.2024;14.11.2024 в 16:00;51053;Химпром (Новочебоксарск)
центробежный;954249;Закупка насосов (дренажный Makita, динамический центробежный Джилекс, насос автомат Джамбо ) в 2024г. (id902616) (3-й этап торгов) (id954249);10.10.2024;11.10.2024 в 17:00;51053;Химпром (Новочебоксарск)
центробежный;946161;Закупка насосов центробежных в 2024 году (Центробежный насос поз. Р-03) (id946161);19.09.2024;08.10.2024 в 17:00;51053;Химпром (Новочебоксарск)
центробежный;942762;Закупка центробежного насоса в 2024 году (id934339) (2-й этап торгов) (id942762);11.09.2024;16.09.2024 в 17:00;51053;Химпром (Новочебоксарск)
центробежный;939324;Закупка насосов центробежных в 2024 году (id939324);03.09.2024;09.09.2024 в 17:00;51053;Химпром (Новочебоксарск)
центробежный;934339;Закупка центробежного насоса в 2024 году (id934339);20.08.2024;23.08.2024 в 12:00;51053;Химпром (Новочебоксарск)
центробежный;920402;Закупка насосов центробежных в 2024г. (id920402);16.07.2024;23.07.2024 в 15:00;51053;Химпром (Новочебоксарск)
центробежный;907826;Закупка центробежных насосов в 2024г. (id901878) (2-й этап торгов) (id907826);14.06.2024;17.06.2024 в 17:00;51053;Химпром (Новочебоксарск)
центробежный;906078;Закупка насосов (дренажный Makita, динамический центробежный Джилекс, насос автомат Джамбо ) в 2024г. (id902616) (2-й этап торгов) (id906078);10.06.2024;10.06.2024 в 17:00;51053;Химпром (Новочебоксарск)
центробежный;902616;Закупка насосов (дренажный Makita, динамический центробежный Джилекс, насос автомат Джамбо ) в 2024г. (id902616);31.05.2024;05.06.2024 в 17:00;51053;Химпром (Новочебоксарск)
центробежный;901878;Закупка центробежных насосов в 2024г. (id901878);30.05.2024;13.06.2024 в 16:00;51053;Химпром (Новочебоксарск)
центробежный;889681;Закупка насоса центробежного циркуляционного DAB CP-G 100-3050/A/BAQE/15 15кВт в 2024 году (id887383) (2-й этап торгов) (id889681);25.04.2024;26.04.2024 в 17:00;51053;Химпром (Новочебоксарск)
центробежный;887383;Закупка насоса центробежного циркуляционного DAB CP-G 100-3050/A/BAQE/15 15кВт в 2024 году (id887383);19.04.2024;24.04.2024 в 16:00;51053;Химпром (Новочебоксарск)
центробежный;807883;Закупка центробежного погружного насоса 40FYH (id803293) (2-й этап торгов) (id807883);26.09.2023;27.09.2023 в 17:00;51053;Химпром (Новочебоксарск)
центробежный;803293;Закупка центробежного погружного насоса 40FYH (id803293);12.09.2023;19.09.2023 в 15:00;51053;Химпром (Новочебоксарск)
центробежный;793204;Закупка насоса динамического центробежного Д320 в 2023г. (id768510) (2-й этап торгов) (id793204);11.08.2023;14.08.2023 в 10:00;51053;Химпром (Новочебоксарск)
центробежный;778166;Закупка насосов динамических центробежных в 2023г. (id773018) (3-й этап торгов) (id778166);28.06.2023;29.06.2023 в 11:00;51053;Химпром (Новочебоксарск)
центробежный;776258;Закупка центробежного насоса АХО 80-50-200К в 2023г. (id772750) (2-й этап торгов) (id776258);22.06.2023;23.06.2023 в 17:00;51053;Химпром (Новочебоксарск)
центробежный;775923;Закупка насосов динамических центробежных в 2023г. (id773018) (2-й этап торгов) (id775923);21.06.2023;22.06.2023 в 17:00;51053;Химпром (Новочебоксарск)
центробежный;773018;Закупка насосов динамических центробежных в 2023г. (id773018);14.06.2023;20.06.2023 в 17:00;51053;Химпром (Новочебоксарск)
центробежный;772750;Закупка центробежного насоса АХО 80-50-200К в 2023г. (id772750);13.06.2023;19.06.2023 в 17:00;51053;Химпром (Новочебоксарск)
центробежный;768510;Закупка насоса динамического центробежного Д320 в 2023г. (id768510);31.05.2023;06.06.2023 в 17:00;51053;Химпром (Новочебоксарск)
центробежный;747063;Закупка насосов динамических центробежных в 2023г. (id747063);04.04.2023;12.04.2023 в 17:00;51053;Химпром (Новочебоксарск)
центробежный;736237;Закупка насосов динамических центробежных в 2023г. (id736237);07.03.2023;10.03.2023 в 17:00;51053;Химпром (Новочебоксарск)
центробежный;715475;Закупка центробежного насоса типа ЦГ модель ЦГ 12,5/50К-4-2 для ООО «Перкарбонат» (id712889) (2-й этап торгов) (id715475);13.01.2023;17.01.2023 в 17:00;51053;Химпром (Новочебоксарск)
центробежный;712889;Закупка центробежного насоса типа ЦГ модель ЦГ 12,5/50К-4-2 для ООО «Перкарбонат» (id712889);30.12.2022;12.01.2023 в 17:00;51053;Химпром (Новочебоксарск)
центробежный;701136;Закупка насоса центробежного химического Munsch NP 100-65-200 в 2022г. (id691798) (2-й этап торгов) (id701136);29.11.2022;01.12.2022 в 17:00;51053;Химпром (Новочебоксарск)
центробежный;691798;Закупка насоса центробежного химического Munsch NP 100-65-200 в 2022г. (id691798);03.11.2022;17.11.2022 в 17:00;51053;Химпром (Новочебоксарск)
центробежный;683250;Закупка агрегата насосного центробежного в сборе АХ100-65 в 2022г. (id681117) (2-й этап торгов) (id683250);11.10.2022;12.10.2022 в 17:00;51053;Химпром (Новочебоксарск)
центробежный;681117;Закупка агрегата насосного центробежного в сборе АХ100-65 в 2022г. (id681117);05.10.2022;10.10.2022 в 17:00;51053;Химпром (Новочебоксарск)
центробежный;676228;Закупка насоса горизонтального центробежного 200Д90 в 2022г. (id675078) (2-й этап торгов) (id676228);21.09.2022;22.09.2022 в 16:00;51053;Химпром (Новочебоксарск)
центробежный;675078;Закупка насоса горизонтального центробежного 200Д90 в 2022г. (id675078);19.09.2022;21.09.2022 в 16:10;51053;Химпром (Новочебоксарск)
центробежный;642453;Закупка насоса горизонтального центробежного 200Д-90 в 2022 г. (id638423) (2-й этап торгов) (id642453);20.06.2022;21.06.2022 в 17:00;51053;Химпром (Новочебоксарск)
центробежный;638970;Закупка насоса горизонтального центробежного в 2022 году (id616505) (4-й этап торгов) (id638970);08.06.2022;09.06.2022 в 17:00;51053;Химпром (Новочебоксарск)
центробежный;638423;Закупка насоса горизонтального центробежного 200Д-90 в 2022 г. (id638423);07.06.2022;10.06.2022 в 17:00;51053;Химпром (Новочебоксарск)
центробежный;636837;Закупка насоса горизонтального центробежного в 2022 году (id616505) (3-й этап торгов) (id636837);03.06.2022;08.06.2022 в 12:00;51053;Химпром (Новочебоксарск)
центробежный;629685;Закупка насоса горизонтального центробежного в 2022 году (id616505) (2-й этап торгов) (id629685);17.05.2022;19.05.2022 в 15:00;51053;Химпром (Новочебоксарск)
центробежный;620563;Закупка насоса центробежного конденсатного 1КС 80-100 в 2021 - 2022 году (id589997) (3-й этап торгов) (id620563);18.04.2022;20.04.2022 в 14:00;51053;Химпром (Новочебоксарск)
центробежный;618494;Закупка насоса горизонтального центробежного НКУ-140Ма (id615206) (2-й этап торгов) (id618494);12.04.2022;13.04.2022 в 17:00;51053;Химпром (Новочебоксарск)
центробежный;616505;Закупка насоса горизонтального центробежного в 2022 году (id616505);07.04.2022;12.04.2022 в 17:00;51053;Химпром (Новочебоксарск)
центробежный;616329;Закупка насоса горизонтального центробежного химического, Н19/3, 4 в 2022 году (id603935) (2-й этап торгов) (id616329);06.04.2022;08.04.2022 в 16:00;51053;Химпром (Новочебоксарск)
центробежный;615206;Закупка насоса горизонтального центробежного НКУ-140Ма (id615206);04.04.2022;07.04.2022 в 16:00;51053;Химпром (Новочебоксарск)
центробежный;614407;Закупка насосного агрегата горизонтального центробежного в 2022 году. (id614407);01.04.2022;06.04.2022 в 17:00;51053;Химпром (Новочебоксарск)
центробежный;603935;Закупка насоса горизонтального центробежного химического, Н19/3, 4 в 2022 году (id603935);04.03.2022;10.03.2022 в 17:00;51053;Химпром (Новочебоксарск)
центробежный;592728;Закупка насоса центробежного конденсатного 1КС 80-100 в 2021 - 2022 году (id589997) (2-й этап торгов) (id592728);02.02.2022;04.02.2022 в 16:00;51053;Химпром (Новочебоксарск)
центробежный;589997;Закупка насоса центробежного конденсатного 1КС 80-100 в 2021 - 2022 году (id589997);26.01.2022;31.01.2022 в 17:00;51053;Химпром (Новочебоксарск)
центробежный;329169;Закупка центробежных насосных агрегатов в 2018 году;23.07.2018;25.07.2018 в 10:00;51053;Химпром (Новочебоксарск)
центробежный;281905;Аукцион закупка насосов центробежных;26.07.2017;28.07.2017 в 12:10;51053;Химпром (Новочебоксарск)
центробежный;280960;Закупка насосов центробежных в 2017 году;19.07.2017;21.07.2017 в 13:00;51053;Химпром (Новочебоксарск)
центробежный;267664;Закупка центробежных насосов поз.Н6/1, H6/2;06.03.2017;09.03.2017 в 18:00;51053;Химпром (Новочебоксарск)
центробежный;212495;Закупка центробежного дымососа одностороннего всасывания типа ДН-8;20.07.2015;30.07.2015;51053;Химпром (Новочебоксарск)
воздуходувка;968865;Проведение ЭПБ проектной документации № 27040-843а «Демонтаж воздуходувок и линии приема воздуха из магистрального трубопровода» в 2024 году (id968865);15.11.2024;25.11.2024 в 17:00;51053;Химпром (Новочебоксарск)
воздуходувка;836086;Закупка воздуходувки ROBOX в 2024 году (id831238) (2-й этап торгов) (id836086);11.12.2023;14.12.2023 в 15:00;51053;Химпром (Новочебоксарск)
воздуходувка;831238;Закупка воздуходувки ROBOX в 2024 году (id831238);28.11.2023;10.12.2023 в 17:00;51053;Химпром (Новочебоксарск)
турбокомпрессор;963753;Запрос предложений на выполнение работ по монтажу турбокомпрессора ТГ-80-1,8М1-01.УЗ в корпусе 843А цеха № 114 ПАО «Химпром» в 2024г. (id963753);02.11.2024;12.11.2024 в 17:00;51053;Химпром (Новочебоксарск)
турбокомпрессор;815407;Закупка хлорного турбокомпрессора в 2023г. (id753844) (4-й этап торгов) (id815407);17.10.2023;18.10.2023 в 14:00;51053;Химпром (Новочебоксарск)
турбокомпрессор;781834;Закупка хлорного турбокомпрессора в 2023г. (id753844) (3-й этап торгов) (id781834);10.07.2023;14.07.2023 в 17:00;51053;Химпром (Новочебоксарск)
турбокомпрессор;758227;Закупка хлорного турбокомпрессора в 2023г. (id753844) (2-й этап торгов) (id758227);02.05.2023;11.05.2023 в 17:00;51053;Химпром (Новочебоксарск)
турбокомпрессор;753844;Закупка хлорного турбокомпрессора в 2023г. (id753844);19.04.2023;26.04.2023 в 17:00;51053;Химпром (Новочебоксарск)
турбокомпрессор;745865;Закупка хлорного турбокомпрессора (id743294) (2-й этап торгов) (id745865);30.03.2023;04.04.2023 в 14:00;51053;Химпром (Новочебоксарск)
турбокомпрессор;743294;Закупка хлорного турбокомпрессора (id743294);24.03.2023;29.03.2023 в 17:00;51053;Химпром (Новочебоксарск)
турбокомпрессор;734453;Закупка хлорного турбокомпрессора в 2023 году (id734453);02.03.2023;14.03.2023 в 17:00;51053;Химпром (Новочебоксарск)
турбокомпрессор;539920;Закупка турбокомпрессора ТК18Н-02 в 2021 году. (id539920);10.08.2021;13.08.2021 в 17:00;51053;Химпром (Новочебоксарск)
турбокомпрессор;155312;Закупка запчастей к Турбокомпрессору КТК 12.5/35;26.08.2013;30.08.2013;51053;Химпром (Новочебоксарск)
газодувка;1218575;Выполнение работ по восстановлению работоспособного состояния (капитальный ремонт) газодувки SH-61-1 в ПАО «Химпром». (id1218575);16.07.2026;24.07.2026 в 16:00;51053;Химпром (Новочебоксарск)
газодувка;423782;Закупка рабочего колеса газодувки 2ТГ 80-1,8 в 2020 году (id423782);13.02.2020;19.02.2020 в 11:00;51053;Химпром (Новочебоксарск)
газодувка;333719;Закупка запасных частей газодувки 2ТГ80-1,8 1993 г.в. в 2018 году;23.08.2018;28.08.2018 в 17:00;51053;Химпром (Новочебоксарск)
