Запрос;Тип провала;Релевантность/2;Источник;Нашлось;Что не так;Топ-3 выдачи
kompressor;empty_but_should;0;webmaster;1;показана только запчасть вместо компрессоров;"Сепаратор &quot;ALMIG&quot; 572.11105 (оригин"
винтовые ременные компрессоры;empty_but_should;0;webmaster;0;нет результатов по ременным компрессорам;
безмасляный воздушный компрессор купить;empty_but_should;0;webmaster;0;пустая выдача при наличии безмасляных компрессоров в ассортименте;
модульные компрессорные станции;empty_but_should;0;webmaster;0;нет результатов по модульным станциям;
купить поршневой компрессор;empty_but_should;0;webmaster;0;пустая выдача по базовой категории товаров;
винтовые безмасляные компрессоры купить;empty_but_should;0;webmaster;0;нет результатов по безмасляным;
безмасляный компрессор купить;empty_but_should;0;webmaster;0;нет результатов по профильному запросу;
безмасляные компрессоры купить;empty_but_should;0;webmaster;0;нет результатов по профильному запросу;
азотное оборудование;empty_but_should;0;webmaster;0;нет результатов по генераторам азота;
оборудование для производства кислорода;empty_but_should;0;webmaster;0;нет результатов по генераторам кислорода;
безмасляный винтовой компрессор купить;empty_but_should;0;webmaster;0;нет безмасляных или не индексированы;
компрессор воздушный дизельный передвижной купить цена;empty_but_should;0;webmaster;0;Пустая выдача при наличии товара;
компрессор поршневой воздушный купить;empty_but_should;0;webmaster;0;нет результатов по поршневым;
компрессор промышленный купить;empty_but_should;0;webmaster;0;пусто по общему запросу;
компрессор дизельный передвижной цена;empty_but_should;0;webmaster;0;пусто, хотя дизельные есть;
купить промышленный винтовой компрессор;empty_but_should;0;webmaster;0;пустая выдача по базовому запросу;
винтовой компрессор для пескоструя купить;empty_but_should;0;webmaster;0;пустая выдача по валидному запросу;
центробежные компрессоры цена;empty_but_should;0;webmaster;0;нет центробежных в ассортименте;
винтовой компрессор для пескоструя;empty_but_should;0;webmaster;0;нет результатов по применению;
винтовые компрессоры профессиональные;empty_but_should;0;webmaster;0;нет результатов по общему запросу;
компрессор поршневой купить;empty_but_should;0;webmaster;0;нет выдачи по базовой категории;
купить промышленный компрессор;empty_but_should;0;webmaster;0;пустая выдача на ключевой запрос;
купить безмасляный компрессор;empty_but_should;0;webmaster;0;пустая выдача по востребованному типу;
осушитель сжатого воздуха для компрессора купить;empty_but_should;0;webmaster;0;пустая выдача, хотя осушители есть в каталоге;
купить осушитель сжатого воздуха;empty_but_should;0;webmaster;0;пустая выдача при наличии осушителей;
купить воздушный компрессор винтовой промышленный;empty_but_should;0;webmaster;0;пустая выдача по базовому запросу;
поршневой компрессор купить;empty_but_should;0;webmaster;0;пусто, должны быть поршневые;
купить безмасляный поршневой компрессор;empty_but_should;0;webmaster;0;пусто, должны быть безмасляные поршневые;
компрессор воздушный безмасляный купить;empty_but_should;0;webmaster;0;нет результатов по безмасляным компрессорам;
купить винтовые воздушные компрессоры;empty_but_should;0;webmaster;0;пустая выдача по основной категории;
винтовой компрессор 15 квт купить;empty_but_should;0;webmaster;0;пустая выдача по стандартной мощности;
купить компрессор промышленный;empty_but_should;0;webmaster;0;пустая выдача по основному запросу;
купить компрессор безмасляный воздушный;empty_but_should;0;webmaster;0;нет выдачи по безмасляным компрессорам;
Atlas Copco GA 75;model_not_found;0;site;20;Нашёл давление 7.5 бар вместо модели GA 75;Винтовой компрессор ATLAS COPCO GA 110 /7,5 | Винтовой компрессор Atlas Copco GA 15+ 7,5FF/ | Винтовой компрессор Atlas Copco GA 22+ 7,5P/4
BERG ВК-18;model_not_found;1;site;20;нет ВК-18, показан ВК-18.5;Винтовой компрессор BERG ВК-18.5РО-500 16 бар | Винтовой компрессор BERG ВК-18.5Р 16 бар | Винтовой компрессор BERG ВК-18.5РЕ 16 бар
et ofs 5;model_not_found;1;site;20;нет точной модели OFS 5;Спиральный компрессор ET OFS 44/5,5 belt 10 | Спиральный компрессор ET OFS 5,5-200 PM ES 10 | Спиральный компрессор ET OFS 22/5,5 belt 10
винтовой компрессор 15 бар;model_not_found;1;webmaster;20;нет моделей на 15 бар в топе;Винтовой компрессор BERG ВК-15 7 бар | Винтовой компрессор BERG ВК-15 12 бар | Винтовой компрессор BERG ВК-15 10 бар
поршневой компрессор abac;model_not_found;0;webmaster;20;показана другая марка вместо ABAC;Поршневой компрессор REMEZA КМ-100.OLD20ТK | Поршневой компрессор REMEZA КМ-100.OLD15ТД | Поршневой компрессор REMEZA КМ-100.OLD20Т
компрессор поршневой abac;model_not_found;0;webmaster;20;бренд ABAC отсутствует в выдаче;Компрессор поршневой дожимной (бустер) Remeza | Компрессор поршневой дожимной (бустер) Remeza | Компрессор поршневой дожимной (бустер) Remeza
компрессор 86 квт с осушителем;model_not_found;0;webmaster;20;нет компрессоров 86 кВт в топе;Винтовой компрессор REMEZA ВК60Р-7,5Д (с осуш | Винтовой компрессор REMEZA ВК60Р-7,5ДВС (с ос | Винтовой компрессор безмасляный AC ZR 500 8,6
винтовой компрессор 15 атм;model_not_found;0;webmaster;20;нет моделей на 15 бар;Винтовой компрессор MIG 15 8 бар | Винтовой компрессор MIG 15 10 бар | Винтовой компрессор MIG К 15 10 бар
atlas cd 250;model_not_found;1;site;13;нет Atlas Copco CD 250, показаны другие модели;Дизельный компрессор ATLAS COPCO XRVS 476 Cd | Дизельный компрессор ATLAS COPCO XRVS 336 Cd | Дизельный компрессор ATLAS COPCO XRVS 487 Cd
Винтовой компрессор Enger LC-11DFR-500 16;model_not_found;1;site;1;Найден LC-11DFRE вместо запрошенного LC-11DFR;Винтовой компрессор Enger LC-11DFRE-500 16
компрессор 25 литров;out_of_scope;0;webmaster;20;бытовые компрессоры вне ассортимента;Дизельный винтовой компрессор ET-Compressors  | Дизельный винтовой компрессор ET-Compressors  | Дизельный винтовой компрессор ET-Compressors 
винтовой компрессор ременной привод;too_few;1;webmaster;20;тип привода не указан явно;Винтовой компрессор AIRRUS 15 15 бар | Винтовой компрессор AIRRUS 11 8 бар | Винтовой компрессор AIRRUS 30 8 бар
компрессор воздушный берг;too_few;1;webmaster;20;Только дизельные, нет винтовых Berg;Компрессор дизельный BERG М-17-13 | Компрессор дизельный BERG М-25-23 | Компрессор дизельный BERG М-13-13
компрессор с асинхронным двигателем;too_few;1;webmaster;20;показаны только Dali, слишком узко;Двухступенчатый винтовой компрессор Dali EN-1 | Двухступенчатый винтовой компрессор Dali EN-3 | Двухступенчатый винтовой компрессор Dali EN-3
компрессор для лазерного станка по металлу;too_few;1;webmaster;8;всего 8 результатов;Компрессор винтовой ZEGA SEL 15-16 | Компрессор винтовой ZEGA SEL 22-16 | Винтовой компрессор ZEGA SELD 37-20
компрессор атлас копко цена;too_few;1;webmaster;5;всего 5 позиций для крупного бренда;Винтовой компрессор Atlas Copco GX3 10P 3 кВт | Винтовой компрессор Atlas Copco GX2 10P 2 кВт | Винтовой компрессор Atlas Copco GX5 10P 5 кВт
atlas copco компрессор цена;too_few;1;webmaster;5;найдено только 5 результатов;Винтовой компрессор Atlas Copco GX3 10P 3 кВт | Винтовой компрессор Atlas Copco GX2 10P 2 кВт | Винтовой компрессор Atlas Copco GX5 10P 5 кВт
Cross Air Borey 11;too_few;1;site;3;только 1 товар модели 11, остальное 170;Бензиновый стационарный компрессор Cross Air  | Дизельный передвижной компрессор Cross Air Bo | Дизельный стационарный компрессор Cross Air B
купить рефрижераторный осушитель воздуха;too_few;1;webmaster;1;всего 1 результат вместо многих;Рефрижераторный осушитель ARIACOM MPiT 1400
купить рефрижераторный осушитель;too_few;1;webmaster;1;только 1 результат;Рефрижераторный осушитель ARIACOM MPiT 1400
компрессор винтовой с осушителем купить;too_few;1;webmaster;1;Только 1 товар при общем запросе;Винтовой компрессор Atlas Copco GA 18+ 10FF/4
рефрижераторный осушитель сжатого воздуха купить;too_few;1;webmaster;1;только 1 результат;Рефрижераторный осушитель ARIACOM MPiT 1400
компрессор атлас копко купить;too_few;2;webmaster;1;только 1 результат для крупного бренда;Винтовой компрессор Atlas Copco GA 18+ 10FF/4
купить винтовой компрессор с ресивером;too_few;0;webmaster;1;только 1 результат, не ясно наличие ресивера;Винтовой компрессор Atlas Copco GA 18+ 10FF/4
компрессор atlas copco купить;too_few;1;webmaster;1;всего 1 результат по популярному бренду;Винтовой компрессор Atlas Copco GA 18+ 10FF/4
купить винтовой компрессор атлас копко;too_few;1;webmaster;1;всего 1 результат по бренду Atlas Copco;Винтовой компрессор Atlas Copco GA 18+ 10FF/4
купить компрессор atlas copco;too_few;1;webmaster;1;только 1 товар известного бренда;Винтовой компрессор Atlas Copco GA 18+ 10FF/4
осушитель для компрессора рефрижераторный купить;too_few;1;webmaster;1;найден только 1 товар при наличии других;Рефрижераторный осушитель ARIACOM MPiT 1400
купить компрессор с осушителем;too_few;1;webmaster;1;найден только 1 товар;Винтовой компрессор Atlas Copco GA 18+ 10FF/4
рефрижераторный осушитель воздуха для компрессора купить;too_few;2;webmaster;1;только 1 результат;Рефрижераторный осушитель ARIACOM MPiT 1400
купить компрессор с ресивером;too_few;0;webmaster;1;только 1 результат;Винтовой компрессор Atlas Copco GA 18+ 10FF/4
Cross Air CA 22;wrong_top;1;site;20;осушитель на первом месте;Рефрижераторный осушитель CROSS AIR CAAD-22 | Винтовой компрессор Cross Air CA22-8GA | Винтовой компрессор Cross Air CA22-10RA
Atlas Copco GA 55;wrong_top;1;site;20;GA 110/132/200 вместо GA 55 в топе;Винтовой компрессор ATLAS COPCO GA 110 /5,5 | Винтовой компрессор ATLAS COPCO GA 132/5,5 | Винтовой компрессор ATLAS COPCO GA 200/5,5
Ironmac IC 50;wrong_top;1;site;20;IC 7.5 и IC 20 попали в выдачу;Винтовой компрессор Ironmac IC 50/10 C VSD, I | Винтовой компрессор Ironmac IC 50/10 C VSD | Винтовой компрессор Ironmac IC 50/8 DIGI WiFi
Ironmac IC 10;wrong_top;1;site;20;IC 100 засоряет топ вместо IC 10;Винтовой компрессор Ironmac IC 10/10 DIGI | Винтовой компрессор Ironmac IC 100/10 DIGI Wi | Винтовой компрессор Ironmac IC 100/10 B
Atlas Copco GA 7;wrong_top;1;site;20;GA5 и давление 7.5 разбавляют топ;Винтовой компрессор Atlas Copco GA5 7.5FF/400 | Винтовой компрессор Atlas Copco GA5 7.5FF/400 | Винтовой компрессор Atlas Copco GA7 7.5P/400В
Ironmac IC 60;wrong_top;1;site;20;в топе IC 7.5 вместо IC 60;Винтовой компрессор Ironmac IC 60/10 C | Винтовой компрессор Ironmac IC 60/8 DIGI WiFi | Винтовой компрессор Ironmac IC 60/10 C VSD, I
компрессор;wrong_top;1;site;20;только Dali, нет топовых брендов;Винтовой компрессор Dali DL-11/13RA-F | Винтовой компрессор Dali DL-15/13RA-F | Винтовой компрессор Dali DLVF-15
BERG ВК-7,5;wrong_top;1;site;20;смешивает ВК-7.5 и ВК-75;Винтовой компрессор BERG ВК-7.5 Е 16 бар, IP5 | Винтовой компрессор BERG ВК-75 16 бар, IP54 | Винтовой компрессор BERG ВК-75 Е 16 бар, IP54
Atlas Copco GA 15;wrong_top;1;site;20;GA 90+ в топе вместо GA 15;Винтовой компрессор Atlas Copco GA 15+ 10P/40 | Винтовой компрессор Atlas Copco GA 15+ 7,5FF/ | Винтовой компрессор Atlas Copco GA 15+ 8,5P/4
Cross Air CA;wrong_top;1;site;20;смешивает CA и CAPM серии;Винтовой компрессор Cross Air CA11-16GA | Винтовой компрессор Cross Air CA18,5-16GA | Винтовой компрессор Cross Air CAPM11-16GA
atlas copco;wrong_top;1;site;20;показывает запчасти вместо компрессоров;"KIT SERVICE &quot;Atlas Copco&quot; 290109980 | Набор фильтров &quot;Atlas Copco&quot; 150361 | Набор ТО 16000 Atlas Copco 2906084400 (оригин"
реле давления;wrong_top;0;site;20;показаны компрессоры вместо запчастей;Компрессор высокого давления DALGAKIRAN DKKB  | Компрессор высокого давления DALGAKIRAN DKK 4 | Компрессор высокого давления DALGAKIRAN DKKB 
Atlas Copco sf 15;wrong_top;1;site;20;в топе SF 1 вместо SF 15;Спиральный компрессор ATLAS COPCO SF 15-8 Mul | Спиральный компрессор ATLAS COPCO SF 15-10 Mu | Спиральный компрессор ATLAS COPCO SF 15 Duple
Atlas Copco G 22;wrong_top;1;site;20;G 132 на первом месте вместо G 22;Винтовой компрессор ATLAS COPCO G 132/7,5 | Винтовой компрессор ATLAS COPCO G22 7.5P/400  | Винтовой компрессор ATLAS COPCO G22 10P/400 3
REMEZA вк5;wrong_top;1;site;20;в топе попал ВК50 вместо ВК5;Винтовой компрессор REMEZA ВК5Е-15 | Винтовой компрессор REMEZA ВК5Е-15-270 | Винтовой компрессор REMEZA ВК5Т-15
ET 900;wrong_top;1;site;20;только 1 позиция с 900, остальное не по номеру;Рефрижераторный осушитель воздуха ET RD 900 | Винтовой компрессор ET SL 7,5 10 бар, IP55 | Адсорбционный осушитель ET Compressors ET HD 
Ironmac IC 15;wrong_top;1;site;20;IC 150 и IC 20 смешаны с IC 15 в топе;Винтовой компрессор Ironmac IC 15/8 DIGI WiFi | Винтовой компрессор Ironmac IC 150/10 DIGI Wi | Винтовой компрессор Ironmac IC 15/10 DIGI WiF
BERG ВК-55;wrong_top;1;site;20;ВК-5.5 (5.5кВт) на 2-м месте вместо ВК-55 (55кВт);Винтовой компрессор BERG ВК-55 16 бар, IP54 | Винтовой компрессор BERG ВК-5.5 РВ-250 10 бар | Винтовой компрессор BERG ВК-55 8 бар
купить винтовой компрессор;wrong_top;1;webmaster;20;много низконапорных компрессоров в топе;Винтовой компрессор Atlas Copco GA 18+ 10FF/4 | Компрессор низкого давления DALI DLVF-55/3 | Компрессор низкого давления DALI EN-75/5
купить компрессорное оборудование;wrong_top;0;webmaster;20;показаны сервис-киты и масла вместо компрессоров;"KIT SERVICE &quot;Atlas Copco&quot; 290109980 | KIT SERVICE &quot;Atlas Copco&quot; 290117440 | KIT SERVICE &quot;Atlas Copco&quot; 290119480"
винтовой компрессор купить;wrong_top;1;webmaster;20;топ размыт компрессорами низкого давления;Винтовой компрессор Atlas Copco GA 18+ 10FF/4 | Компрессор низкого давления DALI DLVF-55/3 | Компрессор низкого давления DALI EN-75/5
компрессор dali;wrong_top;1;webmaster;20;преобладают компрессоры низкого давления;Компрессор низкого давления DALI DLVF-55/3 | Компрессор низкого давления DALI EN-75/5 | Компрессор низкого давления DALI EN-110/5F
купить компрессор винтовой воздушный;wrong_top;1;webmaster;20;топ размыт компрессорами низкого давления;Винтовой компрессор Atlas Copco GA 18+ 10FF/4 | Компрессор низкого давления DALI DLVF-55/3 | Компрессор низкого давления DALI EN-75/5
berg;wrong_top;1;webmaster;20;показаны запчасти вместо компрессоров;"Сепаратор &quot;BERG&quot; C010 (оригинал) | Сепаратор &quot;BERG&quot; C015 (оригинал) | Сепаратор &quot;BERG&quot; C002 (оригинал)"
винтовой компрессор купить цена;wrong_top;0;webmaster;20;показаны винтовые блоки вместо компрессоров;"Винтовой блок &quot;Termomeccanica&quot; Comp | Винтовой блок &quot;Termomeccanica&quot; SCA1 | Винтовой блок &quot;Termomeccanica&quot; SCA2"
ip54;wrong_top;1;webmaster;20;запчасти выше компрессоров;Шкив ENGER SPB132-4 ф48 40hp-0.8 IP54 (оригин | Шкив ENGER SPB140-4 ф48 50hp-1.25 IP54 (ориги | Винтовой компрессор ET SL 15 8 бар, IP54
компрессорное оборудование;wrong_top;1;webmaster;20;масла выше компрессоров;"Масло компрессорное &quot;Rarus Mobil 425&quo | Масло компрессорное &quot;Rarus Mobill 427&qu | Масло компрессорное Berg Oil-46M (для винтовы"
ekomak;wrong_top;1;webmaster;20;ресиверы выше компрессоров;Ресивер EKOMAK V500 11B PAINT | Ресивер EKOMAK V200 11B PAINT | Ресивер EKOMAK V900 11B PAINT
купить компрессор;wrong_top;1;webmaster;20;только низкого давления, нет разнообразия;Компрессор низкого давления DALI DLVF-55/3 | Компрессор низкого давления DALI EN-75/5 | Компрессор низкого давления DALI EN-110/5
компрессор винтовой купить;wrong_top;1;webmaster;20;в топе преобладают низкого давления;Винтовой компрессор Atlas Copco GA 18+ 10FF/4 | Компрессор низкого давления DALI DLVF-55/3 | Компрессор низкого давления DALI EN-75/5
компрессоры винтовые berg;wrong_top;1;webmaster;20;дизельные выше винтовых;Компрессор дизельный BERG М-7-8 | Компрессор дизельный BERG М-5-8 | Компрессор дизельный BERG М-20-8
дали компрессор;wrong_top;1;webmaster;20;только низкого давления, нет винтовых;Компрессор низкого давления DALI DLVF-55/3 | Компрессор низкого давления DALI EN-75/5 | Компрессор низкого давления DALI EN-110/5F
воздушный компрессор abac;wrong_top;0;webmaster;20;в топе фильтры вместо компрессоров;"Фильтр воздушный &quot;ABAC&quot; 9618034 (89 | Фильтр воздушный &quot;ABAC&quot; 6211475050  | Фильтр воздушный &quot;ABAC&quot; 9618035 (89"
винтовой компрессор с ресивером;wrong_top;1;webmaster;20;смешаны модели с ресивером (TM) и без (FF, FM);Винтовой компрессор Atlas Copco GA5 7.5FF/400 | Винтовой компрессор Atlas Copco GA11 10FF/400 | Винтовой компрессор Atlas Copco GA5 8.5P/400В
азотный генератор;wrong_top;1;webmaster;20;в топе генератор кислорода вместо азота;Генератор азота ENGER GN10-59TWL | Генератор азота ENGER GN8-39MDL | Генератор азота ENGER GN220-295TWL
компрессор воздушный винтовой купить;wrong_top;1;webmaster;20;в топе много компрессоров низкого давления вместо стандартных;Винтовой компрессор Atlas Copco GA 18+ 10FF/4 | Компрессор низкого давления DALI DLVF-55/3 | Компрессор низкого давления DALI EN-75/5
осушитель воздуха рефрижераторного типа;wrong_top;0;webmaster;20;показаны фильтры вместо осушителей;"Фильтр &quot;ABAC&quot; С 45 | Фильтр &quot;ABAC&quot; С 90 | Фильтр &quot;ABAC&quot; С 935"
винтовые компрессоры dali;wrong_top;1;webmaster;20;топ забит дизельными моделями;Дизельный винтовой компрессор Dali DLCY-26/25 | Дизельный винтовой компрессор Dali DLCY-33/25 | Дизельный винтовой компрессор Dali DLCY-39/25
азотные установки;wrong_top;0;webmaster;20;показывает дизельные компрессоры вместо азотных установок;Компрессор дизельный BERG М-13-13 | Дизельный компрессор ATLAS COPCO Y 35 | Компрессор дизельный BERG М-15-15
кислородная станция;wrong_top;0;webmaster;20;показаны генераторы азота вместо кислорода;Генератор азота ENGER GN250-49TWL (CMS260) | Генератор азота ENGER GN10-59TWL | Генератор азота ENGER GN8-39MDL
винтовые компрессоры с частотным преобразователем;wrong_top;1;webmaster;20;не все результаты явно с частотником;Винтовой компрессор MIG 22 PR 8 бар | Винтовой компрессор AIRRUS 30 PR 15 бар | Винтовой компрессор AIRRUS 11 PR 10 бар
берг;wrong_top;1;webmaster;20;только сепараторы, нет компрессоров Berg;"Сепаратор &quot;BERG&quot; C010 (оригинал) | Сепаратор &quot;BERG&quot; C015 (оригинал) | Сепаратор &quot;BERG&quot; C002 (оригинал)"
компрессорное оборудование купить;wrong_top;0;webmaster;20;топ заполнен маслами вместо компрессоров;"Масло компрессорное Роснефть VDL-46 (для винт | Масло компрессорное Berg Oil-46M (для винтовы | Масло компрессорное &quot;Rarus Mobil 425&quo"
азотная установка цена;wrong_top;0;webmaster;20;показывает компрессоры вместо генераторов азота;Винтовой компрессор Kraftmann VEGA 4-8 | Винтовой компрессор Kraftmann VEGA 5-8 | Винтовой компрессор Kraftmann VEGA 7-8
осушитель сжатого воздуха рефрижераторного типа;wrong_top;1;webmaster;20;показывает компрессоры с осушителем вместо отдельных осушителей;Винтовой компрессор Kraftmann APOLLO 11 R O 7 | Винтовой компрессор Kraftmann APOLLO 18 PLUS  | Винтовой компрессор Kraftmann APOLLO 18 O
винтовая компрессорная установка;wrong_top;1;webmaster;20;показаны только дизельные, нет стационарных;Дизельный компрессор ATLAS COPCO Y 35 | Дизельный компрессор ATLAS COPCO H 23 | Дизельный компрессор ATLAS COPCO X 28
винтовой компрессор 55 квт;wrong_top;1;webmaster;20;в топе попал ВК-5.5 вместо 55 квт;Винтовой компрессор MIG 55 PR 10 бар | Винтовой компрессор MIG 55 PR 8 бар | Винтовой компрессор ET SL 55 VS PM ES 10 бар,
винтовой компрессор 75 квт;wrong_top;1;webmaster;20;смешаны 7.5 и 75 квт модели;Винтовой компрессор ET SL 7,5 D VS PM 8 бар,  | Винтовой компрессор ET SL 7,5 VS PM 16 бар, I | Винтовой компрессор ET SL 7,5 ES 10 бар, IP55
электрический компрессор;wrong_top;1;webmaster;20;только двухступенчатые ZEGA, нет разнообразия;Компрессор двухступенчатый ZEGA SEV 250D 10 | Компрессор двухступенчатый ZEGA SEV 55D 8 | Компрессор двухступенчатый ZEGA SEV 75D 10
кислородные станции;wrong_top;0;webmaster;20;показаны генераторы азота вместо кислорода;Генератор азота ENGER GN2-49TWL (CMS360) | Генератор азота ENGER GN25-49TWL (CMS360) | Генератор азота ENGER GN30-49TWL (CMS360)
атлас копко;wrong_top;1;webmaster;20;только запчасти, нет самих компрессоров;"KIT SERVICE &quot;Atlas Copco&quot; 290109980 | Набор фильтров &quot;Atlas Copco&quot; 150361 | Набор ТО 16000 Atlas Copco 2906084400 (оригин"
винтовые компрессоры купить;wrong_top;0;webmaster;20;показаны винтовые блоки вместо готовых компрессоров;"Винтовой блок &quot;Termomeccanica&quot; SCI8 | Винтовой блок &quot;Termomeccanica&quot; SCA7 | Винтовой блок &quot;Termomeccanica&quot; SCI7"
осушитель сжатого воздуха;wrong_top;1;webmaster;20;показаны доохладители вместо осушителей;Доохладитель сжатого воздуха ENGER PR-290AL | Доохладитель сжатого воздуха ENGER PR-280A | Доохладитель сжатого воздуха ENGER PR-380A
ресивер для компрессора;wrong_top;1;webmaster;20;показываются компрессоры с ресиверами вместо отдельных ресиверов;Винтовой компрессор Enger HB-7,5DFE 13 | Винтовой компрессор Enger HC-75DTE 16 | Винтовой компрессор Enger HC-75DTE 12
компрессора dali;wrong_top;1;webmaster;20;в топе фильтры и запчасти вместо компрессоров;"Фильтр масляный &quot;DALI&quot; 66135177 (ор | Фильтр масляный &quot;DALI&quot; W719/5 (ориг | Фильтр масляный &quot;DALI&quot; W962 (оригин"
компрессор винтовой частотный;wrong_top;1;webmaster;20;неочевидно что все модели частотные;Винтовой компрессор Lupamat LKV 22/7.5 DHK PL | Винтовой компрессор ALMiG F-Drive 18-13 | Винтовой компрессор Lupamat LKV 37/10 DHK PLU
дизельный компрессор цена;wrong_top;1;webmaster;20;неочевидно что компрессоры дизельные;Винтовой компрессор ЗИФ-ПВ-10/1,8 (на шасси) | Винтовой компрессор ЗИФ-ПВ-15/1,8 (на шасси) | Винтовой компрессор ЗИФ-ПВ-20/2,0 (на шасси)
компрессорная установка винтовая;wrong_top;1;webmaster;20;только дизельные вместо всех винтовых;Дизельный компрессор ATLAS COPCO Y 35 | Дизельный компрессор ATLAS COPCO H 23 | Дизельный компрессор ATLAS COPCO X 28
компрессор винтового типа;wrong_top;0;webmaster;20;показаны поршневые вместо винтовых;Компрессор поршневой дожимной (бустер) AIRRUS | Компрессор поршневой дожимной (бустер) AIRRUS | Компрессор поршневой дожимной (бустер) AIRRUS
купить компрессор винтовой;wrong_top;1;webmaster;20;топ размыт компрессорами низкого давления;Винтовой компрессор Atlas Copco GA 18+ 10FF/4 | Компрессор низкого давления DALI DLVF-55/3 | Компрессор низкого давления DALI EN-75/5
компрессор винтовой купить цена;wrong_top;0;webmaster;20;показаны блоки вместо компрессоров;"Винтовой блок &quot;Termomeccanica&quot; Comp | Винтовой блок &quot;Termomeccanica&quot; SCA1 | Винтовой блок &quot;Termomeccanica&quot; SCA2"
компрессор винтовой воздушный купить;wrong_top;1;webmaster;20;топ забит компрессорами низкого давления;Винтовой компрессор Atlas Copco GA 18+ 10FF/4 | Компрессор низкого давления DALI DLVF-55/3 | Компрессор низкого давления DALI EN-75/5
винтовой компрессор 40 бар;wrong_top;0;webmaster;20;показывает 7-12 бар вместо 40 бар;Винтовой компрессор BERG ВК-4Р 7 бар, IP54 | Винтовой компрессор BERG ВК-4Р 8 бар, IP54 | Винтовой компрессор BERG ВК-4Р 12 бар, IP54
компрессор 40 бар;wrong_top;0;webmaster;20;показывает 7-12 бар вместо 40;Винтовой компрессор BERG ВК-4Р 7 бар, IP54 | Винтовой компрессор BERG ВК-4Р 8 бар, IP54 | Винтовой компрессор BERG ВК-4Р 12 бар, IP54
компрессор для станка лазерной резки;wrong_top;1;webmaster;20;Нет явной маркировки для лазерной резки;Винтовой компрессор ZEGA SELD 37-20 | Винтовой компрессор ZEGA SELD 22-20 | Компрессор винтовой ZEGA SEL 15-16
абсорбционный осушитель;wrong_top;0;webmaster;20;Показаны адсорбционные вместо абсорбционных;"Осушитель адсорбционный &quot;Pneumatech&quot | Осушитель адсорбционный &quot;Pneumatech&quot | Осушитель адсорбционный &quot;ЕвразКомпрессор"
компрессор поршневой воздушный;wrong_top;1;webmaster;20;Только бустеры, нет обычных поршневых;Компрессор поршневой дожимной (бустер) Remeza | Компрессор поршневой дожимной (бустер) Remeza | Компрессор поршневой дожимной (бустер) Remeza
винтовой масляный компрессор;wrong_top;0;webmaster;20;Показаны безмасляные вместо масляных;Винтовой безмасляный компрессор ENGER LUF250W | Винтовой безмасляный компрессор ENGER LUF275W | Винтовой безмасляный компрессор ENGER LUF275W
винтовой компрессор 1000 л мин;wrong_top;1;webmaster;20;показывает 10000 л/мин вместо 1000;Винтовой компрессор ММЗ ПВ-10/10 (на шасси с  | Винтовой компрессор ММЗ ПВ-10/1,0 (на шасси с | Винтовой компрессор ММЗ ПВ-10/1,0 (без шасси)
купить азотную установку;wrong_top;0;webmaster;20;показывает запчасти вместо генераторов азота;"KIT SERVICE &quot;Atlas Copco&quot; 290109980 | KIT SERVICE &quot;Atlas Copco&quot; 290117440 | KIT SERVICE &quot;Atlas Copco&quot; 290119480"
компрессор 75 квт;wrong_top;1;webmaster;20;в топе шум: 7.5 кВт и модели без 75 кВт;Компрессор 1А 24-30-2А | Компрессор 1А 21-80-2А | Компрессор двухступенчатый ZEGA SEV 75D 10
винтовой компрессор 5.5 квт;wrong_top;1;webmaster;20;путаница 5.5 и 55 кВт;Винтовой компрессор MIG 55 PR 10 бар | Винтовой компрессор MIG 55 PR 8 бар | Винтовой компрессор ET SL 55 VS PM ES 10 бар,
передвижные компрессоры;wrong_top;0;webmaster;20;показаны стационарные вместо передвижных;Винтовой компрессор ЗИФ-СВЭ-3,6/1,0 ШР | Винтовой компрессор ЗИФ-СВЭ-16/0,7-Ex | Винтовой компрессор ЗИФ-СВЭ-4,4/1,0 РН
berg compressors;wrong_top;0;webmaster;20;показаны запчасти вместо компрессоров;"Сепаратор &quot;BERG&quot; C010 (оригинал) | Сепаратор &quot;BERG&quot; C015 (оригинал) | Сепаратор &quot;BERG&quot; C002 (оригинал)"
crossair;wrong_top;1;webmaster;20;запчасти выше компрессоров;"Сепаратор &quot;Cross Air&quot; KB8196 (ориги | Сепаратор &quot;Cross Air&quot; KB8641 (ориги | Воздушный фильтр &quot;Cross Air&quot; 321310"
осушитель рефрижераторного типа для компрессора;wrong_top;1;webmaster;20;комплекты вместо отдельных осушителей;Винтовой компрессор Comprag FRD1110-270 (с ос | Винтовой компрессор Comprag FRD1810-500 (с ос | Винтовой компрессор Comprag FRD0510-270 (с ос
dalgakiran;wrong_top;1;webmaster;20;в топе запчасти, не компрессоры;"Сепаратор &quot;DALGAKIRAN&quot; 1311125100 ( | Сепаратор &quot;DALGAKIRAN&quot; 1311126300 ( | Сепаратор &quot;DALGAKIRAN&quot; 1311125700 ("
модульная компрессорная станция сжатого воздуха;wrong_top;1;webmaster;20;обычные компрессоры вместо модульных станций;Винтовой компрессор ATMOS ST 37+ FD/13 | Винтовой компрессор ATMOS ST 45/13 | Винтовой компрессор ATMOS ST 37 FD/8,5
фильтр для компрессора ekomak;wrong_top;1;webmaster;20;показывает компрессоры Ekomak вместо фильтров;"Фильтр масляный &quot;ABAC&quot; 2205722070 ( | Винтовой компрессор Ekomak EKO 18G CRD/8 | Винтовой компрессор Ekomak EKO 15G CR/10"
компрессор поршневой;wrong_top;1;webmaster;20;только дожимные бустеры, нет обычных поршневых;Компрессор поршневой дожимной (бустер) Remeza | Компрессор поршневой дожимной (бустер) Remeza | Компрессор поршневой дожимной (бустер) Remeza
винтовые компрессоры купить цена;wrong_top;1;webmaster;20;показывает винтовые блоки вместо готовых компрессоров;"Винтовой блок &quot;Termomeccanica&quot; SCI8 | Винтовой блок &quot;Termomeccanica&quot; SCA7 | Винтовой блок &quot;Termomeccanica&quot; SCI7"
винтовые компрессоры с осушителем;wrong_top;1;webmaster;20;не все результаты содержат осушитель;Винтовой компрессор Enger HB-7,5DF 12 | Винтовой компрессор Enger HC-7,5BF 10 | Винтовой компрессор Enger HB-7,5BF 7
винтовой компрессор 7 квт;wrong_top;1;webmaster;20;смешаны производительность и давление с мощностью;Винтовой компрессор AIRRUS 7 10 бар | Винтовой компрессор AIRRUS 7 8 бар | Винтовой компрессор BERG ВК-45 7 бар
компрессор 15 бар;wrong_top;1;webmaster;20;в топе компрессоры с другим давлением;Винтовой компрессор AIRRUS 15 15 бар | Винтовой компрессор AIRRUS K 15 15 бар | Винтовой компрессор BERG ВК-15 7 бар
горизонтальные компрессоры ekomak;wrong_top;1;webmaster;20;бренд верный, но не учтено исполнение горизонтальное;Винтовой компрессор Ekomak DMD 100 C/7 | Винтовой компрессор Ekomak DMD 75 C/8 | Винтовой компрессор Ekomak DMD 40 C/8
компрессор винтовой 7 5 квт;wrong_top;1;webmaster;20;показаны модели не 7.5 кВт;Винтовой компрессор Dalgakiran F 5-7-250 | Винтовой компрессор Dalgakiran F 5-7 | Винтовой компрессор Dalgakiran F 5-7-250 D (с
одноступенчатый винтовой компрессор;wrong_top;1;webmaster;20;не видно учета одноступенчатости в топе;Винтовой компрессор ZEGA SELV 90S-3 | Винтовой компрессор ZEGA SELV 37S-3 | Винтовой компрессор ZEGA SELV 75S-1.5
дизельный компрессор на шасси;wrong_top;1;webmaster;20;сначала показаны БЕЗ шасси вместо НА шасси;Дизельный компрессор ATLAS COPCO U 110 (без ш | Дизельный компрессор ATLAS COPCO U 175 Kd (бе | Дизельный компрессор ATLAS COPCO U 130 Kd (бе
азотно кислородная станция;wrong_top;1;webmaster;20;показаны только генераторы азота;Генератор азота ENGER GN10-59TWL | Генератор азота ENGER GN8-39MDL | Генератор азота ENGER GN170-49TWL (CMS260)
купить компрессор 8 бар;wrong_top;1;webmaster;20;не ясно соответствие 8 бар в названиях;Компрессор низкого давления DALI EN-90/3 | Компрессор низкого давления DALI EN-55/3 | Компрессор низкого давления DALI EN-55/3F
продажа компрессорного оборудования;wrong_top;0;webmaster;20;показаны только масла вместо компрессоров;"Масло компрессорное Роснефть VDL-46 (для винт | Масло компрессорное Berg Oil-46M (для винтовы | Масло компрессорное &quot;Rarus Mobil 425&quo"
азотные станции цена;wrong_top;0;webmaster;20;показаны компрессоры вместо генераторов азота;Винтовой компрессор ET SL 22 8 бар | Винтовой компрессор ET SL 30 8 бар | Винтовой компрессор ET SL 37 VS 8 бар
промышленное компрессорное оборудование;wrong_top;1;webmaster;20;выдает только масло вместо компрессоров;"Масло компрессорное Роснефть VDL-46 (для винт | Масло компрессорное Berg Oil-46M (для винтовы | Масло компрессорное &quot;Rarus Mobil 425&quo"
купить ekomak;wrong_top;1;webmaster;20;в топе чужой бренд Atlas Copco;"KIT SERVICE &quot;Atlas Copco&quot; 290109980 | KIT SERVICE &quot;Atlas Copco&quot; 290117440 | KIT SERVICE &quot;Atlas Copco&quot; 290119480"
азотные станции;wrong_top;0;webmaster;20;выдает компрессоры вместо генераторов азота;Спиральный компрессор FINI OS 2.2-10 | Спиральный компрессор FINI OS 2.2-08-270 | Спиральный компрессор FINI OS 2.2-10-270
ресивер воздушный для компрессора;wrong_top;0;webmaster;20;выдает компрессоры вместо ресиверов;Винтовой компрессор Enger BS-132DF 13 | Винтовой компрессор Enger BS-200DT 12 | Винтовой компрессор BERG ВК-4РВ-250 8 бар
оборудование для производства азота;wrong_top;0;webmaster;20;показаны компрессоры вместо генераторов азота;Винтовой компрессор Atlas Copco GA26 VSD+13P/ | Винтовой компрессор Atlas Copco GA26 VSD+13FF | Винтовой компрессор Atlas Copco GA37 VSD+13P/
винтовой воздушный компрессор купить;wrong_top;1;webmaster;20;топ разбавлен компрессорами низкого давления;Винтовой компрессор Atlas Copco GA 18+ 10FF/4 | Компрессор низкого давления DALI DLVF-55/3 | Компрессор низкого давления DALI EN-75/5
купить винтовые компрессоры;wrong_top;1;webmaster;20;показаны винтовые блоки вместо компрессоров;"Винтовой блок &quot;Termomeccanica&quot; SCI8 | Винтовой блок &quot;Termomeccanica&quot; SCA7 | Винтовой блок &quot;Termomeccanica&quot; SCI7"
компрессор 1000 л/мин;wrong_top;1;webmaster;20;неясно соответствие производительности;Компрессор дизельный BERG М-10-12 | Винтовой компрессор Airpol Т7/10 | Винтовой компрессор Ekomak ЕКО 55 QD/7.5
продажа компрессоров;wrong_top;0;webmaster;20;показаны масла вместо компрессоров;Масло Shell Corena S2 Р 100 (для поршневых ко | Масло компрессорное Berg Oil-46M (для винтовы | Масло компрессорное Роснефть VDL-46 (для винт
абак;wrong_top;1;webmaster;20;показаны только фильтры, нет компрессоров ABAC;"Фильтр &quot;ABAC&quot; С 1295 2&quot; | Фильтр &quot;ABAC&quot; S 180 3/4&quot; | Фильтр &quot;ABAC&quot; G 685"
компрессоры 75 квт;wrong_top;0;webmaster;20;выдал 7.5 кВт вместо 75 кВт;Винтовой компрессор Enger HB-7,5DFE 13 | Винтовой компрессор Enger BS-7,5DSE 8 | Винтовой компрессор ZEGA SEC 7.5S 8
компрессор с частотным преобразователем;wrong_top;1;webmaster;20;в топе много моделей без VSD;Компрессор высокого давления Enger ZSW-6/8-40 | Компрессор высокого давления Enger ZSW-6/8-40 | Компрессор высокого давления Enger ZSW-8/8-40
компрессор воздушный abac;wrong_top;1;webmaster;20;топ заполнен фильтрами вместо компрессоров;"Фильтр воздушный &quot;ABAC&quot; 9618034 (89 | Фильтр воздушный &quot;ABAC&quot; 6211475050  | Фильтр воздушный &quot;ABAC&quot; 9618035 (89"
компрессор 15 квт;wrong_top;1;webmaster;20;топ смешан с моделями где 15 не мощность;Компрессор дизельный ZEGA SPDB510D-15-18B | Винтовой компрессор BERG ВК-15 Е 16 бар, IP54 | Винтовой компрессор Comaro SB 15-13 new
кислородная станция купить;wrong_top;0;webmaster;20;показаны генераторы азота вместо кислорода;Генератор азота ENGER GN250-49TWL (CMS260) | Генератор азота ENGER GN10-59TWL | Генератор азота ENGER GN8-39MDL
азотные станции и установки;wrong_top;0;webmaster;20;показаны компрессоры вместо азотных генераторов;Винтовой компрессор ЗИФ-ПВ-5/1,2 (без шасси) | Винтовой компрессор ЗИФ-ПВ-4/1,6 (без шасси) | Винтовой компрессор ЗИФ-ПВ-4/1,3 (без шасси)
продажа винтовых компрессоров;wrong_top;0;webmaster;20;показано масло вместо компрессоров;"Масло компрессорное Berg Oil-46M (для винтовы | Масло компрессорное Роснефть VDL-46 (для винт | Масло компрессорное &quot;Rarus Mobil 425&quo"
азотные установки и станции;wrong_top;0;webmaster;20;показаны компрессоры вместо генераторов азота;Винтовой компрессор ЗИФ-ПВ-5/1,2 (без шасси) | Винтовой компрессор ЗИФ-ПВ-4/1,6 (без шасси) | Винтовой компрессор ЗИФ-ПВ-4/1,3 (без шасси)
станция кислородная стационарная;wrong_top;0;webmaster;20;показаны генераторы азота вместо кислорода;Генератор азота ENGER GN250-49TWL (CMS260) | Генератор азота ENGER GN10-59TWL | Генератор азота ENGER GN8-39MDL
ремеза;wrong_top;1;webmaster;20;первый результат — манометр, а не компрессор;"Дифманометр &quot;Remeza&quot; | Винтовой компрессор REMEZA ВК40Т-8Д | Винтовой компрессор REMEZA ВК40Т-8ДВС"
поршневые компрессоры abac;wrong_top;1;webmaster;20;показывает винтовые вместо поршневых;Винтовой компрессор ABAC SPINN 2.2-10 | Винтовой компрессор ABAC SPINN 4.0-10 | Винтовой компрессор ABAC FORMULA 5.5-8
компрессоры 22 квт;wrong_top;1;webmaster;20;мешает модели с цифрой 22 в названии;Компрессор дизельный ZEGA SPDB655D-18-22 | Компрессор дизельный передвижной ZEGA SPD655D | Дизельный винтовой компрессор ET-Compressors 
купить компрессор dali;wrong_top;1;webmaster;20;только низкого давления, нет обычных винтовых;Компрессор низкого давления DALI DLVF-55/3 | Компрессор низкого давления DALI EN-75/5 | Компрессор низкого давления DALI EN-110/5F
винтовой компрессор 16 бар для лазерного станка;wrong_top;1;webmaster;20;показывает 13 бар вместо 16 бар;Винтовой компрессор KraftMachine KM11-13рВ, I | Винтовой компрессор KraftMachine KM15-13рВ, I | Винтовой компрессор KraftMachine KM22-13рВ, I
компрессор 7 квт;wrong_top;1;webmaster;20;в топе не только 7 кВт;Винтовой компрессор Atlas Copco GX7 10FF TM(2 | Винтовой компрессор AIRRUS 7 10 бар | Винтовой компрессор AIRRUS 7 8 бар
винтовых компрессоров;wrong_top;0;webmaster;20;показаны масла вместо компрессоров;"Масло компрессорное Berg Oil-46M (для винтовы | Масло компрессорное &quot;Rarus Mobil 425&quo | Масло компрессорное Роснефть VDL-46 (для винт"
винтовой компрессор дали купить;wrong_top;1;webmaster;20;только низкого давления в выдаче;Компрессор низкого давления DALI DLVF-55/3 | Компрессор низкого давления DALI EN-75/5 | Компрессор низкого давления DALI EN-110/5F
компрессор ekomak 300 л;wrong_top;1;webmaster;20;300 в модели — это не объём ресивера;Винтовой компрессор Ekomak DMD 300 C/7 | Винтовой компрессор Ekomak DMD 300 C/13 | Винтовой компрессор Ekomak DMD 300 C/8
купить кислородную станцию для производства кислорода;wrong_top;0;webmaster;20;показаны компрессоры вместо генераторов О₂;Винтовой компрессор Kraftmann VEGA 4 PLUS 10  | Винтовой компрессор Kraftmann VEGA 7 PLUS R 5 | Винтовой компрессор Kraftmann VEGA 15 PLUS R 
компрессор 1000 л мин;wrong_top;1;webmaster;20;производительность не соответствует;Винтовой компрессор ММЗ ПВ-10/10 (на шасси с  | Винтовой компрессор ММЗ ПВ-10/1,0 (на шасси с | Винтовой компрессор ММЗ ПВ-10/1,0 (без шасси)
кислородная станция для производства кислорода;wrong_top;0;webmaster;20;показаны генераторы азота вместо кислорода;Генератор азота ENGER GN250-49TWL (CMS260) | Генератор азота ENGER GN10-59TWL | Генератор азота ENGER GN8-39MDL
компрессор 1 м3 мин;wrong_top;1;webmaster;20;производительность моделей не соответствует 1 м3/мин;Винтовой компрессор ALMiG F-Drive 18-8 | Винтовой компрессор ALMiG F-Drive 18-13 | Винтовой компрессор ALMiG F-Drive 18-6
компрессора берг;wrong_top;0;webmaster;20;показаны фильтры вместо компрессоров BERG;"Фильтр воздушный &quot;BERG&quot; B016 (ориги | Фильтр воздушный &quot;BERG&quot; B110 (ориги | Фильтр воздушный &quot;BERG&quot; B106 (ориги"
винтовой компрессор цена купить;wrong_top;0;webmaster;20;показаны винтовые блоки (запчасти), не компрессоры;"Винтовой блок &quot;Termomeccanica&quot; Comp | Винтовой блок &quot;Termomeccanica&quot; SCA1 | Винтовой блок &quot;Termomeccanica&quot; SCA2"
винтовой компрессор 5000 л мин;wrong_top;1;webmaster;20;производительность моделей выше 5000 л/мин;Винтовой компрессор Cross Air CA45-16RA | Винтовой компрессор Ironmac IC 20/15 DF VSD 5 | Винтовой компрессор Cross Air CAPM11-16W
кислородная станция цена;wrong_top;0;webmaster;20;показывает компрессоры вместо генераторов кислорода;Винтовой компрессор ET SL 22 8 бар | Винтовой компрессор ET SL 30 8 бар | Винтовой компрессор ET SL 37 VS 8 бар
компрессор 2 м3 мин;wrong_top;1;webmaster;20;нет явной фильтрации по производительности;Дизельный компрессор ATLAS COPCO U 250 Kd (бе | Дизельный компрессор ATLAS COPCO H 23 | Дизельный компрессор ATLAS COPCO X 28
кислородная установка цена;wrong_top;0;webmaster;20;показывает компрессоры вместо генераторов кислорода;Винтовой компрессор Kraftmann VEGA 4-8 | Винтовой компрессор Kraftmann VEGA 5-8 | Винтовой компрессор Kraftmann VEGA 7-8
воздушный винтовой компрессор купить;wrong_top;1;webmaster;20;топ засорён компрессорами низкого давления;Винтовой компрессор Atlas Copco GA 18+ 10FF/4 | Компрессор низкого давления DALI DLVF-55/3 | Компрессор низкого давления DALI EN-75/5
компрессор 10 м3 мин;wrong_top;1;webmaster;20;показаны модели по давлению 10 бар, а не производительности;Винтовой компрессор ALMiG F-Drive 8-10 | Винтовой компрессор ALMiG F-Drive 6-10 | Винтовой компрессор Atmos ALBERT E95-10-KRD
компрессор 500 л мин;wrong_top;0;webmaster;20;показаны компрессоры с ресивером 500L, а не производительностью 500 л/мин;Винтовой компрессор Ironmac IC 20/16 C DF 500 | Винтовой компрессор Ironmac IC 20/15 DF VSD 5 | Винтовой компрессор Ironmac IC 30/15 DF VSD 5
компрессоры передвижные;wrong_top;1;webmaster;20;не ясно, что показанные компрессоры передвижные;Винтовой компрессор ЗИФ-СВЭ-3,5/0,7 ШР | Винтовой компрессор ЗИФ-СВЭ-5,2/0,7 ШР | Винтовой компрессор ЗИФ-СВЭ-7,8/0,7 ШР
винтовой компрессор 400 квт;wrong_top;0;webmaster;20;показаны компрессоры на 400В, а не 400 кВт мощности;Винтовой компрессор Enger HC-15BF-400 8 | Винтовой компрессор Enger HC-11BF-400 7 | Винтовой компрессор Enger HB-11DF-400 7
берг компрессора;wrong_top;1;webmaster;20;фильтры вместо компрессоров Berg;"Фильтр воздушный &quot;BERG&quot; B016 (ориги | Фильтр воздушный &quot;BERG&quot; B110 (ориги | Фильтр воздушный &quot;BERG&quot; B106 (ориги"
компрессоры 86 квт с осушителем;wrong_top;1;webmaster;20;несоответствие по мощности 86 кВт;Винтовой компрессор REMEZA ВК60Р-7,5Д (с осуш | Винтовой компрессор REMEZA ВК60Р-7,5ДВС (с ос | Винтовой компрессор безмасляный AC ZR 425 8,6
винтовой компрессор 800 л мин;wrong_top;1;webmaster;20;неясно соответствие производительности;Винтовой компрессор Comprag FRD0710-500 (с ос | Винтовой компрессор Comprag FRD0508-270 (с ос | Винтовой компрессор Comprag FRD0708-500 (с ос
купить компрессор воздушный винтовой;wrong_top;1;webmaster;20;в топе компрессоры низкого давления;Винтовой компрессор Atlas Copco GA 18+ 10FF/4 | Компрессор низкого давления DALI DLVF-55/3 | Компрессор низкого давления DALI EN-75/5
компрессор 300 бар;wrong_top;0;webmaster;20;показаны 8-15 бар вместо 300;Винтовой компрессор DAS BVK T 3-15-300 15 бар | Винтовой компрессор DAS BVK T 4-15-300 15 бар | Винтовой компрессор DAS BVK T 5,5-15-300 15 б
купить азотную станцию для производства азота;wrong_top;0;webmaster;20;показаны компрессоры вместо азотных станций;Винтовой компрессор Kraftmann VEGA 4 PLUS 10  | Винтовой компрессор Kraftmann VEGA 7 PLUS R 5 | Винтовой компрессор Kraftmann VEGA 15 PLUS R 
компрессор 1500 л мин;wrong_top;1;webmaster;20;неясно соответствие производительности;Винтовой компрессор Cross Air CA15-16GA | Винтовой компрессор Cross Air CA15-16RA | Винтовой компрессор Ironmac IC 20/16 C DF 500
компрессора berg;wrong_top;0;webmaster;20;показаны фильтры вместо компрессоров;"Фильтр воздушный &quot;BERG&quot; B016 (ориги | Фильтр воздушный &quot;BERG&quot; B110 (ориги | Фильтр воздушный &quot;BERG&quot; B106 (ориги"
винтовой безмасляный компрессор цена;wrong_top;1;webmaster;20;непонятно что показаны безмасляные;Винтовой компрессор Lupamat LKV 15/15 DHK PLU | Винтовой компрессор Lupamat LKV 132/ 7.5 D PL | Винтовой компрессор Lupamat LKV 30/7.5 D PLUS
компрессоры 10 квт с осушителем;wrong_top;1;webmaster;20;топ размыт моделями 2-7 кВт;Винтовой компрессор Atlas Copco GX3 10FF TM(2 | Винтовой компрессор Atlas Copco GX2 10FF TM(2 | Винтовой компрессор Atlas Copco GX5 10FF TM(2
компрессоры 8 квт с осушителем;wrong_top;1;webmaster;20;путаница 8 кВт и 8 бар;Спиральный компрессор REMEZA КС 3-8 M (с осуш | Спиральный компрессор REMEZA КС 5-8 M (с осуш | Спиральный компрессор REMEZA КС 7-8 M (с осуш
винтовой компрессор 3 квт;wrong_top;1;webmaster;20;размыт моделями 30-37 кВт;Винтовой компрессор FIAC New Silver 3 13 | Винтовой компрессор FIAC New Silver 3 8 | Винтовой компрессор FIAC New Silver D 3 8
компрессор 10 квт с осушителем;wrong_top;1;webmaster;20;топ размыт моделями не 10 кВт;Винтовой компрессор Atlas Copco GX3 10FF TM(2 | Винтовой компрессор Atlas Copco GX2 10FF TM(2 | Винтовой компрессор Atlas Copco GX5 10FF TM(2
компрессоры ekomak 8 квт;wrong_top;1;webmaster;20;топ размыт моделями 30-55 кВт;Винтовой компрессор Ekomak ЕКО 55 CD/10 | Спиральный компрессор EKOMAK SPR 8/8 400V | Спиральный компрессор EKOMAK SPR 8/10 400V
компрессор винтовой с ресивером;wrong_top;1;webmaster;20;ресивер не явно указан в топе;Винтовой компрессор Atlas Copco GA5 7.5FF/400 | Винтовой компрессор Atlas Copco GA11 10FF/400 | Винтовой компрессор Atlas Copco GA5 8.5P/400В
винтовой компрессор с осушителем ресивером;wrong_top;1;webmaster;20;осушитель и ресивер не явно указаны;Винтовой компрессор Atlas Copco GA5 7.5FF/400 | Винтовой компрессор Atlas Copco GA11 10FF/400 | Винтовой компрессор Atlas Copco GA5 8.5P/400В
компрессор ekomak 8 квт;wrong_top;1;webmaster;20;мощность 8 квт размыта в топе;Спиральный компрессор EKOMAK SPR 8/8 400V | Спиральный компрессор EKOMAK SPR 8Т/8 400V N | Спиральный компрессор EKOMAK SPR 8/10 400V
компрессор воздушный абак;wrong_top;1;webmaster;20;топ забит фильтрами вместо компрессоров;"Фильтр воздушный &quot;ABAC&quot; 9618034 (89 | Фильтр воздушный &quot;ABAC&quot; 6211475050  | Фильтр воздушный &quot;ABAC&quot; 9618035 (89"
компрессоры винтовые 45 квт;wrong_top;1;webmaster;20;первые результаты не 45 квт;Винтовой компрессор ЗИФ-СВЭ-7,8/0,7 РН | Винтовой компрессор ЗИФ-СВЭ-7,8/0,7-Ex | Винтовой компрессор ЗИФ-СВЭ-7,8/0,7 ШР
винтовой компрессор 5.5;wrong_top;1;webmaster;20;смешаны 5.5 квт и 55 квт;Винтовой компрессор ET SL 55 VS PM ES 10 бар, | Винтовой компрессор BERG ВК-5.5 РВ-250 10 бар | Винтовой компрессор BERG ВК-55 16 бар, IP54
станция производства азота;wrong_top;0;webmaster;20;показаны компрессоры вместо азотных станций;Винтовой компрессор Kraftmann VEGA 4 PLUS 10  | Винтовой компрессор Kraftmann VEGA 7 PLUS R 5 | Винтовой компрессор Kraftmann VEGA 15 PLUS R 
винтовые компрессоры atlas copco;wrong_top;0;webmaster;20;показывает дизельные вместо винтовых;Дизельный компрессор ATLAS COPCO XAS 47 Dd | Дизельный компрессор ATLAS COPCO XAS 87 Kd | Дизельный компрессор ATLAS COPCO XAS 57 Dd
винтовые компрессоры 55 квт;wrong_top;1;webmaster;20;смешаны 55 кВт и 5.5 кВт;Винтовой компрессор AIRRUS 55 8 бар | Винтовой компрессор AIRRUS 55 PR 8 бар | Винтовой компрессор AIRRUS 55 PR 10 бар
компрессор 5 м3 мин;wrong_top;1;webmaster;20;Только первый явно соответствует производительности;Винтовой компрессор Atlas Copco GX5 10FF TM(2 | Винтовой компрессор Atmos ALBERT E50 | Винтовой компрессор Atmos ALBERT E50-R
винтовой компрессор 20 бар;wrong_top;0;webmaster;20;Показаны компрессоры на 8-14 бар, а не 20 бар;Винтовой компрессор BERG ВК-110 8 бар | Винтовой компрессор ATLAS COPCO GA 200 VSD -  | Винтовой компрессор ATLAS COPCO GA 200 VSD - 
компрессор 1 квт с осушителем;wrong_top;0;webmaster;20;Показаны мощные модели вместо 1 кВт;Винтовой компрессор Ekomak DMD 150 CR/10 | Винтовой компрессор Ekomak DMD 100 C/8 | Винтовой компрессор Ekomak DMD 100 CR/13
компрессоры 4 квт с осушителем;wrong_top;1;webmaster;20;Первый точный, остальные разной мощности;Винтовой компрессор Atlas Copco GX4 10FF TM(2 | Винтовой компрессор AIRMAN SAS22 VD с осушите | Винтовой компрессор AIRMAN SAS4 SD c осушител
модульные компрессоры;wrong_top;1;webmaster;20;Неясно, модульные ли показанные компрессоры;Компрессор винтовой ZEGA ASED 200 8 | Компрессор винтовой ZEGA ASED 160 8 | Компрессор винтовой ZEGA ASED 280 8
berg компрессора;wrong_top;1;webmaster;20;показаны фильтры вместо компрессоров Berg;"Фильтр воздушный &quot;BERG&quot; B016 (ориги | Фильтр воздушный &quot;BERG&quot; B110 (ориги | Фильтр воздушный &quot;BERG&quot; B106 (ориги"
компрессор атлас;wrong_top;1;webmaster;20;показан ABAC вместо Atlas Copco;Компрессор винтовой безмасляный AC ZT 22 VSD  | Винтовой компрессор ABAC GENESIS 5.5-8-270 | Винтовой компрессор ABAC GENESIS I.22-500
компрессоры 1 квт с осушителем;wrong_top;0;webmaster;20;показаны 100+ кВт вместо 1 кВт;Винтовой компрессор Ekomak DMD 100 C/7 | Винтовой компрессор Ekomak DMD 100 C/13 | Винтовой компрессор Ekomak DMD 150 C/7
компактный винтовой компрессор;wrong_top;1;webmaster;20;не видно признака компактности;Винтовой компрессор Dali DL-45/10GA-F | Винтовой компрессор Dali DLVF-15 | Винтовой компрессор Dali DL-355/8GA-F
компрессор 8 квт с осушителем;wrong_top;0;webmaster;20;показаны 8 бар вместо 8 квт;Винтовой компрессор REMEZA ВК7Т-8-270Д (с осу | Винтовой компрессор REMEZA ВК5Т-8-270Д (с осу | Винтовой компрессор REMEZA ВК7Е-8-500Д (с осу
модульная компрессорная станция мкс;wrong_top;1;webmaster;20;нет явного указания модульности;Компрессорная станция SIGMA PET AIR 1010 HP | Компрессорная станция SIGMA PET AIR 1290 HP | Компрессорная станция SIGMA PET AIR 1490 HP
купить воздушный винтовой компрессор;wrong_top;1;webmaster;20;в топе компрессоры низкого давления;Винтовой компрессор Atlas Copco GA 18+ 10FF/4 | Компрессор низкого давления DALI DLVF-55/3 | Компрессор низкого давления DALI EN-75/5
абсорбционный осушитель воздуха;wrong_top;1;webmaster;20;показаны адсорбционные вместо абсорбционных;"Осушитель адсорбционный ATS HGO 170 | Осушитель адсорбционный &quot;ЕвразКомпрессор | Осушитель адсорбционный &quot;Pneumatech&quot"
винтовой компрессор 25 бар;wrong_top;0;webmaster;20;нет моделей на 25 бар в топе;Винтовой компрессор ET SL 250 8 бар, IP54 | Винтовой компрессор ET SL 250 13 бар | Винтовой компрессор ET SL 250 10 бар
винтовой компрессор berg вк 7.5;wrong_top;1;webmaster;20;ВК-75 (75кВт) попал на 2-е место;Винтовой компрессор BERG ВК-7.5 Е 16 бар, IP5 | Винтовой компрессор BERG ВК-75 Е 16 бар, IP54 | Винтовой компрессор BERG ВК-7.5 12 бар, IP54
компрессор 1000 л;wrong_top;0;webmaster;20;показывает 130л вместо 1000л ресивера;Винтовой компрессор ET SL 7,5 D VS PM V верти | Винтовой компрессор ET SL 7,5 D VS PM V верти | Винтовой компрессор Cross Air CA15-16GA
компрессор 5000 л мин цена;wrong_top;1;webmaster;20;неясно соответствие производительности 5000 л/мин;Винтовой компрессор Cross Air CA45-16RA | Винтовой компрессор Ironmac IC 20/15 DF VSD 5 | Винтовой компрессор Cross Air CAPM11-16W
компрессор 75 квт с осушителем;wrong_top;1;webmaster;20;неясно соответствие мощности 75 кВт;Винтовой компрессор Dalgakiran DVK D 75-7,5 I | Винтовой компрессор Dalgakiran TIDY30-7,5 ID  | Винтовой компрессор Dalgakiran TIDY40B-7,5 ID
компрессоры с частотным преобразователем;wrong_top;1;webmaster;20;не видно ЧП в названиях товаров;Винтовой компрессор Enger LC-30DTRE 30 | Винтовой компрессор AIRRUS 30 PR 15 бар | Винтовой компрессор AIRRUS 11 PR 10 бар
центробежный компрессор цена;wrong_top;0;webmaster;20;показаны винтовые вместо центробежных;Винтовой компрессор Dali DL-11/13RA-F | Винтовой компрессор Dali DL-15/13RA-F | Винтовой компрессор Dali DL-7.5/10RA-F
компрессор 20 бар;wrong_top;1;webmaster;20;в топе есть 10 бар модели;Винтовой компрессор ET SL 37 VS PM 20 бар, IP | Винтовой компрессор ET SL 45 VS PM 20 бар, IP | Винтовой компрессор ET SL 22 VS PM 20 бар, IP
винтовой компрессор воздушный купить;wrong_top;1;webmaster;20;топ размыт компрессорами низкого давления;Винтовой компрессор Atlas Copco GA 18+ 10FF/4 | Компрессор низкого давления DALI DLVF-55/3 | Компрессор низкого давления DALI EN-75/5
компрессоры 75 квт с осушителем;wrong_top;0;webmaster;20;показаны 7.5 бар вместо 75 кВт;Винтовой компрессор Dalgakiran DVK D 75-7,5 I | Винтовой компрессор Dalgakiran TIDY30-7,5 ID  | Винтовой компрессор Dalgakiran DVK 150-7,5 ID
компрессоры двухступенчатого сжатия;wrong_top;1;webmaster;20;разбавлено обычными винтовыми;Винтовой компрессор двухступенчатого сжатия A | Двухступенчатый компрессор Enger HBD-400DF2KP | Двухступенчатый компрессор Enger HBD-45DF2 4
компрессоры 7 квт с осушителем;wrong_top;1;webmaster;20;смешаны 7 кВт и 7 бар;Винтовой компрессор Atlas Copco GX7 10FF TM(2 | Спиральный компрессор REMEZA КС 7-8 M (с осуш | Спиральный компрессор REMEZA КС 7-10 M (с осу
компрессоры винтовые купить;wrong_top;0;webmaster;20;показаны винтовые блоки вместо компрессоров;"Винтовой блок &quot;Termomeccanica&quot; SCI8 | Винтовой блок &quot;Termomeccanica&quot; SCA7 | Винтовой блок &quot;Termomeccanica&quot; SCI7"
компрессор 45 квт с осушителем;wrong_top;0;webmaster;20;показаны 60 кВт вместо 45 кВт;Винтовой компрессор REMEZA ВК60Р-8Д (с осушит | Винтовой компрессор REMEZA ВК60Р-7,5Д (с осуш | Винтовой компрессор REMEZA ВК60Р-8ДВС (с осуш
компрессоры berg с ременным приводом;wrong_top;1;webmaster;20;не фильтрует по типу привода;Винтовой компрессор BERG ВК-37 8 бар | Винтовой компрессор BERG ВК-22 8 бар | Винтовой компрессор BERG ВК-37 7 бар
безмасляные компрессоры 40 квт;wrong_top;1;webmaster;20;в топе модели других мощностей;Спиральный компрессор Enger AP-SRL3,7TA-40 8 | Спиральный компрессор Enger AP-SRL2,2TA-40 8 | Спиральный компрессор Enger AP-SRL3,7TA-40 10
винтовые компрессоры атлас копко;wrong_top;1;webmaster;20;показаны дизельные вместо винтовых;Дизельный компрессор ATLAS COPCO XAS 47 Dd | Дизельный компрессор ATLAS COPCO XAS 87 Kd | Дизельный компрессор ATLAS COPCO XAS 57 Dd
купить винтовой компрессор воздушный;wrong_top;1;webmaster;20;топ размыт компрессорами низкого давления;Винтовой компрессор Atlas Copco GA 18+ 10FF/4 | Компрессор низкого давления DALI DLVF-55/3 | Компрессор низкого давления DALI EN-75/5
компрессор промышленный поршневой;wrong_top;1;webmaster;20;показаны только бустеры вместо обычных поршневых;Компрессор поршневой дожимной (бустер) ET PB  | Компрессор поршневой дожимной (бустер) ET PB  | Компрессор поршневой дожимной (бустер) ET PB 
Ironmac IC 30;wrong_top;1;site;19;IC 300 на первом месте вместо IC 30;Винтовой компрессор Ironmac IC 300/8 DIGI WiF | Винтовой компрессор Ironmac IC 30/15 DIGI DF  | Винтовой компрессор Ironmac IC 30/8 DIGI WiFi
установка получения азота;wrong_top;0;webmaster;11;показаны компрессоры вместо генераторов азота;Дизельный винтовой компрессор Dali DLZJ-18/17 | Дизельный винтовой компрессор Dali DLZJ-15/14 | Дизельный винтовой компрессор Dali DLZJ-29/23
установка получения кислорода;wrong_top;0;webmaster;11;показаны дизельные компрессоры вместо генераторов кислорода;Дизельный винтовой компрессор Dali DLZJ-18/17 | Дизельный винтовой компрессор Dali DLZJ-15/14 | Дизельный винтовой компрессор Dali DLZJ-29/23
BERG ОВ 75;wrong_top;1;site;10;смешаны OB-75 и OB-7.5;Рефрижераторный осушитель воздуха BERG OB-75 | Рефрижераторный осушитель воздуха BERG OB-7.5 | Рефрижераторный осушитель воздуха BERG OB-7.5
поршневые компрессоры 45 квт;wrong_top;1;webmaster;9;неясно соответствие мощности 45 кВт;Поршневой безмасляный компрессор FIAC FX 150 | Компрессор поршневой дожимной (бустер) Enger  | Компрессор поршневой дожимной (бустер) Enger 
DALGAKIRAN DKK 40;wrong_top;1;site;5;Запчасти засоряют топ;"Клапан всасывающий &quot;DALGAKIRAN&quot; DKK | Компрессор высокого давления DALGAKIRAN DKK 4 | Компрессор высокого давления DALGAKIRAN DKKB "
ABAC GENESIS 11;wrong_top;1;site;5;Фильтр воздушный в топ-5 при запросе компрессора;Винтовой компрессор ABAC GENESIS 11-13-500 | Винтовой компрессор ABAC GENESIS 11-8-500 | Винтовой компрессор ABAC GENESIS 11-10-500
Cross Air Borey 200;wrong_top;1;site;4;в выдаче Borey 20 вместо 200;Дизельный передвижной компрессор Cross Air Bo | Дизельный передвижной компрессор Cross Air Bo | Дизельный передвижной компрессор Cross Air Bo
Atlas Copco GX 7;wrong_top;1;site;4;XAS 27 в результатах GX 7;Винтовой компрессор Atlas Copco GX7 10P 7 кВт | Винтовой компрессор Atlas Copco GX7 10P TM(20 | Винтовой компрессор Atlas Copco GX7 10FF TM(2
Cross Air Borey 170;wrong_top;1;site;4;в топе Borey 280 вместо только 170;Дизельный передвижной компрессор Cross Air Bo | Дизельный стационарный компрессор Cross Air B | Дизельный передвижной компрессор Cross Air Bo
et SD 185;wrong_top;1;site;3;FINI CUBE не относится к ET SD 185;Дизельный винтовой компрессор ET-Compressors  | Дизельный винтовой компрессор ET-Compressors  | Винтовой компрессор FINI CUBE SD 4-10-270
DALGAKIRAN DMD DryAir 75;wrong_top;1;site;2;точная модель на 2 месте;Адсорбционный осушитель Dalgakiran DryAir DMD | Адсорбционный осушитель Dalgakiran DRYER DMD 
ресивер для компрессора купить;wrong_top;0;webmaster;1;показан компрессор вместо ресивера;Винтовой компрессор Atlas Copco GA 18+ 10FF/4
осушитель для компрессора купить;wrong_top;0;webmaster;1;показал компрессор вместо осушителя;Винтовой компрессор Atlas Copco GA 18+ 10FF/4
установка азота;wrong_top;0;webmaster;1;показаны трубы вместо генератора азота;Трубы из нержавеющей стали ENGER
осушитель рефрижераторный цены;wrong_top;0;webmaster;1;показан компрессор вместо осушителя;Винтовой компрессор IRONMAC IC 20/16 DF VX 50
купить ресивер для компрессора;wrong_top;0;webmaster;1;показывает компрессор вместо ресивера;Винтовой компрессор Atlas Copco GA 18+ 10FF/4
купить осушитель воздуха для компрессора;wrong_top;0;webmaster;1;показан компрессор вместо осушителя;Винтовой компрессор Atlas Copco GA 18+ 10FF/4
осушитель воздуха для компрессора купить;wrong_top;0;webmaster;1;показан компрессор вместо осушителя;Винтовой компрессор Atlas Copco GA 18+ 10FF/4
ресивер воздушный купить;wrong_top;0;webmaster;1;показан компрессор вместо ресивера;Винтовой компрессор Atlas Copco GA 18+ 10FF/4
