inn;predpriyatie;sayt;chem_vzyat;podtverzhdenie;sayt_na_kartochke_cheko
9717088118;"ООО ""РТ-ИНЖИНИРИНГ""";rte.ru;поиск 2-й сессии;один источник, вторым не проверен;
2623026057;"ООО ""КОМПРЕССОР-ТЕХЦЕНТР""";magnus-prom.ru;поиск 2-й сессии;расходится с карточкой чеко: kompressor-centr.ru;kompressor-centr.ru
5103070023;"АО ""АПАТИТ""";phosagro.ru;поиск 2-й сессии;расходится с карточкой чеко: bmu.ru;bmu.ru
5607019523;"АО ""УРАЛЬСКАЯ СТАЛЬ""";uralsteel.com;поиск 2-й сессии;один источник, вторым не проверен;
4501129676;"АО "" НПО ""КУРГАНПРИБОР""";kurganpribor.ru;поиск 2-й сессии;подтверждён дважды: и на карточке чеко, и поиском;kurganpribor.ru
1658152572;"ООО ""МОНАТ ГРУПП""";monatgroup.ru;поиск 2-й сессии;один источник, вторым не проверен;
7708619320;"ПАО ""ОАК""";uacrussia.ru;поиск 2-й сессии;подтверждён дважды: и на карточке чеко, и поиском;uacrussia.ru
4028001072;"АО ""КАЛУГАГЛАВСНАБ""";kgs.kaluga.ru;поиск 2-й сессии;подтверждён дважды: и на карточке чеко, и поиском;kgs.kaluga.ru
7406002523;"АО ""КАРАБАШМЕДЬ""";karmed.ru;поиск 2-й сессии;подтверждён дважды: и на карточке чеко, и поиском;karmed.ru
1433000147;"АК ""АЛРОСА"" (ПАО)";alrosa.ru;поиск 2-й сессии;подтверждён дважды: и на карточке чеко, и поиском;alrosa.ru
7202116628;"АО ""СИБУРТЮМЕНЬГАЗ""";sibur.ru;поиск 2-й сессии;подтверждён дважды: и на карточке чеко, и поиском;sibur.ru
7713085659;"АО ""ВБД""";wbd.ru;поиск 2-й сессии;подтверждён дважды: и на карточке чеко, и поиском;wbd.ru
4715019631;"АО ""ТВСЗ""";tvsz.ru;поиск 2-й сессии;подтверждён дважды: и на карточке чеко, и поиском;tvsz.ru
8703009509;"АО ""РУДНИК КАРАЛЬВЕЕМ""";goldpro.ru;поиск 2-й сессии;подтверждён дважды: и на карточке чеко, и поиском;goldpro.ru
7707727918;"ООО ""УРАЛМАШ НГО ХОЛДИНГ""";uralmash-ngo.com;поиск 2-й сессии;подтверждён дважды: и на карточке чеко, и поиском;uralmash-ngo.com
5607015014;"ООО ""АККЕРМАНН ЦЕМЕНТ""";akkermann.ru;поиск 2-й сессии;подтверждён дважды: и на карточке чеко, и поиском;akkermann.ru
6607000556;"ПАО ""КОРПОРАЦИЯ ВСМПО-АВИСМА""";vsmpo.ru;поиск 2-й сессии;один источник, вторым не проверен;
7447141540;"ООО  ""КНАУФ ГИПС ЧЕЛЯБИНСК""";knauf.ru;поиск 2-й сессии;подтверждён дважды: и на карточке чеко, и поиском;knauf.ru
6310000160;"АО ""СМЗ""";smw.ru;поиск 2-й сессии;расходится с карточкой чеко: aluzone.ru;aluzone.ru
7702691545;"ООО ""ЛАБ ИНДАСТРИЗ""";lab-industries.ru;поиск 2-й сессии;расходится с карточкой чеко: velutte.ru;velutte.ru
2706028675;"ООО ""АГМК""";golden-team.ru;поиск 2-й сессии;подтверждён дважды: и на карточке чеко, и поиском;golden-team.ru
2434000335;"АО ""ПОЛЮС КРАСНОЯРСК""";polyus.com;поиск 2-й сессии;один источник, вторым не проверен;
6230051360;"ООО ""ЗАВОД ТЕХНО""";tn.ru;поиск 2-й сессии;расходится с карточкой чеко: tungstone.ru;tungstone.ru
5913001268;"АО ""МЕТАФРАКС КЕМИКАЛС""";metafrax.ru;поиск 2-й сессии;подтверждён дважды: и на карточке чеко, и поиском;metafrax.ru
1651000010;"ПАО ""НИЖНЕКАМСКНЕФТЕХИМ""";sibur.ru;поиск 2-й сессии;один источник, вторым не проверен;
4704052309;"ООО ""РОКВУЛ-СЕВЕР""";rwl.ru;поиск 2-й сессии;один источник, вторым не проверен;
7706613770;"ООО ""РН-БУРЕНИЕ""";rosneft.ru;поиск 2-й сессии;один источник, вторым не проверен;
7713748828;"ООО ""АСПЕКС МАШИНОСТРОИТЕЛЬНАЯ КОМПАНИЯ""";aspex.ru;поиск 2-й сессии;подтверждён дважды: и на карточке чеко, и поиском;aspex.ru
6646009256;"АО ""ПРОМСОРТ-УРАЛ""";promsort.ru;поиск 2-й сессии;подтверждён дважды: и на карточке чеко, и поиском;promsort.ru
4725001168;"ООО ""ЯКОБС ДАУ ЭГБЕРТС РУС""";jacobsdouweegberts.com;поиск 2-й сессии;расходится с карточкой чеко: maximcoffee.ru;maximcoffee.ru
7802849641;"ООО ""ПИВОВАРЕННАЯ КОМПАНИЯ ""БАЛТИКА""";baltika.ru;поиск 2-й сессии;подтверждён дважды: и на карточке чеко, и поиском;baltika.ru
1654040701;"АО ""ЭССЕН ПРОДАКШН АГ""";maheev.ru;поиск 2-й сессии;подтверждён дважды: и на карточке чеко, и поиском;maheev.ru
5607011852;"ООО ""МЕТАЛЕКС""";metal-x.ru;поиск 2-й сессии;подтверждён дважды: и на карточке чеко, и поиском;metal-x.ru
8603093017;"АО ""ТМК НГС-НИЖНЕВАРТОВСК""";uprt-nv.ru;поиск 2-й сессии;подтверждён дважды: и на карточке чеко, и поиском;uprt-nv.ru
1674002165;"ООО ""СОЛЛЕРС АЛАБУГА""";sollers-cargo.ru;поиск 2-й сессии;расходится с карточкой чеко: sollers-auto.com;sollers-auto.com
3123342289;"ООО ""ТЕХНО ЭНЕРДЖИ""";tehnonrg.ru;поиск 2-й сессии;подтверждён дважды: и на карточке чеко, и поиском;tehnonrg.ru
2462004363;"АО ""КЗСК""";sibur.ru;поиск 2-й сессии;расходится с карточкой чеко: kzsk.ru;kzsk.ru
4823006703;"ПАО ""НЛМК""";nlmk.com;поиск 2-й сессии;подтверждён дважды: и на карточке чеко, и поиском;nlmk.com
5433188577;"ООО ""ЗТИ СИБИРЬ""";zti.ru;поиск 2-й сессии;подтверждён дважды: и на карточке чеко, и поиском;zti.ru
7802118578;"ООО ""ОПХ""";heinekenrussia.ru;поиск 2-й сессии;подтверждён дважды: и на карточке чеко, и поиском;heinekenrussia.ru
3321005528;"АО ""ЛЕККО""";pharmstd.ru;поиск 2-й сессии;расходится с карточкой чеко: masterpharm.ru;masterpharm.ru
6441025673;"ООО ""ЦЕМЕНТУМ ВОЛГА""";holcim.ru;поиск 2-й сессии;подтверждён дважды: и на карточке чеко, и поиском;holcim.ru
4216001565;"АО ""КФ""";kfw.ru;поиск 2-й сессии;подтверждён дважды: и на карточке чеко, и поиском;kfw.ru
4631002737;"ОАО  ""ФАРМСТАНДАРТ-ЛЕКСРЕДСТВА""";pharmstd.ru;поиск 2-й сессии;расходится с карточкой чеко: consalting.ru;consalting.ru
1655283577;"ООО ""НАНОФАРМА ДЕВЕЛОПМЕНТ""";izvarino-pharma.ru;поиск 2-й сессии;один источник, вторым не проверен;
7705739450;"ООО ""НЕСТЛЕ РОССИЯ""";nestle.ru;поиск 2-й сессии;расходится с карточкой чеко: nestlehealthscience.ru;nestlehealthscience.ru
6632001031;"АО ""СЗФ""";sfap.ru;поиск 2-й сессии;подтверждён дважды: и на карточке чеко, и поиском;sfap.ru
5036074848;"ООО ""ХАЙДЕЛЬБЕРГЦЕМЕНТ РУС""";heidelbergcement.ru;поиск 2-й сессии;подтверждён дважды: и на карточке чеко, и поиском;heidelbergcement.ru
6603014413;"ООО ""ПСО ""ТЕПЛИТ""";twinblock.ru;поиск 2-й сессии;расходится с карточкой чеко: teplit.ru;teplit.ru
7447010227;"АО ""ЧЭМК""";chemk.ru;поиск 2-й сессии;подтверждён дважды: и на карточке чеко, и поиском;chemk.ru
6672326854;"ООО ""СЖАТЫЙ ВОЗДУХ""";s-vozduh.ru;поиск 2-й сессии;подтверждён дважды: и на карточке чеко, и поиском;s-vozduh.ru
7452075043;"ООО ""ПРОМТЭКС-ЭНЕРГО""";chelyabinsk.jsprav.ru;поиск 2-й сессии;расходится с карточкой чеко: compressors-service.ru;compressors-service.ru
2536314387;"ООО ""ГЛОБАЛ ИНЖИНИРИНГ ГРУПП""";global-engineer.ru;поиск 2-й сессии;один источник, вторым не проверен;
6612001971;"ФГУП ""ПО ""ОКТЯБРЬ""";neywa.ru;поиск 2-й сессии;расходится с карточкой чеко: mebel-neywa.ru;mebel-neywa.ru
5604009196;"АО""РИФАР""";rifar.ru;поиск 2-й сессии;один источник, вторым не проверен;
1646027023;"АО ""ТРАКЬЯ ГЛАСС РУС""";sisecam.com;поиск 2-й сессии;подтверждён дважды: и на карточке чеко, и поиском;sisecam.com
7705598512;"ООО ""СИРИАЛ ПАРТНЕРС РУС""";ru.ceair.com;поиск 2-й сессии;один источник, вторым не проверен;
1646031132;"ООО ""АЛАБУГА-ВОЛОКНО""";rosatom-composites.ru;поиск 2-й сессии;один источник, вторым не проверен;
7448000013;"АО ""ЧЦЗ""";zinc.ru;поиск 2-й сессии;подтверждён дважды: и на карточке чеко, и поиском;zinc.ru
6664006956;"АО ""ЗКИ""";uralceramica.ru;поиск 2-й сессии;расходится с карточкой чеко: almaceramica.ru;almaceramica.ru
7455010284;"ООО ""АЛЬКОР""";alikor.com;поиск 2-й сессии;расходится с карточкой чеко: alkor-plastik.ru;alkor-plastik.ru
6635000195;"НАО ""СВЕЗА ВЕРХНЯЯ СИНЯЧИХА""";sveza.ru;поиск 2-й сессии;расходится с карточкой чеко: fankom.ru;fankom.ru
5838013374;"АО ""ФНПЦ ""ПО ""СТАРТ"" ИМ. М.В. ПРОЦЕНКО""";startatom.ru;поиск 2-й сессии;подтверждён дважды: и на карточке чеко, и поиском;startatom.ru
1650157635;"ООО ""КАМАЗ-ЭНЕРГО""";new.kamaz-energo.ru;поиск 2-й сессии;расходится с карточкой чеко: kamaz-energo.ru;kamaz-energo.ru
7805059867;"АО ""ПЕТЕРБУРГСКИЙ ТРАКТОРНЫЙ ЗАВОД""";kirovets-ptz.com;поиск 2-й сессии;подтверждён дважды: и на карточке чеко, и поиском;kirovets-ptz.com
7702583250;"ООО ""ЛЛК-ИНТЕРНЕШНЛ""";lukoil-masla.ru;поиск 2-й сессии;расходится с карточкой чеко: ru.lukoil-shop.com;ru.lukoil-shop.com
7435006346;"АО ""АГК""";rmk-group.ru;поиск 2-й сессии;подтверждён дважды: и на карточке чеко, и поиском;rmk-group.ru
8602060555;"ПАО ""СУРГУТНЕФТЕГАЗ""";surgutneftegas.ru;поиск 2-й сессии;подтверждён дважды: и на карточке чеко, и поиском;surgutneftegas.ru
7204205739;"ООО ""ТЭО""";teo.ecotko.ru;поиск 2-й сессии;расходится с карточкой чеко: ecoteo.ru;ecoteo.ru
4205081463;"ООО ""ТД ""СИБИРСКИЙ ЦЕМЕНТ""";sibcem.ru;поиск 2-й сессии;подтверждён дважды: и на карточке чеко, и поиском;sibcem.ru
5911029807;"ПАО ""УРАЛКАЛИЙ""";uralkali.com;поиск 2-й сессии;подтверждён дважды: и на карточке чеко, и поиском;uralkali.com
7814370998;"ООО  ""ГИПЕРТЕХНОЛОДЖИ """;hyptec.ru;поиск 2-й сессии;расходится с карточкой чеко: sweet-life.net;sweet-life.net
4221000630;"АО ""ОРГАНИКА""";organica-nk.ru;поиск 2-й сессии;подтверждён дважды: и на карточке чеко, и поиском;organica-nk.ru
5918218070;"ООО ""ГОРНОЗАВОДСКЦЕМЕНТ""";akkermann.ru;поиск 2-й сессии;подтверждён дважды: и на карточке чеко, и поиском;akkermann.ru
8603087285;"ООО ""ННПО""";nnpo.net;поиск 2-й сессии;один источник, вторым не проверен;
6324079869;"ООО ""ЛАДА ФУД ТЕХНОЛОДЖИ""";xorlbat.ru;поиск 2-й сессии;подтверждён дважды: и на карточке чеко, и поиском;xorlbat.ru
5916015580;"ООО ""МАСЛОЗАВОД НЫТВЕНСКИЙ""";nytva-maslo.ru;поиск 2-й сессии;подтверждён дважды: и на карточке чеко, и поиском;nytva-maslo.ru
6438007280;"ООО ""РУСАГРО-АТКАРСК""";rusagrogroup.ru;поиск 2-й сессии;один источник, вторым не проверен;
5003026493;"ООО ""ГАЗПРОМ БУРЕНИЕ""";burgaz.ru;поиск 2-й сессии;расходится с карточкой чеко: ekogeos.ru;ekogeos.ru
6664003916;"АО ""НИЗМК""";psaonline.ru;поиск 2-й сессии;расходится с карточкой чеко: a-modul.ru;a-modul.ru
7701568891;"ООО ""ГРК ""БЫСТРИНСКОЕ""";grkb.ru;поиск 2-й сессии;подтверждён дважды: и на карточке чеко, и поиском;grkb.ru
7017075536;"ООО ""ТОМСКНЕФТЕХИМ""";sibur.ru;поиск 2-й сессии;подтверждён дважды: и на карточке чеко, и поиском;sibur.ru
5402194877;"ООО ""СИБИРСКИЙ ГУРМАН - НОВОСИБИРСК""";sib-gurman.ru;поиск 2-й сессии;подтверждён дважды: и на карточке чеко, и поиском;sib-gurman.ru
6686095452;"ООО ""СИНЕРГИЯ""";synergy.ru;поиск 2-й сессии;расходится с карточкой чеко: snerg.ru;snerg.ru
5405125896;"ООО ""ИНТЕРПАК""";interpacknsk.ru;поиск 2-й сессии;подтверждён дважды: и на карточке чеко, и поиском;interpacknsk.ru
6671156423;"ПАО ""ЭЛ5-ЭНЕРГО""";el5-energo.ru;поиск 2-й сессии;расходится с карточкой чеко: pfc.ru;pfc.ru
5905018998;"АО ""СИБУР-ХИМПРОМ""";sibur.ru;поиск 2-й сессии;расходится с карточкой чеко: siburperm.ru;siburperm.ru
4715026815;"ООО ""РСХ""";rshb.ru;поиск 2-й сессии;один источник, вторым не проверен;
3528006408;"АО ""ЧФМК""";cfmk.ru;поиск 2-й сессии;подтверждён дважды: и на карточке чеко, и поиском;cfmk.ru
6606003385;"АО ""УРАЛЭЛЕКТРОМЕДЬ""";uralelektromed.ru;поиск 2-й сессии;один источник, вторым не проверен;
7743696750;"АО ""ГРАСИС""";grasys.ru;поиск 2-й сессии;подтверждён дважды: и на карточке чеко, и поиском;grasys.ru
6803629911;"ООО ""ТАМБОВСКИЙ БЕКОН""";rusagrogroup.ru;поиск 2-й сессии;подтверждён дважды: и на карточке чеко, и поиском;rusagrogroup.ru
8901030855;"АО ""САЛЕХАРДЭНЕРГО""";slenergo.ru;поиск 2-й сессии;подтверждён дважды: и на карточке чеко, и поиском;slenergo.ru
6665002150;"АО ""КУМЗ""";kumz.ru;поиск 2-й сессии;подтверждён дважды: и на карточке чеко, и поиском;kumz.ru
8603166755;"ООО ""ЗАПСИБТРАНСГАЗ""";sibur.ru;поиск 2-й сессии;подтверждён дважды: и на карточке чеко, и поиском;sibur.ru
6685147531;"ООО ""СПЕЦЦЕМЕНТСЕРВИС""";spec-cement.ru;поиск 2-й сессии;подтверждён дважды: и на карточке чеко, и поиском;spec-cement.ru
1651031226;"ООО ""ПРЕКАБ""";precab.ru;поиск 2-й сессии;расходится с карточкой чеко: prettl.ru;prettl.ru
8905000428;"АО ""ГАЗПРОМНЕФТЬ-ННГ""";nng.gazprom-neft.ru;поиск 2-й сессии;подтверждён дважды: и на карточке чеко, и поиском;nng.gazprom-neft.ru
6623005777;"ПАО ""УХП""";ucp.ru;поиск 2-й сессии;подтверждён дважды: и на карточке чеко, и поиском;ucp.ru
6685148334;"ООО ""ГОТЭК-ПОЛИПАК АРАМИЛЬ""";gotek.ru;поиск 2-й сессии;расходится с карточкой чеко: mondigroup.com;mondigroup.com
8602067092;"ПАО ""ЮНИПРО""";unipro.energy;поиск 2-й сессии;подтверждён дважды: и на карточке чеко, и поиском;unipro.energy
7453101232;"ООО ""ЧЕЛИНДЛИЗИНГ""";chelindleasing.ru;поиск 2-й сессии;подтверждён дважды: и на карточке чеко, и поиском;chelindleasing.ru
1651057721;"ООО ""АЙ-ПЛАСТ""";iplast.com;поиск 2-й сессии;расходится с карточкой чеко: sedon.ru;sedon.ru
7705183476;"ООО ""АРНЕСТ ЮНИРУСЬ""";unirusgroup.ru;поиск 2-й сессии;расходится с карточкой чеко: unilever.ru;unilever.ru
5401232181;"ООО ""СИБЭЛЕКТРОПРИВОД""";ssep.ru;поиск 2-й сессии;подтверждён дважды: и на карточке чеко, и поиском;ssep.ru
3325011410;"АО ""МИЛМОНД""";hfoods.ru;поиск 2-й сессии;подтверждён дважды: и на карточке чеко, и поиском;hfoods.ru
7413000630;"АО ""КМЭЗ""";kmez.ru;поиск 2-й сессии;один источник, вторым не проверен;
6820018800;"ООО ""АГРОСОЮЗ""";agrosoyuznsk.ru;поиск 2-й сессии;расходится с карточкой чеко: agrosouz.org;agrosouz.org
5406109142;"АО ""ГЛАВНОВОСИБИРСКСТРОЙ""";ao-gns.ru;поиск 2-й сессии;подтверждён дважды: и на карточке чеко, и поиском;ao-gns.ru
0270011660;"ООО ""ЗАВОД НИКОЛЬ-ПАК""";nicol-pack.ru;поиск 2-й сессии;подтверждён дважды: и на карточке чеко, и поиском;nicol-pack.ru
7707375416;"ООО ""КИРОВПЕЙПЕР""";kirovpaper.com;поиск 2-й сессии;подтверждён дважды: и на карточке чеко, и поиском;kirovpaper.com
7819301797;"ООО ""БСХ БЫТОВЫЕ ПРИБОРЫ""";bsh-group.ru;поиск 2-й сессии;подтверждён дважды: и на карточке чеко, и поиском;bsh-group.ru
9705101614;"ПАО ""ЛК ""ЕВРОПЛАН""";lk.europlan.ru;поиск 2-й сессии;расходится с карточкой чеко: europlan.ru;europlan.ru
5403232532;"ОАО ""НОВОСИБХОЛОД""";novosibholod.ru;поиск 2-й сессии;расходится с карточкой чеко: polaris.su;polaris.su
6674153011;"ООО ""УМЗ"", ООО ""УРАЛЬСКИЙ МЕТАЛЛУРГИЧЕСКИЙ ЗАВОД""";uralmz.ru;поиск 2-й сессии;подтверждён дважды: и на карточке чеко, и поиском;uralmz.ru
7204001630;"АО ""ТЮМЕНСКИЙ АККУМУЛЯТОРНЫЙ ЗАВОД""";tyumen-battery.ru;поиск 2-й сессии;подтверждён дважды: и на карточке чеко, и поиском;tyumen-battery.ru
6320005915;"ПАО ""КУЙБЫШЕВАЗОТ""";kuazot.ru;поиск 2-й сессии;подтверждён дважды: и на карточке чеко, и поиском;kuazot.ru
7447295501;"ООО ""ВИНТКОМПЛЕКТ""";vintkomplekt.ru;поиск 2-й сессии;один источник, вторым не проверен;
4205064482;"ООО ПО ""ТОКЕМ""";tokem.ru;поиск 2-й сессии;подтверждён дважды: и на карточке чеко, и поиском;tokem.ru
7447208347;"ООО ""СЕРВИС-КОМПЛЕКТ""";service-kit.ru;поиск 2-й сессии;подтверждён дважды: и на карточке чеко, и поиском;service-kit.ru
4906000960;"АО ""ПОЛЮС МАГАДАН""";polyus.com;поиск 2-й сессии;расходится с карточкой чеко: wa.me;wa.me
6623129116;"ООО ""СКАНДИПАКК АЛАБУГА""";scandipakk.com;поиск 2-й сессии;один источник, вторым не проверен;
5433188538;"ООО ""БЕРГАУФ МАРУСИНО""";bergauf.ru;поиск 2-й сессии;подтверждён дважды: и на карточке чеко, и поиском;bergauf.ru
5606000223;"АО ""МЭЗ ""УРАЛЭЛЕКТРО""";uralelectro.ru;поиск 2-й сессии;подтверждён дважды: и на карточке чеко, и поиском;uralelectro.ru
6315526630;"АО ""ЖИГУЛЕВСКОЕ ПИВО""";samarabeer.ru;поиск 2-й сессии;подтверждён дважды: и на карточке чеко, и поиском;samarabeer.ru
7536129954;"ООО ""РИГ СЕРВИС""";rigservice.ru;поиск 2-й сессии;подтверждён дважды: и на карточке чеко, и поиском;rigservice.ru
4501010984;"АО ""КЗЭМИ""";emi-kurgan.ru;поиск 2-й сессии;подтверждён дважды: и на карточке чеко, и поиском;emi-kurgan.ru
4501044849;"ООО "" ПУЛЬСАТОР """;pulsator-45.ru;поиск 2-й сессии;один источник, вторым не проверен;
4318004484;"ООО  ""МУРАШИНСКИЙ ФАНЕРНЫЙ ЗАВОД""";mfzavod.com;поиск 2-й сессии;подтверждён дважды: и на карточке чеко, и поиском;mfzavod.com
6623105958;"ООО ""НСМЗ""";nsmz.pro;поиск 2-й сессии;подтверждён дважды: и на карточке чеко, и поиском;nsmz.pro
2464010490;"ПАО ""КРАСФАРМА""";kraspharma.ru;поиск 2-й сессии;подтверждён дважды: и на карточке чеко, и поиском;kraspharma.ru
6663005798;"ПАО ""УРАЛМАШЗАВОД""";uralmash-kartex.ru;поиск 2-й сессии;расходится с карточкой чеко: uralmash.ru;uralmash.ru
5040059680;"АО ""МАПЕИ""";aomapei.ru;поиск 2-й сессии;подтверждён дважды: и на карточке чеко, и поиском;aomapei.ru
5404271661;"ООО ""ПРОМТЕХСЕРВИС""";promtehservice.ru;поиск 2-й сессии;подтверждён дважды: и на карточке чеко, и поиском;promtehservice.ru
2223624670;"ООО ""БЛАГО-БАРНАУЛ""";gcblago.ru;поиск 2-й сессии;один источник, вторым не проверен;
7805368914;"ООО ""ТД ПОЛИМЕТАЛЛ""";polymetal.ru;поиск 2-й сессии;подтверждён дважды: и на карточке чеко, и поиском;polymetal.ru
7802732442;"ООО ""НТЦ ТПТ""";old.tf-tc.ru;поиск 2-й сессии;один источник, вторым не проверен;
2465072918;"ООО ""ЛМЗ ""СКАД""";skad.ru;поиск 2-й сессии;подтверждён дважды: и на карточке чеко, и поиском;skad.ru
7459004027;"ООО ""ОРАНЖСТИЛ""";osteel.ru;поиск 2-й сессии;один источник, вторым не проверен;
6674116330;"АО ""ППЭА ""СИВАР""";sivar.ru;поиск 2-й сессии;подтверждён дважды: и на карточке чеко, и поиском;sivar.ru
0277077282;"ООО ""БГК""";bgkrb.ru;поиск 2-й сессии;расходится с карточкой чеко: bashrts-rb.ru;bashrts-rb.ru
3128011788;"АО ""СТОЙЛЕНСКИЙ ГОК""";sgok.nlmk.com;поиск 2-й сессии;один источник, вторым не проверен;
6664013880;"АО ""УРАЛХИММАШ""";uralhimmash.ru;поиск 2-й сессии;подтверждён дважды: и на карточке чеко, и поиском;uralhimmash.ru
5918216877;"ООО ""ММК-ЛМЗ""";lysvamk.ru;поиск 2-й сессии;подтверждён дважды: и на карточке чеко, и поиском;lysvamk.ru
5030041780;"ООО ""АУР НАРО-ФОМИНСК""";cans.ru;поиск 2-й сессии;подтверждён дважды: и на карточке чеко, и поиском;cans.ru
6025019903;"ООО ""ЗАВОД РЕОСТАТ""";reostat.ru;поиск 2-й сессии;подтверждён дважды: и на карточке чеко, и поиском;reostat.ru
7702513119;"ООО ""МОНОЛИТ-СТРОЙ""";latat.org;поиск 2-й сессии;один источник, вторым не проверен;
8608053875;"ООО ""КОГАЛЫМ НПО-СЕРВИС""";knpos.ru;поиск 2-й сессии;подтверждён дважды: и на карточке чеко, и поиском;knpos.ru
6611000252;"АО ""ИРБИТСКИЙ ХИМФАРМЗАВОД""";ihfz.ru;поиск 2-й сессии;подтверждён дважды: и на карточке чеко, и поиском;ihfz.ru
6627001318;"АО ""СУМЗ"", АО ""СРЕДНЕУРАЛЬСКИЙ МЕДЕПЛАВИЛЬНЫЙ ЗАВОД""";sumz.umn.ru;поиск 2-й сессии;один источник, вторым не проверен;
6652011944;"АО ""АЗПТ""";azpt.ru;поиск 2-й сессии;подтверждён дважды: и на карточке чеко, и поиском;azpt.ru
1648041464;"ООО ""ПОДВЕСКА""";sokolov.ru;поиск 2-й сессии;один источник, вторым не проверен;
4720022460;"ООО ""ММПОФ ПЭКЭДЖИНГ""";mm-pof.ru;поиск 2-й сессии;расходится с карточкой чеко: mm-packaging.com;mm-packaging.com
5921002018;"АО ""ЧМЗ""";auto.market.omk.ru;поиск 2-й сессии;подтверждён дважды: и на карточке чеко, и поиском;auto.market.omk.ru
7014038550;"АО ""ТГОК ""ИЛЬМЕНИТ""";ilmenite.ru;поиск 2-й сессии;подтверждён дважды: и на карточке чеко, и поиском;ilmenite.ru
6621010115;"ООО ""БЕРГАУФ НЕВЬЯНСК""";bergauf.ru;поиск 2-й сессии;подтверждён дважды: и на карточке чеко, и поиском;bergauf.ru
7838387574;"ООО ""ПОСМ С-З""";posm-spb.ru;поиск 2-й сессии;расходится с карточкой чеко: pvg.ru;pvg.ru
4214002316;"ПАО ""РАСПАДСКАЯ""";raspadskaya.com;поиск 2-й сессии;расходится с карточкой чеко: idkontakt.ru;idkontakt.ru
7708508323;"ООО ""ОМИА УРАЛ""";omyalgol.com;поиск 2-й сессии;расходится с карточкой чеко: omya.com;omya.com
5904199692;"ООО ""ИНКАБ""";incab.ru;поиск 2-й сессии;подтверждён дважды: и на карточке чеко, и поиском;incab.ru
2540203376;"ООО ""РУСАГРО-ПРИМОРЬЕ""";rusagrogroup.ru;поиск 2-й сессии;один источник, вторым не проверен;
6315376946;"ПАО ""Т ПЛЮС""";tplusgroup.ru;поиск 2-й сессии;подтверждён дважды: и на карточке чеко, и поиском;tplusgroup.ru
6686054167;"ООО ""АМЕРТЕНД""";amertend.ru;поиск 2-й сессии;подтверждён дважды: и на карточке чеко, и поиском;amertend.ru
6652028306;"АО ""УГМ""";uralgidromash.ru;поиск 2-й сессии;подтверждён дважды: и на карточке чеко, и поиском;uralgidromash.ru
7420005460;"АО ""ЧЕБАРКУЛЬСКОЕ МОЛОКО""";milk74.ru;поиск 2-й сессии;подтверждён дважды: и на карточке чеко, и поиском;milk74.ru
6658084667;"ООО ""ВИЗ-СТАЛЬ""";viz-steel.nlmk.com;поиск 2-й сессии;подтверждён дважды: и на карточке чеко, и поиском;viz-steel.nlmk.com
5410039642;"АО ""НМЗ ""ИСКРА""";nmz-iskra.ru;поиск 2-й сессии;подтверждён дважды: и на карточке чеко, и поиском;nmz-iskra.ru
6230043899;"ООО ""ЗАВОД ТЕХНОПЛЕКС""";tn.ru;поиск 2-й сессии;один источник, вторым не проверен;
2454003302;"АО ""ЛЕСОСИБИРСКИЙ ЛДК № 1""";segezha-group.com;поиск 2-й сессии;расходится с карточкой чеко: ldk1.ru;ldk1.ru
6679069719;"ООО ТЗК ""РАЙВАЛ""";moscow.rival-laser.ru;поиск 2-й сессии;подтверждён дважды: и на карточке чеко, и поиском;moscow.rival-laser.ru
7017012254;"АО ""СИБАГРО""";sibagrogroup.ru;поиск 2-й сессии;подтверждён дважды: и на карточке чеко, и поиском;sibagrogroup.ru
7536187339;"ООО ""ЗБК""";zbk-service.ru;поиск 2-й сессии;подтверждён дважды: и на карточке чеко, и поиском;zbk-service.ru
7708117908;"АО ""ЦЕМРОС""";cemros.ru;поиск 2-й сессии;подтверждён дважды: и на карточке чеко, и поиском;cemros.ru
6439010045;"АО ""РЕЗИНОТЕХНИКА""";salnik.ru;поиск 2-й сессии;подтверждён дважды: и на карточке чеко, и поиском;salnik.ru
6229024796;"ООО ""ЗАВОД ТЕХНОФЛЕКС""";tn.ru;поиск 2-й сессии;подтверждён дважды: и на карточке чеко, и поиском;tn.ru
6664014650;"АО ""УРАЛЭЛАСТОТЕХНИКА""";elastika.ru;поиск 2-й сессии;подтверждён дважды: и на карточке чеко, и поиском;elastika.ru
5408100057;ИФП СО РАН;isp.nsc.ru;поиск 2-й сессии;один источник, вторым не проверен;
6623039575;"ООО ""УРАЛЬСКИЙ ЗАВОД ПЛАСТИФИКАТОРОВ""";uralzp.ru;поиск 2-й сессии;подтверждён дважды: и на карточке чеко, и поиском;uralzp.ru
2463077325;"АО ""ГОРНЫЕ МАШИНЫ""";aogm.ru;поиск 2-й сессии;расходится с карточкой чеко: gm-modul.ru;gm-modul.ru
7802475153;"ООО ""Р.О.С.АЛЬЯНС""";tk-ra.ru;поиск 2-й сессии;подтверждён дважды: и на карточке чеко, и поиском;tk-ra.ru
4246018534;"ООО ""КДВ ЯШКИНСКАЯ МЕЛЬНИЦА""";kdv-group.com;поиск 2-й сессии;один источник, вторым не проверен;
6660091703;"ООО ""НПФ""БИТЕК""";bitek-e.ru;поиск 2-й сессии;расходится с карточкой чеко: npfbitec.ru;npfbitec.ru
6629012040;"ООО ""ЗАВОД МЕДСИНТЕЗ""";medsintez.com;поиск 2-й сессии;расходится с карточкой чеко: triazavirin.ru;triazavirin.ru
8602166294;"ООО ""АЛТАЙ-СИБ""";sat-altai.ru;поиск 2-й сессии;один источник, вторым не проверен;
6608001915;"МУП ""ВОДОКАНАЛ""";vodokanalekb.ru;поиск 2-й сессии;подтверждён дважды: и на карточке чеко, и поиском;vodokanalekb.ru
6626002291;"АО ""СТЗ""";stz.tmk-group.ru;поиск 2-й сессии;один источник, вторым не проверен;
4220040912;"ООО ""СЗМК""";szmk-nk.com;поиск 2-й сессии;подтверждён дважды: и на карточке чеко, и поиском;szmk-nk.com
7704781586;"ООО ""ТУРБОСЕРВИС РУС""";seturbo.ru;поиск 2-й сессии;один источник, вторым не проверен;
5011020537;"ООО ""СЕН-ГОБЕН СТРОИТЕЛЬНАЯ ПРОДУКЦИЯ РУС""";saint-gobain.ru;поиск 2-й сессии;расходится с карточкой чеко: sgcp.ru;sgcp.ru
4501024105;"ООО ""ЗАУРАЛЬСКИЕ НАПИТКИ""";znapitki.ru;поиск 2-й сессии;подтверждён дважды: и на карточке чеко, и поиском;znapitki.ru
6605001321;"БОГДАНОВИЧСКОЕ ОАО ""ОГНЕУПОРЫ""";ogneupory.ru;поиск 2-й сессии;подтверждён дважды: и на карточке чеко, и поиском;ogneupory.ru
7724053916;АО ЦВ ПРОТЕК;protek.ru;поиск 2-й сессии;расходится с карточкой чеко: www-tabletka.ru;www-tabletka.ru
5020037784;"АО ""АБ ИНБЕВ ЭФЕС""";redfinchnonalco.ru;поиск 2-й сессии;подтверждён дважды: и на карточке чеко, и поиском;redfinchnonalco.ru
665812103395;КРИВОЩЕКОВ АЛЕКСАНДР ИВАНОВИЧ;eb.archive.org;поиск 2-й сессии;один источник, вторым не проверен;
6658019241;"ПАО ""ВИЗ""";viz.ru;поиск 2-й сессии;расходится с карточкой чеко: shop.viz.ru;shop.viz.ru
6625021894;"ООО ""ПОЛИПЛАСТ-УРАЛСИБ""";pervouralsk.polyplast-un.ru;поиск 2-й сессии;расходится с карточкой чеко: polyplast-un.ru;polyplast-un.ru
9702044125;"ООО ""ЮНИМОЛ""";unimol.ru;поиск 2-й сессии;один источник, вторым не проверен;
4713000120;"ОАО ""ЦЕСЛА""";heidelbergcement.ru;поиск 2-й сессии;расходится с карточкой чеко: heidelbergcement.de;heidelbergcement.de
5402054076;"ООО ""АЛЮТЕХ-НОВОСИБИРСК""";alutech-group.com;поиск 2-й сессии;один источник, вторым не проверен;
7203109158;"ООО ""РЕСУРС КОМПЛЕКТ""";resurs-complect.ru;поиск 2-й сессии;один источник, вторым не проверен;
2420008503;"ООО ""АНГАРА ЛЕС""";angarales.com;поиск 2-й сессии;один источник, вторым не проверен;
5405172920;"ООО ""ТЕРМООПТИМА""";thermooptima.ru;поиск 2-й сессии;подтверждён дважды: и на карточке чеко, и поиском;thermooptima.ru
0261003648;"АО ""ИНМАН""";inman.ru;поиск 2-й сессии;один источник, вторым не проверен;
7704219345;"ООО ""ЭСАБ""";esab.ru;поиск 2-й сессии;подтверждён дважды: и на карточке чеко, и поиском;esab.ru
7224006227;"ЗАО ""ПТИЦЕФАБРИКА ""ПЫШМИНСКАЯ""";pishma.ru;поиск 2-й сессии;подтверждён дважды: и на карточке чеко, и поиском;pishma.ru
7203162698;"ПАО ""ФОРВАРД ЭНЕРГО""";frwd.energy;поиск 2-й сессии;расходится с карточкой чеко: forward-energo.ru;forward-energo.ru
7417011270;"ООО ""ГРУППА ""МАГНЕЗИТ""";magnezit.ru;поиск 2-й сессии;один источник, вторым не проверен;
6661044752;"ООО ""ПРЕДПРИЯТИЕ""ТРУБОПЛАСТ""";tmk-ngs.tmk-group.ru;поиск 2-й сессии;один источник, вторым не проверен;
6660000400;"АО ""УПЗ"", АО ""УРАЛЬСКИЙ ПРИБОРОСТРОИТЕЛЬНЫЙ ЗАВОД""";upz.ru;поиск 2-й сессии;подтверждён дважды: и на карточке чеко, и поиском;upz.ru
8607004145;"ООО ""ЛАНГЕПАССКО-ПОКАЧЁВСКОЕ НПО-СЕРВИС""";nposervis.ru;поиск 2-й сессии;один источник, вторым не проверен;
5405200166;"ООО ""СПК""";elicatesse.ru;поиск 2-й сессии;подтверждён дважды: и на карточке чеко, и поиском;elicatesse.ru
0814118403;"АО ""ССК""";sibserv.com;поиск 2-й сессии;подтверждён дважды: и на карточке чеко, и поиском;sibserv.com
4401006864;"НАО ""СВЕЗА КОСТРОМА""";sveza.ru;поиск 2-й сессии;расходится с карточкой чеко: fanplit.ru;fanplit.ru
2465043748;"ООО ""КРАМЗ""";kramz-trade.ru;поиск 2-й сессии;подтверждён дважды: и на карточке чеко, и поиском;kramz-trade.ru
6686062263;"ООО ""ТРАПЕЗА""";trapeza.ru;поиск 2-й сессии;один источник, вторым не проверен;
5606001611;"ООО ""ММСК""";56orb.ru;поиск 2-й сессии;один источник, вторым не проверен;
3804049957;"ООО ""БХС""";pharmasyntez.com;поиск 2-й сессии;подтверждён дважды: и на карточке чеко, и поиском;pharmasyntez.com
5902181202;"АО ""ПЕРМАЛКО""";permalko.ru;поиск 2-й сессии;подтверждён дважды: и на карточке чеко, и поиском;permalko.ru
4212014972;"ЗАО ""КАРБО-ЦАКК""";carbo-zakk.ru;поиск 2-й сессии;один источник, вторым не проверен;
2225123485;"ООО ""ЭССИБ""";essib.ru;поиск 2-й сессии;расходится с карточкой чеко: oooelsib.ru;oooelsib.ru
6672315362;"АО ""ПО ""УОМЗ""";uomz.com;поиск 2-й сессии;один источник, вторым не проверен;
7817332133;"ООО ""А-МИКРОН""";a-mikron.ru;поиск 2-й сессии;подтверждён дважды: и на карточке чеко, и поиском;a-mikron.ru
4508004235;"ООО ""ЗАВОД КЕРАМИЧЕСКИХ МАТЕРИАЛОВ""";zkm45.ru;поиск 2-й сессии;подтверждён дважды: и на карточке чеко, и поиском;zkm45.ru
5405108940;"ЗАО ШОКОЛАДНАЯ ФАБРИКА ""НОВОСИБИРСКАЯ""";saharin-nsk.ru;поиск 2-й сессии;подтверждён дважды: и на карточке чеко, и поиском;saharin-nsk.ru
7417001747;"ПАО ""КОМБИНАТ ""МАГНЕЗИТ""";magnezit.ru;поиск 2-й сессии;один источник, вторым не проверен;
6673130639;"ООО ""БЗМП""";minplita-izba.ru;поиск 2-й сессии;подтверждён дважды: и на карточке чеко, и поиском;minplita-izba.ru
1645018033;"ООО ""ПЛАЗМА""";plazma.ltd;поиск 2-й сессии;один источник, вторым не проверен;
4506000010;"ОАО ""ЗАВОД СТАРТ""";zavod-start.ru;поиск 2-й сессии;подтверждён дважды: и на карточке чеко, и поиском;zavod-start.ru
1832109347;"ООО НПО ""КОМПАНИЯ ""АВИС""";avis-izh.ru;поиск 2-й сессии;подтверждён дважды: и на карточке чеко, и поиском;avis-izh.ru
7415075158;"ООО НПК ""КАЛИБР""";npkkalibr.ru;поиск 2-й сессии;подтверждён дважды: и на карточке чеко, и поиском;npkkalibr.ru
5626008809;"СПК ""ПТИЦЕФАБРИКА ГАЙСКАЯ""";gayfa.ru;поиск 2-й сессии;подтверждён дважды: и на карточке чеко, и поиском;gayfa.ru
0270012208;"ООО ""ЗАВОД ""СТРОЙМИНЕРАЛ""";tn.ru;поиск 2-й сессии;один источник, вторым не проверен;
5905099475;"ООО ""ЛУКОЙЛ-ПЕРМНЕФТЕОРГСИНТЕЗ""";pnos.lukoil.ru;поиск 2-й сессии;подтверждён дважды: и на карточке чеко, и поиском;pnos.lukoil.ru
5902152547;"ООО ""АКС""";acs.perm.ru;поиск 2-й сессии;подтверждён дважды: и на карточке чеко, и поиском;acs.perm.ru
5904007312;"АО ""ОДК-ПМ""";perm-motors.ru;поиск 2-й сессии;расходится с карточкой чеко: pmz.ru;pmz.ru
5613000880;"АО ""ОРСКИЙ МАШИНОСТРОИТЕЛЬНЫЙ ЗАВОД""";tmk-group.ru;поиск 2-й сессии;подтверждён дважды: и на карточке чеко, и поиском;tmk-group.ru
6658078007;"ЗАО ""ЗАВОД ЭМА""";emauslugi.ru;поиск 2-й сессии;подтверждён дважды: и на карточке чеко, и поиском;emauslugi.ru
3321027747;"АО ""ГЕНЕРИУМ""";generium.ru;поиск 2-й сессии;расходится с карточкой чеко: generiumzao.ru;generiumzao.ru
5410079229;"АО ""ПО ""СЕВЕР""";posever.ru;поиск 2-й сессии;подтверждён дважды: и на карточке чеко, и поиском;posever.ru
4229004316;"ООО ""ТОПКИНСКИЙ ЦЕМЕНТ""";topkinsky.sibcem.ru;поиск 2-й сессии;один источник, вторым не проверен;
3124011000;"АО ""БМК""";parmalat.ru;поиск 2-й сессии;подтверждён дважды: и на карточке чеко, и поиском;parmalat.ru
5911013211;"АО ""МЕАКИР""";meakir.ru;поиск 2-й сессии;подтверждён дважды: и на карточке чеко, и поиском;meakir.ru
7204003683;"АО ""ТЮМЕНСКИИ КХП""";tmnkhp.ru;поиск 2-й сессии;подтверждён дважды: и на карточке чеко, и поиском;tmnkhp.ru
5408156204;"ООО ""ГЕРКУЛЕС-СИБИРЬ""";gerkules.com;поиск 2-й сессии;расходится с карточкой чеко: gerkules.ru;gerkules.ru
6678093250;"ООО ""ЖЕЛЕЗНЫЙ АРГУМЕНТ""";ironargument.com;поиск 2-й сессии;расходится с карточкой чеко: f-argo.ru;f-argo.ru
6439000706;"АО ""ПИВКОМБИНАТ ""БАЛАКОВСКИЙ""";balakovgroupp.ru;поиск 2-й сессии;один источник, вторым не проверен;
5003022562;"ООО ""ИЗВАРИНО ФАРМА""";ildiglip.ru;поиск 2-й сессии;подтверждён дважды: и на карточке чеко, и поиском;ildiglip.ru
3814018958;"ООО ""СГБ""";silex.ru;поиск 2-й сессии;подтверждён дважды: и на карточке чеко, и поиском;silex.ru
7719465590;"ООО ""ВМИК""";bmandc.ru;поиск 2-й сессии;подтверждён дважды: и на карточке чеко, и поиском;bmandc.ru
4253002711;"ООО ""СИБИРЬ-ЭНЕРГО""";sibir-energo.com;поиск 2-й сессии;расходится с карточкой чеко: sibir-energo.ru;sibir-energo.ru
6623049453;"АО ""УКБТМ""";uralfm.ru;поиск 2-й сессии;расходится с карточкой чеко: ukbtm.ru;ukbtm.ru
1650371043;"ООО ""ХАИР""";haieronline.ru;поиск 2-й сессии;один источник, вторым не проверен;
6664002550;"ПАО ""УРАЛЬСКИЙ ЗАВОД РТИ""";uralrti.ru;поиск 2-й сессии;расходится с карточкой чеко: znak-k.net;znak-k.net
8602303769;"ООО ""ТД НОРД БИР""";nordbear.su;поиск 2-й сессии;один источник, вторым не проверен;
5401365544;"ООО ""РЫБНЫЙ ХИТ""";fish-express.ru;поиск 2-й сессии;подтверждён дважды: и на карточке чеко, и поиском;fish-express.ru
6671317254;"ООО ""УЗМК""";uzmk.org;поиск 2-й сессии;один источник, вторым не проверен;
6659059688;"ООО ""ХЛАДОКОМБИНАТ № 3""";xk3.ru;поиск 2-й сессии;расходится с карточкой чеко: xk3.info;xk3.info
3528215377;"ООО ""МЕХАНИК""";mehanik35.ru;поиск 2-й сессии;подтверждён дважды: и на карточке чеко, и поиском;mehanik35.ru
7321316986;"ООО ""ЗАВОД ТЕХНОНИКОЛЬ-УЛЬЯНОВСК""";tn.ru;поиск 2-й сессии;подтверждён дважды: и на карточке чеко, и поиском;tn.ru
6674368458;"ООО ""ДОБРОГОСТ""";dobrogost-mpz.ru;поиск 2-й сессии;подтверждён дважды: и на карточке чеко, и поиском;dobrogost-mpz.ru
7816017139;"АО ""ФОРМИК""";formic.ru;поиск 2-й сессии;подтверждён дважды: и на карточке чеко, и поиском;formic.ru
6671136956;"ООО ""РЕМКОМ-СЕРВИС""";remkom-service.ru;поиск 2-й сессии;подтверждён дважды: и на карточке чеко, и поиском;remkom-service.ru
7842000607;"ООО ""ДЕЛЬФИН ГРУПП""";delfoodgroup.com;поиск 2-й сессии;один источник, вторым не проверен;
6604029211;"ООО ""ПРОМСОРТ-МЕТИЗ""";promsort.ru;поиск 2-й сессии;расходится с карточкой чеко: maxi-group.ru;maxi-group.ru
6670503272;"ООО ""ГРАНДИОС""";grandios.ru;поиск 2-й сессии;подтверждён дважды: и на карточке чеко, и поиском;grandios.ru
7816377614;"ООО ""КГ СТРОЙ СИСТЕМЫ""";danogips.ru;поиск 2-й сессии;подтверждён дважды: и на карточке чеко, и поиском;danogips.ru
7224008030;"АО ""ПТИЦЕФАБРИКА ""БОРОВСКАЯ""";borfab.ru;поиск 2-й сессии;подтверждён дважды: и на карточке чеко, и поиском;borfab.ru
6679100694;"ООО ""ПКФ ""ЭКО-ПРОЦЕССИНГ""";ekoprozess.ru;поиск 2-й сессии;подтверждён дважды: и на карточке чеко, и поиском;ekoprozess.ru
6685084514;"АО ""АГЕНТСТВО ПО РАЗВИТИЮ РЫНКА ПРОДОВОЛЬСТВИЯ""";glavxleb.ru;поиск 2-й сессии;подтверждён дважды: и на карточке чеко, и поиском;glavxleb.ru
7203372409;"ООО ""АБСОЛЮТ-АГРО""";absolutagro.com;поиск 2-й сессии;расходится с карточкой чеко: indiufo.ru;indiufo.ru
6432009756;"ООО ""КОРОЛЬ ДИВАНОВ""";kingsofa.ru;поиск 2-й сессии;подтверждён дважды: и на карточке чеко, и поиском;kingsofa.ru
6662001134;"ОАО ""СКХП""";skhp-ural.ru;поиск 2-й сессии;подтверждён дважды: и на карточке чеко, и поиском;skhp-ural.ru
6681004250;"ООО ""МОЛОЧНАЯ БЛАГОДАТЬ""";oaomb.ru;поиск 2-й сессии;подтверждён дважды: и на карточке чеко, и поиском;oaomb.ru
5506200910;"ООО ""СТРОЙМОНТАЖ-5""";sm-5.ru;поиск 2-й сессии;подтверждён дважды: и на карточке чеко, и поиском;sm-5.ru
6633021880;"ООО ""ТАЛИЦКОЕ МОЛОКО""";talmoloko.ru;поиск 2-й сессии;подтверждён дважды: и на карточке чеко, и поиском;talmoloko.ru
7401000191;"ПАО ""АГРЕГАТ""";agregat-avia.ru;поиск 2-й сессии;подтверждён дважды: и на карточке чеко, и поиском;agregat-avia.ru
6664012780;"ООО ""МЕПОС""";meposgroup.ru;поиск 2-й сессии;подтверждён дважды: и на карточке чеко, и поиском;meposgroup.ru
5406305355;"ООО ""СИБСТЕКЛО""";sibstek.ru;поиск 2-й сессии;подтверждён дважды: и на карточке чеко, и поиском;sibstek.ru
4221011880;"ООО ""СИБЭЛЕКТРО""";sibelectro.com;поиск 2-й сессии;расходится с карточкой чеко: ksht-mining.com;ksht-mining.com
4505200979;"АО ""ВАРГАШИНСКОЕ ДРСП""";drspv.ru;поиск 2-й сессии;подтверждён дважды: и на карточке чеко, и поиском;drspv.ru
5440102612;"ГБУЗ НСО ""ЧЕРЕПАНОВСКАЯ ЦРБ""";chrcrb.mznso.ru;поиск 2-й сессии;подтверждён дважды: и на карточке чеко, и поиском;chrcrb.mznso.ru
1646020116;"АО ""ПОЛИМАТИЗ""";baustill.ru;поиск 2-й сессии;подтверждён дважды: и на карточке чеко, и поиском;baustill.ru
2221239841;"ООО ""РУСПРОМ""";prokompressor.ru;поиск 2-й сессии;подтверждён дважды: и на карточке чеко, и поиском;prokompressor.ru
6382049214;"ООО ""ЗИП""";zip.ru;поиск 2-й сессии;подтверждён дважды: и на карточке чеко, и поиском;zip.ru
6664025331;"АО ""НПФ ""ЮВЭНК""";uvenk.com;поиск 2-й сессии;подтверждён дважды: и на карточке чеко, и поиском;uvenk.com
6672162236;"ООО ""ТПГ ""СОЛИД""";solidgroup.ru;поиск 2-й сессии;подтверждён дважды: и на карточке чеко, и поиском;solidgroup.ru
6661010721;"АО ""НПО ""ИНТРОТЕСТ""";introtest.com;поиск 2-й сессии;подтверждён дважды: и на карточке чеко, и поиском;introtest.com
6633017549;"АО ""БГМЗ""";milky-kit.ru;поиск 2-й сессии;подтверждён дважды: и на карточке чеко, и поиском;milky-kit.ru
1833026870;"ООО ""ИРЗ""";irz.ru;поиск 2-й сессии;подтверждён дважды: и на карточке чеко, и поиском;irz.ru
6652002273;"АО ""КЗФ""";kzf.ru;поиск 2-й сессии;один источник, вторым не проверен;
5903003690;"АО ""ПЕРМСКИЙ МУКОМОЛЬНЫЙ ЗАВОД""";permill.ru;поиск 2-й сессии;подтверждён дважды: и на карточке чеко, и поиском;permill.ru
2463086538;"ООО""ИММЕРТЕХНИК""";immertechnik.ru;поиск 2-й сессии;один источник, вторым не проверен;
6685026960;"ООО ""ПНЕВМОПРОЕКТ""";pnevmoproekt.ru;поиск 2-й сессии;подтверждён дважды: и на карточке чеко, и поиском;pnevmoproekt.ru
5916031750;"ООО ""КАМА""";cbk-kama.com;поиск 2-й сессии;подтверждён дважды: и на карточке чеко, и поиском;cbk-kama.com
3618003426;"ЗАО ""АВС ФАРБЕН""";abcfarben.ru;поиск 2-й сессии;расходится с карточкой чеко: olhkultura.ru;olhkultura.ru
5406244208;"ООО ""ПОЛИМЕРПАК""";polimer-pak.ru;поиск 2-й сессии;подтверждён дважды: и на карточке чеко, и поиском;polimer-pak.ru
7730248021;"ООО ""ИСО""";isoserv.ru;поиск 2-й сессии;подтверждён дважды: и на карточке чеко, и поиском;isoserv.ru
0572032218;"ООО ""КАСПИЙСКИЙ НПЗ""";caspianoilandgas.com;поиск 2-й сессии;один источник, вторым не проверен;
5506202219;"АО ""ЦКБА""";ckba.net;поиск 2-й сессии;один источник, вторым не проверен;
4501083781;"АО ""КУРГАНСКИЕ ПРИЦЕПЫ""";pricep45.ru;поиск 2-й сессии;один источник, вторым не проверен;
6670078934;"АО ""ИПП ""УРАЛЬСКИЙ РАБОЧИЙ""";uralprint.ru;поиск 2-й сессии;подтверждён дважды: и на карточке чеко, и поиском;uralprint.ru
6633028244;"ООО ""СЛК ЦЕМЕНТ""";slk-cement.com;поиск 2-й сессии;подтверждён дважды: и на карточке чеко, и поиском;slk-cement.com
5612030402;"ООО ""ОРЕНБУРГСКИЙ РАДИАТОР""";orenrad.ru;поиск 2-й сессии;один источник, вторым не проверен;
6452046139;"ООО ""ДИКОМП-КЛАССИК""";raduga-bottlers.ru;поиск 2-й сессии;подтверждён дважды: и на карточке чеко, и поиском;raduga-bottlers.ru
5911083593;"ООО ""АВИСМА""";vsmpo.ru;поиск 2-й сессии;один источник, вторым не проверен;
5408106299;"АО ""ИПФ""";ipfn.ru;поиск 2-й сессии;подтверждён дважды: и на карточке чеко, и поиском;ipfn.ru
1646033958;"ООО ""ДРАЙЛОК ТЕКНОЛОДЖИЗ""";drylocktechnologies.com;поиск 2-й сессии;один источник, вторым не проверен;
6672212127;"ООО ""547 МЕХАНИЧЕСКИЙ ЗАВОД""";547zavod.ru;поиск 2-й сессии;подтверждён дважды: и на карточке чеко, и поиском;547zavod.ru
1650331731;"ООО ""ПОЛИХИМ СИСТЕМС""";polychem-systems.ru;поиск 2-й сессии;один источник, вторым не проверен;
6685124044;"ООО ""МЦС""";icert.su;поиск 2-й сессии;один источник, вторым не проверен;
6685100188;"ООО ""ШИНА-СТАНДАРТ""";shina-standart.ru;поиск 2-й сессии;подтверждён дважды: и на карточке чеко, и поиском;shina-standart.ru
6679044016;"ООО ""ЭКОПРОСТ""";eco-prost.ru;поиск 2-й сессии;подтверждён дважды: и на карточке чеко, и поиском;eco-prost.ru
6325000660;"АО ""ТЯЖМАШ""";tyazhmash.com;поиск 2-й сессии;подтверждён дважды: и на карточке чеко, и поиском;tyazhmash.com
6679089063;"ООО ИПК ""ЛАЗУРЬ""";lazurprint.ru;поиск 2-й сессии;расходится с карточкой чеко: books96.ru;books96.ru
7414001724;"АО ""МКХП-СИТНО""";sitno.ru;поиск 2-й сессии;подтверждён дважды: и на карточке чеко, и поиском;sitno.ru
7811438750;"ООО ГК ""ЛИМАН""";liman-group.ru;поиск 2-й сессии;один источник, вторым не проверен;
6659042028;"ЗАО "" РЦЛТ""";uraltechnopark.ru;поиск 2-й сессии;подтверждён дважды: и на карточке чеко, и поиском;uraltechnopark.ru
5261058974;"ООО ""ХАЙДЖИН ТЕКНОЛОДЖИЗ""";drylocktechnologies.com;поиск 2-й сессии;подтверждён дважды: и на карточке чеко, и поиском;drylocktechnologies.com
6685218398;"ООО ""АТЛАС УРАЛ""";atlasural.ru;поиск 2-й сессии;подтверждён дважды: и на карточке чеко, и поиском;atlasural.ru
7203556170;"ООО ""ЭЛЬБРУС ДРИЛЛИНГ""";elbrusdrilling.com;поиск 2-й сессии;подтверждён дважды: и на карточке чеко, и поиском;elbrusdrilling.com
6608002732;"ЕМУП ""ГОРТРАНС""";ekatgortrans.ru;поиск 2-й сессии;расходится с карточкой чеко: ettu.ru;ettu.ru
6673197337;"АО ""УЭТМ""";uetm.ru;поиск 2-й сессии;один источник, вторым не проверен;
5404148844;"ООО ""СИБКОР-Н""";gotovo.shop;поиск 2-й сессии;расходится с карточкой чеко: lu-ka.ru;lu-ka.ru
4715011103;"ООО ""ЛУЗАЛЕС-ТИХВИН""";luzales.ru;поиск 2-й сессии;подтверждён дважды: и на карточке чеко, и поиском;luzales.ru
7813252159;"АО ""ГОЗНАК""";goznak.ru;поиск 2-й сессии;расходится с карточкой чеко: goznakinvest.ru;goznakinvest.ru
7203557826;"ООО ""КЕНЕРА""";kenera.ru;поиск 2-й сессии;один источник, вторым не проверен;
5615002700;"ПАО ""ОРСКНЕФТЕОРГСИНТЕЗ""";ornpz.ru;поиск 2-й сессии;подтверждён дважды: и на карточке чеко, и поиском;ornpz.ru
4501221030;"ООО ""ХЛЕБОКОМБИНАТ №1""";kurganhk1.ru;поиск 2-й сессии;подтверждён дважды: и на карточке чеко, и поиском;kurganhk1.ru
4501169460;"ООО ""РЕМСТРОЙМАШ""";npommz.ru;поиск 2-й сессии;подтверждён дважды: и на карточке чеко, и поиском;npommz.ru
8602242925;"ООО МЯСОКОМБИНАТ ""СУРГУТСКИЙ""";mksurgut.ru;поиск 2-й сессии;подтверждён дважды: и на карточке чеко, и поиском;mksurgut.ru
0276908600;"ООО ""АВЕРС ТЕХНО""";generator-ufa.ru;поиск 2-й сессии;подтверждён дважды: и на карточке чеко, и поиском;generator-ufa.ru
7709787790;"ООО ""ВЕЛЕССТРОЙ""";shome-house.ru;поиск 2-й сессии;подтверждён дважды: и на карточке чеко, и поиском;shome-house.ru
6670274287;"ООО  ""ИНОТЕКС""";inoteks.net;поиск 2-й сессии;подтверждён дважды: и на карточке чеко, и поиском;inoteks.net
6673105167;"ООО ""УДМЗ""";sinaratm.ru;поиск 2-й сессии;подтверждён дважды: и на карточке чеко, и поиском;sinaratm.ru
3906134785;"ООО ""БЕНТЕК""";bentec.com;поиск 2-й сессии;подтверждён дважды: и на карточке чеко, и поиском;bentec.com
5433150823;"АО ""ВЕКТОР-БИАЛЬГАМ""";bialgam.ru;поиск 2-й сессии;подтверждён дважды: и на карточке чеко, и поиском;bialgam.ru
5603035933;"ООО ""РЦСУ""";rcsu.bz;поиск 2-й сессии;подтверждён дважды: и на карточке чеко, и поиском;rcsu.bz
6345012488;"АО ""ГИДРОРЕМОНТ-ВКК""";hvkk.rushydro.ru;поиск 2-й сессии;подтверждён дважды: и на карточке чеко, и поиском;hvkk.rushydro.ru
8603118208;"АО""СНПХ""";snph.biz;поиск 2-й сессии;подтверждён дважды: и на карточке чеко, и поиском;snph.biz
6672305484;"ООО ""ШТОРМ""";shtorm-its.ru;поиск 2-й сессии;подтверждён дважды: и на карточке чеко, и поиском;shtorm-its.ru
1841032147;"ООО ""ТДС""";tds-udm.ru;поиск 2-й сессии;подтверждён дважды: и на карточке чеко, и поиском;tds-udm.ru
7709014944;"АО ""ГАЗПРОМ БЫТОВЫЕ СИСТЕМЫ""";darina.su;поиск 2-й сессии;подтверждён дважды: и на карточке чеко, и поиском;darina.su
6659162847;"ООО ""ХИМЭНЕРГО""";himenergo.ru;поиск 2-й сессии;подтверждён дважды: и на карточке чеко, и поиском;himenergo.ru
1650211040;"ООО ""ПКФ ""АВТОКОМПОНЕНТЫ-ТРЕЙД""";avtokomponenti-treid.pulscen.ru;поиск 2-й сессии;подтверждён дважды: и на карточке чеко, и поиском;avtokomponenti-treid.pulscen.ru
3849070878;"ООО ""НОВЫЙ БЕТОН""";beton-irkutsk.com;поиск 2-й сессии;подтверждён дважды: и на карточке чеко, и поиском;beton-irkutsk.com
4221017793;"ООО ""КАМСС-СЕРВИС""";kamss.ru;поиск 2-й сессии;подтверждён дважды: и на карточке чеко, и поиском;kamss.ru
7811518357;"ООО ""КОМАИР СПБ""";ingersollrandrus.com;поиск 2-й сессии;подтверждён дважды: и на карточке чеко, и поиском;ingersollrandrus.com
6626019584;"ООО ""ЦЕНТР - ОЙЛ""";centr-oil.com;поиск 2-й сессии;подтверждён дважды: и на карточке чеко, и поиском;centr-oil.com
6672267630;"ООО ""ПРОМСЫРЬЕ""";promsyrie.ru;поиск 2-й сессии;расходится с карточкой чеко: infoplastik.ru;infoplastik.ru
7448025642;"АО ""ГК ""РОСМОЛ""";rossmol.ru;поиск 2-й сессии;подтверждён дважды: и на карточке чеко, и поиском;rossmol.ru
6670225868;"ООО ""НПП ""ТСП""";npptsp.ru;поиск 2-й сессии;подтверждён дважды: и на карточке чеко, и поиском;npptsp.ru
3807000276;"МУП ""ВОДОКАНАЛ"" Г.ИРКУТСКА";irkvkx.ru;поиск 2-й сессии;расходится с карточкой чеко: uralmarka.ru;uralmarka.ru
5905011590;"ООО ""ИНТРАСТ""";1ets.ru;поиск 2-й сессии;подтверждён дважды: и на карточке чеко, и поиском;1ets.ru
6669002747;"АО ""СА""";sa-nt.ru;поиск 2-й сессии;подтверждён дважды: и на карточке чеко, и поиском;sa-nt.ru
3810023308;"АО ""ФАРМАСИНТЕЗ""";pharmasyntez.com;поиск 2-й сессии;подтверждён дважды: и на карточке чеко, и поиском;pharmasyntez.com
6150040275;"ООО ""СИНТЕЗ-ДОН""";sintezdon.ru;поиск 2-й сессии;подтверждён дважды: и на карточке чеко, и поиском;sintezdon.ru
7727159340;"ООО ""НОРГАУ РУССЛАНД""";norgau.com;поиск 2-й сессии;расходится с карточкой чеко: tyumen.norgau.com;tyumen.norgau.com
2222849374;"ООО ""НОВОСИБИРСКИЙ МЕЛЬКОМБИНАТ № 1""";zernonmk.com;поиск 2-й сессии;подтверждён дважды: и на карточке чеко, и поиском;zernonmk.com
662104669362;ФОМИНЫХ ЮРИЙ ВЛАДИМИРОВИЧ;dissercat.com;поиск 2-й сессии;один источник, вторым не проверен;
7017156263;"ООО ""ГАЗПРОМ МЕТАНОЛ""";smd-chem.ru;поиск 2-й сессии;подтверждён дважды: и на карточке чеко, и поиском;smd-chem.ru
6671098732;"ООО ""ГОРЫ УРАЛА""";ezhovaya.ural.ski;поиск 2-й сессии;подтверждён дважды: и на карточке чеко, и поиском;ezhovaya.ural.ski
7802762006;"ООО ""ПРОМЫШЛЕННЫЕ СИСТЕМЫ""";promsystem.su;поиск 2-й сессии;подтверждён дважды: и на карточке чеко, и поиском;promsystem.su
3123216598;"ООО ""ФАБРИКА КОМПРЕССОРОВ""";fabrika-kv.ru;поиск 2-й сессии;подтверждён дважды: и на карточке чеко, и поиском;fabrika-kv.ru
